dataset,model,protected_attribute,fairness_metric,audit_tolerance,pass_probability,n_retrainings,mean_violation,sd_violation,median_violation,q05,q95,mean_accuracy,sd_accuracy,mean_auroc,sd_auroc,mean_min_group_n,mean_min_positive_group_n,mean_min_negative_group_n,verdict_instability,audit_agreement
acs_income,hist_gradient_boosting,race,dpd_violation,0.0,0.0,100,0.10711646966968644,0.016245647013749222,0.10583358291953224,0.08122405552823808,0.13639845737587386,0.8095600000000001,0.007059134541243758,0.8902881034406769,0.005774328388784498,1138.78,412.75,726.03,0.0,1.0
acs_income,hist_gradient_boosting,race,dpd_violation,0.01,0.0,100,0.10711646966968644,0.016245647013749222,0.10583358291953224,0.08122405552823808,0.13639845737587386,0.8095600000000001,0.007059134541243758,0.8902881034406769,0.005774328388784498,1138.78,412.75,726.03,0.0,1.0
acs_income,hist_gradient_boosting,race,dpd_violation,0.02,0.0,100,0.10711646966968644,0.016245647013749222,0.10583358291953224,0.08122405552823808,0.13639845737587386,0.8095600000000001,0.007059134541243758,0.8902881034406769,0.005774328388784498,1138.78,412.75,726.03,0.0,1.0
acs_income,hist_gradient_boosting,race,dpd_violation,0.03,0.0,100,0.10711646966968644,0.016245647013749222,0.10583358291953224,0.08122405552823808,0.13639845737587386,0.8095600000000001,0.007059134541243758,0.8902881034406769,0.005774328388784498,1138.78,412.75,726.03,0.0,1.0
acs_income,hist_gradient_boosting,race,dpd_violation,0.04,0.0,100,0.10711646966968644,0.016245647013749222,0.10583358291953224,0.08122405552823808,0.13639845737587386,0.8095600000000001,0.007059134541243758,0.8902881034406769,0.005774328388784498,1138.78,412.75,726.03,0.0,1.0
acs_income,hist_gradient_boosting,race,dpd_violation,0.05,0.0,100,0.10711646966968644,0.016245647013749222,0.10583358291953224,0.08122405552823808,0.13639845737587386,0.8095600000000001,0.007059134541243758,0.8902881034406769,0.005774328388784498,1138.78,412.75,726.03,0.0,1.0
acs_income,hist_gradient_boosting,race,dpd_violation,0.06,0.0,100,0.10711646966968644,0.016245647013749222,0.10583358291953224,0.08122405552823808,0.13639845737587386,0.8095600000000001,0.007059134541243758,0.8902881034406769,0.005774328388784498,1138.78,412.75,726.03,0.0,1.0
acs_income,hist_gradient_boosting,race,dpd_violation,0.07,0.01,100,0.10711646966968644,0.016245647013749222,0.10583358291953224,0.08122405552823808,0.13639845737587386,0.8095600000000001,0.007059134541243758,0.8902881034406769,0.005774328388784498,1138.78,412.75,726.03,0.0198,0.9802
acs_income,hist_gradient_boosting,race,dpd_violation,0.08,0.04,100,0.10711646966968644,0.016245647013749222,0.10583358291953224,0.08122405552823808,0.13639845737587386,0.8095600000000001,0.007059134541243758,0.8902881034406769,0.005774328388784498,1138.78,412.75,726.03,0.0768,0.9232
acs_income,hist_gradient_boosting,race,dpd_violation,0.09,0.11,100,0.10711646966968644,0.016245647013749222,0.10583358291953224,0.08122405552823808,0.13639845737587386,0.8095600000000001,0.007059134541243758,0.8902881034406769,0.005774328388784498,1138.78,412.75,726.03,0.1958,0.8042
acs_income,hist_gradient_boosting,race,dpd_violation,0.1,0.35,100,0.10711646966968644,0.016245647013749222,0.10583358291953224,0.08122405552823808,0.13639845737587386,0.8095600000000001,0.007059134541243758,0.8902881034406769,0.005774328388784498,1138.78,412.75,726.03,0.45499999999999996,0.545
acs_income,hist_gradient_boosting,race,dpd_violation,0.11,0.61,100,0.10711646966968644,0.016245647013749222,0.10583358291953224,0.08122405552823808,0.13639845737587386,0.8095600000000001,0.007059134541243758,0.8902881034406769,0.005774328388784498,1138.78,412.75,726.03,0.4758,0.5242
acs_income,hist_gradient_boosting,race,dpd_violation,0.12,0.79,100,0.10711646966968644,0.016245647013749222,0.10583358291953224,0.08122405552823808,0.13639845737587386,0.8095600000000001,0.007059134541243758,0.8902881034406769,0.005774328388784498,1138.78,412.75,726.03,0.3318,0.6682
acs_income,hist_gradient_boosting,race,dpd_violation,0.13,0.92,100,0.10711646966968644,0.016245647013749222,0.10583358291953224,0.08122405552823808,0.13639845737587386,0.8095600000000001,0.007059134541243758,0.8902881034406769,0.005774328388784498,1138.78,412.75,726.03,0.14719999999999994,0.8528
acs_income,hist_gradient_boosting,race,dpd_violation,0.14,0.96,100,0.10711646966968644,0.016245647013749222,0.10583358291953224,0.08122405552823808,0.13639845737587386,0.8095600000000001,0.007059134541243758,0.8902881034406769,0.005774328388784498,1138.78,412.75,726.03,0.07680000000000006,0.9231999999999999
acs_income,hist_gradient_boosting,race,dpd_violation,0.15,0.99,100,0.10711646966968644,0.016245647013749222,0.10583358291953224,0.08122405552823808,0.13639845737587386,0.8095600000000001,0.007059134541243758,0.8902881034406769,0.005774328388784498,1138.78,412.75,726.03,0.01980000000000002,0.9802
acs_income,hist_gradient_boosting,race,dpd_violation,0.16,1.0,100,0.10711646966968644,0.016245647013749222,0.10583358291953224,0.08122405552823808,0.13639845737587386,0.8095600000000001,0.007059134541243758,0.8902881034406769,0.005774328388784498,1138.78,412.75,726.03,0.0,1.0
acs_income,hist_gradient_boosting,race,dpd_violation,0.17,1.0,100,0.10711646966968644,0.016245647013749222,0.10583358291953224,0.08122405552823808,0.13639845737587386,0.8095600000000001,0.007059134541243758,0.8902881034406769,0.005774328388784498,1138.78,412.75,726.03,0.0,1.0
acs_income,hist_gradient_boosting,race,dpd_violation,0.18,1.0,100,0.10711646966968644,0.016245647013749222,0.10583358291953224,0.08122405552823808,0.13639845737587386,0.8095600000000001,0.007059134541243758,0.8902881034406769,0.005774328388784498,1138.78,412.75,726.03,0.0,1.0
acs_income,hist_gradient_boosting,race,dpd_violation,0.19,1.0,100,0.10711646966968644,0.016245647013749222,0.10583358291953224,0.08122405552823808,0.13639845737587386,0.8095600000000001,0.007059134541243758,0.8902881034406769,0.005774328388784498,1138.78,412.75,726.03,0.0,1.0
acs_income,hist_gradient_boosting,race,dpd_violation,0.2,1.0,100,0.10711646966968644,0.016245647013749222,0.10583358291953224,0.08122405552823808,0.13639845737587386,0.8095600000000001,0.007059134541243758,0.8902881034406769,0.005774328388784498,1138.78,412.75,726.03,0.0,1.0
acs_income,hist_gradient_boosting,race,dpd_violation,0.21,1.0,100,0.10711646966968644,0.016245647013749222,0.10583358291953224,0.08122405552823808,0.13639845737587386,0.8095600000000001,0.007059134541243758,0.8902881034406769,0.005774328388784498,1138.78,412.75,726.03,0.0,1.0
acs_income,hist_gradient_boosting,race,dpd_violation,0.22,1.0,100,0.10711646966968644,0.016245647013749222,0.10583358291953224,0.08122405552823808,0.13639845737587386,0.8095600000000001,0.007059134541243758,0.8902881034406769,0.005774328388784498,1138.78,412.75,726.03,0.0,1.0
acs_income,hist_gradient_boosting,race,dpd_violation,0.23,1.0,100,0.10711646966968644,0.016245647013749222,0.10583358291953224,0.08122405552823808,0.13639845737587386,0.8095600000000001,0.007059134541243758,0.8902881034406769,0.005774328388784498,1138.78,412.75,726.03,0.0,1.0
acs_income,hist_gradient_boosting,race,dpd_violation,0.24,1.0,100,0.10711646966968644,0.016245647013749222,0.10583358291953224,0.08122405552823808,0.13639845737587386,0.8095600000000001,0.007059134541243758,0.8902881034406769,0.005774328388784498,1138.78,412.75,726.03,0.0,1.0
acs_income,hist_gradient_boosting,race,dpd_violation,0.25,1.0,100,0.10711646966968644,0.016245647013749222,0.10583358291953224,0.08122405552823808,0.13639845737587386,0.8095600000000001,0.007059134541243758,0.8902881034406769,0.005774328388784498,1138.78,412.75,726.03,0.0,1.0
acs_income,hist_gradient_boosting,race,dpd_violation,0.26,1.0,100,0.10711646966968644,0.016245647013749222,0.10583358291953224,0.08122405552823808,0.13639845737587386,0.8095600000000001,0.007059134541243758,0.8902881034406769,0.005774328388784498,1138.78,412.75,726.03,0.0,1.0
acs_income,hist_gradient_boosting,race,dpd_violation,0.27,1.0,100,0.10711646966968644,0.016245647013749222,0.10583358291953224,0.08122405552823808,0.13639845737587386,0.8095600000000001,0.007059134541243758,0.8902881034406769,0.005774328388784498,1138.78,412.75,726.03,0.0,1.0
acs_income,hist_gradient_boosting,race,dpd_violation,0.28,1.0,100,0.10711646966968644,0.016245647013749222,0.10583358291953224,0.08122405552823808,0.13639845737587386,0.8095600000000001,0.007059134541243758,0.8902881034406769,0.005774328388784498,1138.78,412.75,726.03,0.0,1.0
acs_income,hist_gradient_boosting,race,dpd_violation,0.29,1.0,100,0.10711646966968644,0.016245647013749222,0.10583358291953224,0.08122405552823808,0.13639845737587386,0.8095600000000001,0.007059134541243758,0.8902881034406769,0.005774328388784498,1138.78,412.75,726.03,0.0,1.0
acs_income,hist_gradient_boosting,race,dpd_violation,0.3,1.0,100,0.10711646966968644,0.016245647013749222,0.10583358291953224,0.08122405552823808,0.13639845737587386,0.8095600000000001,0.007059134541243758,0.8902881034406769,0.005774328388784498,1138.78,412.75,726.03,0.0,1.0
acs_income,hist_gradient_boosting,race,dpr_violation,0.0,0.0,100,0.23721971095264974,0.032868822899374116,0.2350548378376917,0.18601358980125396,0.29449892021339263,0.8095600000000001,0.007059134541243758,0.8902881034406769,0.005774328388784498,1138.78,412.75,726.03,0.0,1.0
acs_income,hist_gradient_boosting,race,dpr_violation,0.010000000000000009,0.0,100,0.23721971095264974,0.032868822899374116,0.2350548378376917,0.18601358980125396,0.29449892021339263,0.8095600000000001,0.007059134541243758,0.8902881034406769,0.005774328388784498,1138.78,412.75,726.03,0.0,1.0
acs_income,hist_gradient_boosting,race,dpr_violation,0.020000000000000018,0.0,100,0.23721971095264974,0.032868822899374116,0.2350548378376917,0.18601358980125396,0.29449892021339263,0.8095600000000001,0.007059134541243758,0.8902881034406769,0.005774328388784498,1138.78,412.75,726.03,0.0,1.0
acs_income,hist_gradient_boosting,race,dpr_violation,0.030000000000000027,0.0,100,0.23721971095264974,0.032868822899374116,0.2350548378376917,0.18601358980125396,0.29449892021339263,0.8095600000000001,0.007059134541243758,0.8902881034406769,0.005774328388784498,1138.78,412.75,726.03,0.0,1.0
acs_income,hist_gradient_boosting,race,dpr_violation,0.040000000000000036,0.0,100,0.23721971095264974,0.032868822899374116,0.2350548378376917,0.18601358980125396,0.29449892021339263,0.8095600000000001,0.007059134541243758,0.8902881034406769,0.005774328388784498,1138.78,412.75,726.03,0.0,1.0
acs_income,hist_gradient_boosting,race,dpr_violation,0.050000000000000044,0.0,100,0.23721971095264974,0.032868822899374116,0.2350548378376917,0.18601358980125396,0.29449892021339263,0.8095600000000001,0.007059134541243758,0.8902881034406769,0.005774328388784498,1138.78,412.75,726.03,0.0,1.0
acs_income,hist_gradient_boosting,race,dpr_violation,0.06000000000000005,0.0,100,0.23721971095264974,0.032868822899374116,0.2350548378376917,0.18601358980125396,0.29449892021339263,0.8095600000000001,0.007059134541243758,0.8902881034406769,0.005774328388784498,1138.78,412.75,726.03,0.0,1.0
acs_income,hist_gradient_boosting,race,dpr_violation,0.06999999999999995,0.0,100,0.23721971095264974,0.032868822899374116,0.2350548378376917,0.18601358980125396,0.29449892021339263,0.8095600000000001,0.007059134541243758,0.8902881034406769,0.005774328388784498,1138.78,412.75,726.03,0.0,1.0
acs_income,hist_gradient_boosting,race,dpr_violation,0.07999999999999996,0.0,100,0.23721971095264974,0.032868822899374116,0.2350548378376917,0.18601358980125396,0.29449892021339263,0.8095600000000001,0.007059134541243758,0.8902881034406769,0.005774328388784498,1138.78,412.75,726.03,0.0,1.0
acs_income,hist_gradient_boosting,race,dpr_violation,0.08999999999999997,0.0,100,0.23721971095264974,0.032868822899374116,0.2350548378376917,0.18601358980125396,0.29449892021339263,0.8095600000000001,0.007059134541243758,0.8902881034406769,0.005774328388784498,1138.78,412.75,726.03,0.0,1.0
acs_income,hist_gradient_boosting,race,dpr_violation,0.09999999999999998,0.0,100,0.23721971095264974,0.032868822899374116,0.2350548378376917,0.18601358980125396,0.29449892021339263,0.8095600000000001,0.007059134541243758,0.8902881034406769,0.005774328388784498,1138.78,412.75,726.03,0.0,1.0
acs_income,hist_gradient_boosting,race,dpr_violation,0.10999999999999999,0.0,100,0.23721971095264974,0.032868822899374116,0.2350548378376917,0.18601358980125396,0.29449892021339263,0.8095600000000001,0.007059134541243758,0.8902881034406769,0.005774328388784498,1138.78,412.75,726.03,0.0,1.0
acs_income,hist_gradient_boosting,race,dpr_violation,0.12,0.0,100,0.23721971095264974,0.032868822899374116,0.2350548378376917,0.18601358980125396,0.29449892021339263,0.8095600000000001,0.007059134541243758,0.8902881034406769,0.005774328388784498,1138.78,412.75,726.03,0.0,1.0
acs_income,hist_gradient_boosting,race,dpr_violation,0.13,0.0,100,0.23721971095264974,0.032868822899374116,0.2350548378376917,0.18601358980125396,0.29449892021339263,0.8095600000000001,0.007059134541243758,0.8902881034406769,0.005774328388784498,1138.78,412.75,726.03,0.0,1.0
acs_income,hist_gradient_boosting,race,dpr_violation,0.14,0.0,100,0.23721971095264974,0.032868822899374116,0.2350548378376917,0.18601358980125396,0.29449892021339263,0.8095600000000001,0.007059134541243758,0.8902881034406769,0.005774328388784498,1138.78,412.75,726.03,0.0,1.0
acs_income,hist_gradient_boosting,race,dpr_violation,0.15000000000000002,0.01,100,0.23721971095264974,0.032868822899374116,0.2350548378376917,0.18601358980125396,0.29449892021339263,0.8095600000000001,0.007059134541243758,0.8902881034406769,0.005774328388784498,1138.78,412.75,726.03,0.0198,0.9802
acs_income,hist_gradient_boosting,race,dpr_violation,0.16000000000000003,0.01,100,0.23721971095264974,0.032868822899374116,0.2350548378376917,0.18601358980125396,0.29449892021339263,0.8095600000000001,0.007059134541243758,0.8902881034406769,0.005774328388784498,1138.78,412.75,726.03,0.0198,0.9802
acs_income,hist_gradient_boosting,race,dpr_violation,0.17000000000000004,0.03,100,0.23721971095264974,0.032868822899374116,0.2350548378376917,0.18601358980125396,0.29449892021339263,0.8095600000000001,0.007059134541243758,0.8902881034406769,0.005774328388784498,1138.78,412.75,726.03,0.058199999999999995,0.9418
acs_income,hist_gradient_boosting,race,dpr_violation,0.18000000000000005,0.03,100,0.23721971095264974,0.032868822899374116,0.2350548378376917,0.18601358980125396,0.29449892021339263,0.8095600000000001,0.007059134541243758,0.8902881034406769,0.005774328388784498,1138.78,412.75,726.03,0.058199999999999995,0.9418
acs_income,hist_gradient_boosting,race,dpr_violation,0.18999999999999995,0.07,100,0.23721971095264974,0.032868822899374116,0.2350548378376917,0.18601358980125396,0.29449892021339263,0.8095600000000001,0.007059134541243758,0.8902881034406769,0.005774328388784498,1138.78,412.75,726.03,0.1302,0.8698
acs_income,hist_gradient_boosting,race,dpr_violation,0.19999999999999996,0.09,100,0.23721971095264974,0.032868822899374116,0.2350548378376917,0.18601358980125396,0.29449892021339263,0.8095600000000001,0.007059134541243758,0.8902881034406769,0.005774328388784498,1138.78,412.75,726.03,0.1638,0.8362
acs_income,hist_gradient_boosting,race,dpr_violation,0.20999999999999996,0.18,100,0.23721971095264974,0.032868822899374116,0.2350548378376917,0.18601358980125396,0.29449892021339263,0.8095600000000001,0.007059134541243758,0.8902881034406769,0.005774328388784498,1138.78,412.75,726.03,0.2952,0.7048
acs_income,hist_gradient_boosting,race,dpr_violation,0.21999999999999997,0.31,100,0.23721971095264974,0.032868822899374116,0.2350548378376917,0.18601358980125396,0.29449892021339263,0.8095600000000001,0.007059134541243758,0.8902881034406769,0.005774328388784498,1138.78,412.75,726.03,0.42779999999999996,0.5722
acs_income,hist_gradient_boosting,race,dpr_violation,0.22999999999999998,0.47,100,0.23721971095264974,0.032868822899374116,0.2350548378376917,0.18601358980125396,0.29449892021339263,0.8095600000000001,0.007059134541243758,0.8902881034406769,0.005774328388784498,1138.78,412.75,726.03,0.4982,0.5018
acs_income,hist_gradient_boosting,race,dpr_violation,0.24,0.53,100,0.23721971095264974,0.032868822899374116,0.2350548378376917,0.18601358980125396,0.29449892021339263,0.8095600000000001,0.007059134541243758,0.8902881034406769,0.005774328388784498,1138.78,412.75,726.03,0.4982,0.5018
acs_income,hist_gradient_boosting,race,dpr_violation,0.25,0.66,100,0.23721971095264974,0.032868822899374116,0.2350548378376917,0.18601358980125396,0.29449892021339263,0.8095600000000001,0.007059134541243758,0.8902881034406769,0.005774328388784498,1138.78,412.75,726.03,0.4488,0.5512
acs_income,hist_gradient_boosting,race,dpr_violation,0.26,0.78,100,0.23721971095264974,0.032868822899374116,0.2350548378376917,0.18601358980125396,0.29449892021339263,0.8095600000000001,0.007059134541243758,0.8902881034406769,0.005774328388784498,1138.78,412.75,726.03,0.34319999999999995,0.6568
acs_income,hist_gradient_boosting,race,dpr_violation,0.27,0.82,100,0.23721971095264974,0.032868822899374116,0.2350548378376917,0.18601358980125396,0.29449892021339263,0.8095600000000001,0.007059134541243758,0.8902881034406769,0.005774328388784498,1138.78,412.75,726.03,0.2952000000000001,0.7047999999999999
acs_income,hist_gradient_boosting,race,dpr_violation,0.28,0.91,100,0.23721971095264974,0.032868822899374116,0.2350548378376917,0.18601358980125396,0.29449892021339263,0.8095600000000001,0.007059134541243758,0.8902881034406769,0.005774328388784498,1138.78,412.75,726.03,0.16379999999999995,0.8362
acs_income,hist_gradient_boosting,race,dpr_violation,0.29000000000000004,0.92,100,0.23721971095264974,0.032868822899374116,0.2350548378376917,0.18601358980125396,0.29449892021339263,0.8095600000000001,0.007059134541243758,0.8902881034406769,0.005774328388784498,1138.78,412.75,726.03,0.14719999999999994,0.8528
acs_income,hist_gradient_boosting,race,dpr_violation,0.30000000000000004,0.96,100,0.23721971095264974,0.032868822899374116,0.2350548378376917,0.18601358980125396,0.29449892021339263,0.8095600000000001,0.007059134541243758,0.8902881034406769,0.005774328388784498,1138.78,412.75,726.03,0.07680000000000006,0.9231999999999999
acs_income,hist_gradient_boosting,race,dpr_violation,0.31000000000000005,0.99,100,0.23721971095264974,0.032868822899374116,0.2350548378376917,0.18601358980125396,0.29449892021339263,0.8095600000000001,0.007059134541243758,0.8902881034406769,0.005774328388784498,1138.78,412.75,726.03,0.01980000000000002,0.9802
acs_income,hist_gradient_boosting,race,dpr_violation,0.31999999999999995,0.99,100,0.23721971095264974,0.032868822899374116,0.2350548378376917,0.18601358980125396,0.29449892021339263,0.8095600000000001,0.007059134541243758,0.8902881034406769,0.005774328388784498,1138.78,412.75,726.03,0.01980000000000002,0.9802
acs_income,hist_gradient_boosting,race,dpr_violation,0.32999999999999996,1.0,100,0.23721971095264974,0.032868822899374116,0.2350548378376917,0.18601358980125396,0.29449892021339263,0.8095600000000001,0.007059134541243758,0.8902881034406769,0.005774328388784498,1138.78,412.75,726.03,0.0,1.0
acs_income,hist_gradient_boosting,race,dpr_violation,0.33999999999999997,1.0,100,0.23721971095264974,0.032868822899374116,0.2350548378376917,0.18601358980125396,0.29449892021339263,0.8095600000000001,0.007059134541243758,0.8902881034406769,0.005774328388784498,1138.78,412.75,726.03,0.0,1.0
acs_income,hist_gradient_boosting,race,dpr_violation,0.35,1.0,100,0.23721971095264974,0.032868822899374116,0.2350548378376917,0.18601358980125396,0.29449892021339263,0.8095600000000001,0.007059134541243758,0.8902881034406769,0.005774328388784498,1138.78,412.75,726.03,0.0,1.0
acs_income,hist_gradient_boosting,race,dpr_violation,0.36,1.0,100,0.23721971095264974,0.032868822899374116,0.2350548378376917,0.18601358980125396,0.29449892021339263,0.8095600000000001,0.007059134541243758,0.8902881034406769,0.005774328388784498,1138.78,412.75,726.03,0.0,1.0
acs_income,hist_gradient_boosting,race,dpr_violation,0.37,1.0,100,0.23721971095264974,0.032868822899374116,0.2350548378376917,0.18601358980125396,0.29449892021339263,0.8095600000000001,0.007059134541243758,0.8902881034406769,0.005774328388784498,1138.78,412.75,726.03,0.0,1.0
acs_income,hist_gradient_boosting,race,dpr_violation,0.38,1.0,100,0.23721971095264974,0.032868822899374116,0.2350548378376917,0.18601358980125396,0.29449892021339263,0.8095600000000001,0.007059134541243758,0.8902881034406769,0.005774328388784498,1138.78,412.75,726.03,0.0,1.0
acs_income,hist_gradient_boosting,race,dpr_violation,0.39,1.0,100,0.23721971095264974,0.032868822899374116,0.2350548378376917,0.18601358980125396,0.29449892021339263,0.8095600000000001,0.007059134541243758,0.8902881034406769,0.005774328388784498,1138.78,412.75,726.03,0.0,1.0
acs_income,hist_gradient_boosting,race,dpr_violation,0.4,1.0,100,0.23721971095264974,0.032868822899374116,0.2350548378376917,0.18601358980125396,0.29449892021339263,0.8095600000000001,0.007059134541243758,0.8902881034406769,0.005774328388784498,1138.78,412.75,726.03,0.0,1.0
acs_income,hist_gradient_boosting,race,eod_violation,0.0,0.0,100,0.08077649150186277,0.027920068261456876,0.07991328767906025,0.040347252204262676,0.12342699117947802,0.8095600000000001,0.007059134541243758,0.8902881034406769,0.005774328388784498,1138.78,412.75,726.03,0.0,1.0
acs_income,hist_gradient_boosting,race,eod_violation,0.01,0.01,100,0.08077649150186277,0.027920068261456876,0.07991328767906025,0.040347252204262676,0.12342699117947802,0.8095600000000001,0.007059134541243758,0.8902881034406769,0.005774328388784498,1138.78,412.75,726.03,0.0198,0.9802
acs_income,hist_gradient_boosting,race,eod_violation,0.02,0.03,100,0.08077649150186277,0.027920068261456876,0.07991328767906025,0.040347252204262676,0.12342699117947802,0.8095600000000001,0.007059134541243758,0.8902881034406769,0.005774328388784498,1138.78,412.75,726.03,0.058199999999999995,0.9418
acs_income,hist_gradient_boosting,race,eod_violation,0.03,0.03,100,0.08077649150186277,0.027920068261456876,0.07991328767906025,0.040347252204262676,0.12342699117947802,0.8095600000000001,0.007059134541243758,0.8902881034406769,0.005774328388784498,1138.78,412.75,726.03,0.058199999999999995,0.9418
acs_income,hist_gradient_boosting,race,eod_violation,0.04,0.05,100,0.08077649150186277,0.027920068261456876,0.07991328767906025,0.040347252204262676,0.12342699117947802,0.8095600000000001,0.007059134541243758,0.8902881034406769,0.005774328388784498,1138.78,412.75,726.03,0.095,0.905
acs_income,hist_gradient_boosting,race,eod_violation,0.05,0.16,100,0.08077649150186277,0.027920068261456876,0.07991328767906025,0.040347252204262676,0.12342699117947802,0.8095600000000001,0.007059134541243758,0.8902881034406769,0.005774328388784498,1138.78,412.75,726.03,0.2688,0.7312000000000001
acs_income,hist_gradient_boosting,race,eod_violation,0.06,0.21,100,0.08077649150186277,0.027920068261456876,0.07991328767906025,0.040347252204262676,0.12342699117947802,0.8095600000000001,0.007059134541243758,0.8902881034406769,0.005774328388784498,1138.78,412.75,726.03,0.3318,0.6682
acs_income,hist_gradient_boosting,race,eod_violation,0.07,0.33,100,0.08077649150186277,0.027920068261456876,0.07991328767906025,0.040347252204262676,0.12342699117947802,0.8095600000000001,0.007059134541243758,0.8902881034406769,0.005774328388784498,1138.78,412.75,726.03,0.4422,0.5578000000000001
acs_income,hist_gradient_boosting,race,eod_violation,0.08,0.5,100,0.08077649150186277,0.027920068261456876,0.07991328767906025,0.040347252204262676,0.12342699117947802,0.8095600000000001,0.007059134541243758,0.8902881034406769,0.005774328388784498,1138.78,412.75,726.03,0.5,0.5
acs_income,hist_gradient_boosting,race,eod_violation,0.09,0.59,100,0.08077649150186277,0.027920068261456876,0.07991328767906025,0.040347252204262676,0.12342699117947802,0.8095600000000001,0.007059134541243758,0.8902881034406769,0.005774328388784498,1138.78,412.75,726.03,0.4838,0.5162
acs_income,hist_gradient_boosting,race,eod_violation,0.1,0.75,100,0.08077649150186277,0.027920068261456876,0.07991328767906025,0.040347252204262676,0.12342699117947802,0.8095600000000001,0.007059134541243758,0.8902881034406769,0.005774328388784498,1138.78,412.75,726.03,0.375,0.625
acs_income,hist_gradient_boosting,race,eod_violation,0.11,0.85,100,0.08077649150186277,0.027920068261456876,0.07991328767906025,0.040347252204262676,0.12342699117947802,0.8095600000000001,0.007059134541243758,0.8902881034406769,0.005774328388784498,1138.78,412.75,726.03,0.255,0.745
acs_income,hist_gradient_boosting,race,eod_violation,0.12,0.92,100,0.08077649150186277,0.027920068261456876,0.07991328767906025,0.040347252204262676,0.12342699117947802,0.8095600000000001,0.007059134541243758,0.8902881034406769,0.005774328388784498,1138.78,412.75,726.03,0.14719999999999994,0.8528
acs_income,hist_gradient_boosting,race,eod_violation,0.13,0.98,100,0.08077649150186277,0.027920068261456876,0.07991328767906025,0.040347252204262676,0.12342699117947802,0.8095600000000001,0.007059134541243758,0.8902881034406769,0.005774328388784498,1138.78,412.75,726.03,0.03920000000000003,0.9608
acs_income,hist_gradient_boosting,race,eod_violation,0.14,0.99,100,0.08077649150186277,0.027920068261456876,0.07991328767906025,0.040347252204262676,0.12342699117947802,0.8095600000000001,0.007059134541243758,0.8902881034406769,0.005774328388784498,1138.78,412.75,726.03,0.01980000000000002,0.9802
acs_income,hist_gradient_boosting,race,eod_violation,0.15,1.0,100,0.08077649150186277,0.027920068261456876,0.07991328767906025,0.040347252204262676,0.12342699117947802,0.8095600000000001,0.007059134541243758,0.8902881034406769,0.005774328388784498,1138.78,412.75,726.03,0.0,1.0
acs_income,hist_gradient_boosting,race,eod_violation,0.16,1.0,100,0.08077649150186277,0.027920068261456876,0.07991328767906025,0.040347252204262676,0.12342699117947802,0.8095600000000001,0.007059134541243758,0.8902881034406769,0.005774328388784498,1138.78,412.75,726.03,0.0,1.0
acs_income,hist_gradient_boosting,race,eod_violation,0.17,1.0,100,0.08077649150186277,0.027920068261456876,0.07991328767906025,0.040347252204262676,0.12342699117947802,0.8095600000000001,0.007059134541243758,0.8902881034406769,0.005774328388784498,1138.78,412.75,726.03,0.0,1.0
acs_income,hist_gradient_boosting,race,eod_violation,0.18,1.0,100,0.08077649150186277,0.027920068261456876,0.07991328767906025,0.040347252204262676,0.12342699117947802,0.8095600000000001,0.007059134541243758,0.8902881034406769,0.005774328388784498,1138.78,412.75,726.03,0.0,1.0
acs_income,hist_gradient_boosting,race,eod_violation,0.19,1.0,100,0.08077649150186277,0.027920068261456876,0.07991328767906025,0.040347252204262676,0.12342699117947802,0.8095600000000001,0.007059134541243758,0.8902881034406769,0.005774328388784498,1138.78,412.75,726.03,0.0,1.0
acs_income,hist_gradient_boosting,race,eod_violation,0.2,1.0,100,0.08077649150186277,0.027920068261456876,0.07991328767906025,0.040347252204262676,0.12342699117947802,0.8095600000000001,0.007059134541243758,0.8902881034406769,0.005774328388784498,1138.78,412.75,726.03,0.0,1.0
acs_income,hist_gradient_boosting,race,eod_violation,0.21,1.0,100,0.08077649150186277,0.027920068261456876,0.07991328767906025,0.040347252204262676,0.12342699117947802,0.8095600000000001,0.007059134541243758,0.8902881034406769,0.005774328388784498,1138.78,412.75,726.03,0.0,1.0
acs_income,hist_gradient_boosting,race,eod_violation,0.22,1.0,100,0.08077649150186277,0.027920068261456876,0.07991328767906025,0.040347252204262676,0.12342699117947802,0.8095600000000001,0.007059134541243758,0.8902881034406769,0.005774328388784498,1138.78,412.75,726.03,0.0,1.0
acs_income,hist_gradient_boosting,race,eod_violation,0.23,1.0,100,0.08077649150186277,0.027920068261456876,0.07991328767906025,0.040347252204262676,0.12342699117947802,0.8095600000000001,0.007059134541243758,0.8902881034406769,0.005774328388784498,1138.78,412.75,726.03,0.0,1.0
acs_income,hist_gradient_boosting,race,eod_violation,0.24,1.0,100,0.08077649150186277,0.027920068261456876,0.07991328767906025,0.040347252204262676,0.12342699117947802,0.8095600000000001,0.007059134541243758,0.8902881034406769,0.005774328388784498,1138.78,412.75,726.03,0.0,1.0
acs_income,hist_gradient_boosting,race,eod_violation,0.25,1.0,100,0.08077649150186277,0.027920068261456876,0.07991328767906025,0.040347252204262676,0.12342699117947802,0.8095600000000001,0.007059134541243758,0.8902881034406769,0.005774328388784498,1138.78,412.75,726.03,0.0,1.0
acs_income,hist_gradient_boosting,race,eod_violation,0.26,1.0,100,0.08077649150186277,0.027920068261456876,0.07991328767906025,0.040347252204262676,0.12342699117947802,0.8095600000000001,0.007059134541243758,0.8902881034406769,0.005774328388784498,1138.78,412.75,726.03,0.0,1.0
acs_income,hist_gradient_boosting,race,eod_violation,0.27,1.0,100,0.08077649150186277,0.027920068261456876,0.07991328767906025,0.040347252204262676,0.12342699117947802,0.8095600000000001,0.007059134541243758,0.8902881034406769,0.005774328388784498,1138.78,412.75,726.03,0.0,1.0
acs_income,hist_gradient_boosting,race,eod_violation,0.28,1.0,100,0.08077649150186277,0.027920068261456876,0.07991328767906025,0.040347252204262676,0.12342699117947802,0.8095600000000001,0.007059134541243758,0.8902881034406769,0.005774328388784498,1138.78,412.75,726.03,0.0,1.0
acs_income,hist_gradient_boosting,race,eod_violation,0.29,1.0,100,0.08077649150186277,0.027920068261456876,0.07991328767906025,0.040347252204262676,0.12342699117947802,0.8095600000000001,0.007059134541243758,0.8902881034406769,0.005774328388784498,1138.78,412.75,726.03,0.0,1.0
acs_income,hist_gradient_boosting,race,eod_violation,0.3,1.0,100,0.08077649150186277,0.027920068261456876,0.07991328767906025,0.040347252204262676,0.12342699117947802,0.8095600000000001,0.007059134541243758,0.8902881034406769,0.005774328388784498,1138.78,412.75,726.03,0.0,1.0
acs_income,hist_gradient_boosting,race,equalized_odds_violation,0.0,0.0,100,0.08342764195526726,0.0244189910112536,0.0810634435501281,0.0423754702413641,0.12342699117947802,0.8095600000000001,0.007059134541243758,0.8902881034406769,0.005774328388784498,1138.78,412.75,726.03,0.0,1.0
acs_income,hist_gradient_boosting,race,equalized_odds_violation,0.01,0.0,100,0.08342764195526726,0.0244189910112536,0.0810634435501281,0.0423754702413641,0.12342699117947802,0.8095600000000001,0.007059134541243758,0.8902881034406769,0.005774328388784498,1138.78,412.75,726.03,0.0,1.0
acs_income,hist_gradient_boosting,race,equalized_odds_violation,0.02,0.0,100,0.08342764195526726,0.0244189910112536,0.0810634435501281,0.0423754702413641,0.12342699117947802,0.8095600000000001,0.007059134541243758,0.8902881034406769,0.005774328388784498,1138.78,412.75,726.03,0.0,1.0
acs_income,hist_gradient_boosting,race,equalized_odds_violation,0.03,0.0,100,0.08342764195526726,0.0244189910112536,0.0810634435501281,0.0423754702413641,0.12342699117947802,0.8095600000000001,0.007059134541243758,0.8902881034406769,0.005774328388784498,1138.78,412.75,726.03,0.0,1.0
acs_income,hist_gradient_boosting,race,equalized_odds_violation,0.04,0.0,100,0.08342764195526726,0.0244189910112536,0.0810634435501281,0.0423754702413641,0.12342699117947802,0.8095600000000001,0.007059134541243758,0.8902881034406769,0.005774328388784498,1138.78,412.75,726.03,0.0,1.0
acs_income,hist_gradient_boosting,race,equalized_odds_violation,0.05,0.09,100,0.08342764195526726,0.0244189910112536,0.0810634435501281,0.0423754702413641,0.12342699117947802,0.8095600000000001,0.007059134541243758,0.8902881034406769,0.005774328388784498,1138.78,412.75,726.03,0.1638,0.8362
acs_income,hist_gradient_boosting,race,equalized_odds_violation,0.06,0.18,100,0.08342764195526726,0.0244189910112536,0.0810634435501281,0.0423754702413641,0.12342699117947802,0.8095600000000001,0.007059134541243758,0.8902881034406769,0.005774328388784498,1138.78,412.75,726.03,0.2952,0.7048
acs_income,hist_gradient_boosting,race,equalized_odds_violation,0.07,0.29,100,0.08342764195526726,0.0244189910112536,0.0810634435501281,0.0423754702413641,0.12342699117947802,0.8095600000000001,0.007059134541243758,0.8902881034406769,0.005774328388784498,1138.78,412.75,726.03,0.41179999999999994,0.5882000000000001
acs_income,hist_gradient_boosting,race,equalized_odds_violation,0.08,0.47,100,0.08342764195526726,0.0244189910112536,0.0810634435501281,0.0423754702413641,0.12342699117947802,0.8095600000000001,0.007059134541243758,0.8902881034406769,0.005774328388784498,1138.78,412.75,726.03,0.4982,0.5018
acs_income,hist_gradient_boosting,race,equalized_odds_violation,0.09,0.59,100,0.08342764195526726,0.0244189910112536,0.0810634435501281,0.0423754702413641,0.12342699117947802,0.8095600000000001,0.007059134541243758,0.8902881034406769,0.005774328388784498,1138.78,412.75,726.03,0.4838,0.5162
acs_income,hist_gradient_boosting,race,equalized_odds_violation,0.1,0.75,100,0.08342764195526726,0.0244189910112536,0.0810634435501281,0.0423754702413641,0.12342699117947802,0.8095600000000001,0.007059134541243758,0.8902881034406769,0.005774328388784498,1138.78,412.75,726.03,0.375,0.625
acs_income,hist_gradient_boosting,race,equalized_odds_violation,0.11,0.85,100,0.08342764195526726,0.0244189910112536,0.0810634435501281,0.0423754702413641,0.12342699117947802,0.8095600000000001,0.007059134541243758,0.8902881034406769,0.005774328388784498,1138.78,412.75,726.03,0.255,0.745
acs_income,hist_gradient_boosting,race,equalized_odds_violation,0.12,0.92,100,0.08342764195526726,0.0244189910112536,0.0810634435501281,0.0423754702413641,0.12342699117947802,0.8095600000000001,0.007059134541243758,0.8902881034406769,0.005774328388784498,1138.78,412.75,726.03,0.14719999999999994,0.8528
acs_income,hist_gradient_boosting,race,equalized_odds_violation,0.13,0.98,100,0.08342764195526726,0.0244189910112536,0.0810634435501281,0.0423754702413641,0.12342699117947802,0.8095600000000001,0.007059134541243758,0.8902881034406769,0.005774328388784498,1138.78,412.75,726.03,0.03920000000000003,0.9608
acs_income,hist_gradient_boosting,race,equalized_odds_violation,0.14,0.99,100,0.08342764195526726,0.0244189910112536,0.0810634435501281,0.0423754702413641,0.12342699117947802,0.8095600000000001,0.007059134541243758,0.8902881034406769,0.005774328388784498,1138.78,412.75,726.03,0.01980000000000002,0.9802
acs_income,hist_gradient_boosting,race,equalized_odds_violation,0.15,1.0,100,0.08342764195526726,0.0244189910112536,0.0810634435501281,0.0423754702413641,0.12342699117947802,0.8095600000000001,0.007059134541243758,0.8902881034406769,0.005774328388784498,1138.78,412.75,726.03,0.0,1.0
acs_income,hist_gradient_boosting,race,equalized_odds_violation,0.16,1.0,100,0.08342764195526726,0.0244189910112536,0.0810634435501281,0.0423754702413641,0.12342699117947802,0.8095600000000001,0.007059134541243758,0.8902881034406769,0.005774328388784498,1138.78,412.75,726.03,0.0,1.0
acs_income,hist_gradient_boosting,race,equalized_odds_violation,0.17,1.0,100,0.08342764195526726,0.0244189910112536,0.0810634435501281,0.0423754702413641,0.12342699117947802,0.8095600000000001,0.007059134541243758,0.8902881034406769,0.005774328388784498,1138.78,412.75,726.03,0.0,1.0
acs_income,hist_gradient_boosting,race,equalized_odds_violation,0.18,1.0,100,0.08342764195526726,0.0244189910112536,0.0810634435501281,0.0423754702413641,0.12342699117947802,0.8095600000000001,0.007059134541243758,0.8902881034406769,0.005774328388784498,1138.78,412.75,726.03,0.0,1.0
acs_income,hist_gradient_boosting,race,equalized_odds_violation,0.19,1.0,100,0.08342764195526726,0.0244189910112536,0.0810634435501281,0.0423754702413641,0.12342699117947802,0.8095600000000001,0.007059134541243758,0.8902881034406769,0.005774328388784498,1138.78,412.75,726.03,0.0,1.0
acs_income,hist_gradient_boosting,race,equalized_odds_violation,0.2,1.0,100,0.08342764195526726,0.0244189910112536,0.0810634435501281,0.0423754702413641,0.12342699117947802,0.8095600000000001,0.007059134541243758,0.8902881034406769,0.005774328388784498,1138.78,412.75,726.03,0.0,1.0
acs_income,hist_gradient_boosting,race,equalized_odds_violation,0.21,1.0,100,0.08342764195526726,0.0244189910112536,0.0810634435501281,0.0423754702413641,0.12342699117947802,0.8095600000000001,0.007059134541243758,0.8902881034406769,0.005774328388784498,1138.78,412.75,726.03,0.0,1.0
acs_income,hist_gradient_boosting,race,equalized_odds_violation,0.22,1.0,100,0.08342764195526726,0.0244189910112536,0.0810634435501281,0.0423754702413641,0.12342699117947802,0.8095600000000001,0.007059134541243758,0.8902881034406769,0.005774328388784498,1138.78,412.75,726.03,0.0,1.0
acs_income,hist_gradient_boosting,race,equalized_odds_violation,0.23,1.0,100,0.08342764195526726,0.0244189910112536,0.0810634435501281,0.0423754702413641,0.12342699117947802,0.8095600000000001,0.007059134541243758,0.8902881034406769,0.005774328388784498,1138.78,412.75,726.03,0.0,1.0
acs_income,hist_gradient_boosting,race,equalized_odds_violation,0.24,1.0,100,0.08342764195526726,0.0244189910112536,0.0810634435501281,0.0423754702413641,0.12342699117947802,0.8095600000000001,0.007059134541243758,0.8902881034406769,0.005774328388784498,1138.78,412.75,726.03,0.0,1.0
acs_income,hist_gradient_boosting,race,equalized_odds_violation,0.25,1.0,100,0.08342764195526726,0.0244189910112536,0.0810634435501281,0.0423754702413641,0.12342699117947802,0.8095600000000001,0.007059134541243758,0.8902881034406769,0.005774328388784498,1138.78,412.75,726.03,0.0,1.0
acs_income,hist_gradient_boosting,race,equalized_odds_violation,0.26,1.0,100,0.08342764195526726,0.0244189910112536,0.0810634435501281,0.0423754702413641,0.12342699117947802,0.8095600000000001,0.007059134541243758,0.8902881034406769,0.005774328388784498,1138.78,412.75,726.03,0.0,1.0
acs_income,hist_gradient_boosting,race,equalized_odds_violation,0.27,1.0,100,0.08342764195526726,0.0244189910112536,0.0810634435501281,0.0423754702413641,0.12342699117947802,0.8095600000000001,0.007059134541243758,0.8902881034406769,0.005774328388784498,1138.78,412.75,726.03,0.0,1.0
acs_income,hist_gradient_boosting,race,equalized_odds_violation,0.28,1.0,100,0.08342764195526726,0.0244189910112536,0.0810634435501281,0.0423754702413641,0.12342699117947802,0.8095600000000001,0.007059134541243758,0.8902881034406769,0.005774328388784498,1138.78,412.75,726.03,0.0,1.0
acs_income,hist_gradient_boosting,race,equalized_odds_violation,0.29,1.0,100,0.08342764195526726,0.0244189910112536,0.0810634435501281,0.0423754702413641,0.12342699117947802,0.8095600000000001,0.007059134541243758,0.8902881034406769,0.005774328388784498,1138.78,412.75,726.03,0.0,1.0
acs_income,hist_gradient_boosting,race,equalized_odds_violation,0.3,1.0,100,0.08342764195526726,0.0244189910112536,0.0810634435501281,0.0423754702413641,0.12342699117947802,0.8095600000000001,0.007059134541243758,0.8902881034406769,0.005774328388784498,1138.78,412.75,726.03,0.0,1.0
acs_income,hist_gradient_boosting,sex,dpd_violation,0.0,0.0,100,0.14075269002475424,0.016386906033863995,0.1394604117607638,0.11728836369650064,0.16739246412002112,0.8095600000000001,0.007059134541243758,0.8902881034406769,0.005774328388784498,1430.81,494.25,831.44,0.0,1.0
acs_income,hist_gradient_boosting,sex,dpd_violation,0.01,0.0,100,0.14075269002475424,0.016386906033863995,0.1394604117607638,0.11728836369650064,0.16739246412002112,0.8095600000000001,0.007059134541243758,0.8902881034406769,0.005774328388784498,1430.81,494.25,831.44,0.0,1.0
acs_income,hist_gradient_boosting,sex,dpd_violation,0.02,0.0,100,0.14075269002475424,0.016386906033863995,0.1394604117607638,0.11728836369650064,0.16739246412002112,0.8095600000000001,0.007059134541243758,0.8902881034406769,0.005774328388784498,1430.81,494.25,831.44,0.0,1.0
acs_income,hist_gradient_boosting,sex,dpd_violation,0.03,0.0,100,0.14075269002475424,0.016386906033863995,0.1394604117607638,0.11728836369650064,0.16739246412002112,0.8095600000000001,0.007059134541243758,0.8902881034406769,0.005774328388784498,1430.81,494.25,831.44,0.0,1.0
acs_income,hist_gradient_boosting,sex,dpd_violation,0.04,0.0,100,0.14075269002475424,0.016386906033863995,0.1394604117607638,0.11728836369650064,0.16739246412002112,0.8095600000000001,0.007059134541243758,0.8902881034406769,0.005774328388784498,1430.81,494.25,831.44,0.0,1.0
acs_income,hist_gradient_boosting,sex,dpd_violation,0.05,0.0,100,0.14075269002475424,0.016386906033863995,0.1394604117607638,0.11728836369650064,0.16739246412002112,0.8095600000000001,0.007059134541243758,0.8902881034406769,0.005774328388784498,1430.81,494.25,831.44,0.0,1.0
acs_income,hist_gradient_boosting,sex,dpd_violation,0.06,0.0,100,0.14075269002475424,0.016386906033863995,0.1394604117607638,0.11728836369650064,0.16739246412002112,0.8095600000000001,0.007059134541243758,0.8902881034406769,0.005774328388784498,1430.81,494.25,831.44,0.0,1.0
acs_income,hist_gradient_boosting,sex,dpd_violation,0.07,0.0,100,0.14075269002475424,0.016386906033863995,0.1394604117607638,0.11728836369650064,0.16739246412002112,0.8095600000000001,0.007059134541243758,0.8902881034406769,0.005774328388784498,1430.81,494.25,831.44,0.0,1.0
acs_income,hist_gradient_boosting,sex,dpd_violation,0.08,0.0,100,0.14075269002475424,0.016386906033863995,0.1394604117607638,0.11728836369650064,0.16739246412002112,0.8095600000000001,0.007059134541243758,0.8902881034406769,0.005774328388784498,1430.81,494.25,831.44,0.0,1.0
acs_income,hist_gradient_boosting,sex,dpd_violation,0.09,0.0,100,0.14075269002475424,0.016386906033863995,0.1394604117607638,0.11728836369650064,0.16739246412002112,0.8095600000000001,0.007059134541243758,0.8902881034406769,0.005774328388784498,1430.81,494.25,831.44,0.0,1.0
acs_income,hist_gradient_boosting,sex,dpd_violation,0.1,0.01,100,0.14075269002475424,0.016386906033863995,0.1394604117607638,0.11728836369650064,0.16739246412002112,0.8095600000000001,0.007059134541243758,0.8902881034406769,0.005774328388784498,1430.81,494.25,831.44,0.0198,0.9802
acs_income,hist_gradient_boosting,sex,dpd_violation,0.11,0.03,100,0.14075269002475424,0.016386906033863995,0.1394604117607638,0.11728836369650064,0.16739246412002112,0.8095600000000001,0.007059134541243758,0.8902881034406769,0.005774328388784498,1430.81,494.25,831.44,0.058199999999999995,0.9418
acs_income,hist_gradient_boosting,sex,dpd_violation,0.12,0.1,100,0.14075269002475424,0.016386906033863995,0.1394604117607638,0.11728836369650064,0.16739246412002112,0.8095600000000001,0.007059134541243758,0.8902881034406769,0.005774328388784498,1430.81,494.25,831.44,0.18000000000000002,0.82
acs_income,hist_gradient_boosting,sex,dpd_violation,0.13,0.28,100,0.14075269002475424,0.016386906033863995,0.1394604117607638,0.11728836369650064,0.16739246412002112,0.8095600000000001,0.007059134541243758,0.8902881034406769,0.005774328388784498,1430.81,494.25,831.44,0.4032,0.5968
acs_income,hist_gradient_boosting,sex,dpd_violation,0.14,0.51,100,0.14075269002475424,0.016386906033863995,0.1394604117607638,0.11728836369650064,0.16739246412002112,0.8095600000000001,0.007059134541243758,0.8902881034406769,0.005774328388784498,1430.81,494.25,831.44,0.4998,0.5002
acs_income,hist_gradient_boosting,sex,dpd_violation,0.15,0.7,100,0.14075269002475424,0.016386906033863995,0.1394604117607638,0.11728836369650064,0.16739246412002112,0.8095600000000001,0.007059134541243758,0.8902881034406769,0.005774328388784498,1430.81,494.25,831.44,0.42000000000000004,0.58
acs_income,hist_gradient_boosting,sex,dpd_violation,0.16,0.87,100,0.14075269002475424,0.016386906033863995,0.1394604117607638,0.11728836369650064,0.16739246412002112,0.8095600000000001,0.007059134541243758,0.8902881034406769,0.005774328388784498,1430.81,494.25,831.44,0.2262,0.7738
acs_income,hist_gradient_boosting,sex,dpd_violation,0.17,0.97,100,0.14075269002475424,0.016386906033863995,0.1394604117607638,0.11728836369650064,0.16739246412002112,0.8095600000000001,0.007059134541243758,0.8902881034406769,0.005774328388784498,1430.81,494.25,831.44,0.05820000000000005,0.9418
acs_income,hist_gradient_boosting,sex,dpd_violation,0.18,0.99,100,0.14075269002475424,0.016386906033863995,0.1394604117607638,0.11728836369650064,0.16739246412002112,0.8095600000000001,0.007059134541243758,0.8902881034406769,0.005774328388784498,1430.81,494.25,831.44,0.01980000000000002,0.9802
acs_income,hist_gradient_boosting,sex,dpd_violation,0.19,1.0,100,0.14075269002475424,0.016386906033863995,0.1394604117607638,0.11728836369650064,0.16739246412002112,0.8095600000000001,0.007059134541243758,0.8902881034406769,0.005774328388784498,1430.81,494.25,831.44,0.0,1.0
acs_income,hist_gradient_boosting,sex,dpd_violation,0.2,1.0,100,0.14075269002475424,0.016386906033863995,0.1394604117607638,0.11728836369650064,0.16739246412002112,0.8095600000000001,0.007059134541243758,0.8902881034406769,0.005774328388784498,1430.81,494.25,831.44,0.0,1.0
acs_income,hist_gradient_boosting,sex,dpd_violation,0.21,1.0,100,0.14075269002475424,0.016386906033863995,0.1394604117607638,0.11728836369650064,0.16739246412002112,0.8095600000000001,0.007059134541243758,0.8902881034406769,0.005774328388784498,1430.81,494.25,831.44,0.0,1.0
acs_income,hist_gradient_boosting,sex,dpd_violation,0.22,1.0,100,0.14075269002475424,0.016386906033863995,0.1394604117607638,0.11728836369650064,0.16739246412002112,0.8095600000000001,0.007059134541243758,0.8902881034406769,0.005774328388784498,1430.81,494.25,831.44,0.0,1.0
acs_income,hist_gradient_boosting,sex,dpd_violation,0.23,1.0,100,0.14075269002475424,0.016386906033863995,0.1394604117607638,0.11728836369650064,0.16739246412002112,0.8095600000000001,0.007059134541243758,0.8902881034406769,0.005774328388784498,1430.81,494.25,831.44,0.0,1.0
acs_income,hist_gradient_boosting,sex,dpd_violation,0.24,1.0,100,0.14075269002475424,0.016386906033863995,0.1394604117607638,0.11728836369650064,0.16739246412002112,0.8095600000000001,0.007059134541243758,0.8902881034406769,0.005774328388784498,1430.81,494.25,831.44,0.0,1.0
acs_income,hist_gradient_boosting,sex,dpd_violation,0.25,1.0,100,0.14075269002475424,0.016386906033863995,0.1394604117607638,0.11728836369650064,0.16739246412002112,0.8095600000000001,0.007059134541243758,0.8902881034406769,0.005774328388784498,1430.81,494.25,831.44,0.0,1.0
acs_income,hist_gradient_boosting,sex,dpd_violation,0.26,1.0,100,0.14075269002475424,0.016386906033863995,0.1394604117607638,0.11728836369650064,0.16739246412002112,0.8095600000000001,0.007059134541243758,0.8902881034406769,0.005774328388784498,1430.81,494.25,831.44,0.0,1.0
acs_income,hist_gradient_boosting,sex,dpd_violation,0.27,1.0,100,0.14075269002475424,0.016386906033863995,0.1394604117607638,0.11728836369650064,0.16739246412002112,0.8095600000000001,0.007059134541243758,0.8902881034406769,0.005774328388784498,1430.81,494.25,831.44,0.0,1.0
acs_income,hist_gradient_boosting,sex,dpd_violation,0.28,1.0,100,0.14075269002475424,0.016386906033863995,0.1394604117607638,0.11728836369650064,0.16739246412002112,0.8095600000000001,0.007059134541243758,0.8902881034406769,0.005774328388784498,1430.81,494.25,831.44,0.0,1.0
acs_income,hist_gradient_boosting,sex,dpd_violation,0.29,1.0,100,0.14075269002475424,0.016386906033863995,0.1394604117607638,0.11728836369650064,0.16739246412002112,0.8095600000000001,0.007059134541243758,0.8902881034406769,0.005774328388784498,1430.81,494.25,831.44,0.0,1.0
acs_income,hist_gradient_boosting,sex,dpd_violation,0.3,1.0,100,0.14075269002475424,0.016386906033863995,0.1394604117607638,0.11728836369650064,0.16739246412002112,0.8095600000000001,0.007059134541243758,0.8902881034406769,0.005774328388784498,1430.81,494.25,831.44,0.0,1.0
acs_income,hist_gradient_boosting,sex,dpr_violation,0.0,0.0,100,0.2945010407200288,0.02972456672809287,0.2960061092301458,0.24904869166163052,0.34276582867247163,0.8095600000000001,0.007059134541243758,0.8902881034406769,0.005774328388784498,1430.81,494.25,831.44,0.0,1.0
acs_income,hist_gradient_boosting,sex,dpr_violation,0.010000000000000009,0.0,100,0.2945010407200288,0.02972456672809287,0.2960061092301458,0.24904869166163052,0.34276582867247163,0.8095600000000001,0.007059134541243758,0.8902881034406769,0.005774328388784498,1430.81,494.25,831.44,0.0,1.0
acs_income,hist_gradient_boosting,sex,dpr_violation,0.020000000000000018,0.0,100,0.2945010407200288,0.02972456672809287,0.2960061092301458,0.24904869166163052,0.34276582867247163,0.8095600000000001,0.007059134541243758,0.8902881034406769,0.005774328388784498,1430.81,494.25,831.44,0.0,1.0
acs_income,hist_gradient_boosting,sex,dpr_violation,0.030000000000000027,0.0,100,0.2945010407200288,0.02972456672809287,0.2960061092301458,0.24904869166163052,0.34276582867247163,0.8095600000000001,0.007059134541243758,0.8902881034406769,0.005774328388784498,1430.81,494.25,831.44,0.0,1.0
acs_income,hist_gradient_boosting,sex,dpr_violation,0.040000000000000036,0.0,100,0.2945010407200288,0.02972456672809287,0.2960061092301458,0.24904869166163052,0.34276582867247163,0.8095600000000001,0.007059134541243758,0.8902881034406769,0.005774328388784498,1430.81,494.25,831.44,0.0,1.0
acs_income,hist_gradient_boosting,sex,dpr_violation,0.050000000000000044,0.0,100,0.2945010407200288,0.02972456672809287,0.2960061092301458,0.24904869166163052,0.34276582867247163,0.8095600000000001,0.007059134541243758,0.8902881034406769,0.005774328388784498,1430.81,494.25,831.44,0.0,1.0
acs_income,hist_gradient_boosting,sex,dpr_violation,0.06000000000000005,0.0,100,0.2945010407200288,0.02972456672809287,0.2960061092301458,0.24904869166163052,0.34276582867247163,0.8095600000000001,0.007059134541243758,0.8902881034406769,0.005774328388784498,1430.81,494.25,831.44,0.0,1.0
acs_income,hist_gradient_boosting,sex,dpr_violation,0.06999999999999995,0.0,100,0.2945010407200288,0.02972456672809287,0.2960061092301458,0.24904869166163052,0.34276582867247163,0.8095600000000001,0.007059134541243758,0.8902881034406769,0.005774328388784498,1430.81,494.25,831.44,0.0,1.0
acs_income,hist_gradient_boosting,sex,dpr_violation,0.07999999999999996,0.0,100,0.2945010407200288,0.02972456672809287,0.2960061092301458,0.24904869166163052,0.34276582867247163,0.8095600000000001,0.007059134541243758,0.8902881034406769,0.005774328388784498,1430.81,494.25,831.44,0.0,1.0
acs_income,hist_gradient_boosting,sex,dpr_violation,0.08999999999999997,0.0,100,0.2945010407200288,0.02972456672809287,0.2960061092301458,0.24904869166163052,0.34276582867247163,0.8095600000000001,0.007059134541243758,0.8902881034406769,0.005774328388784498,1430.81,494.25,831.44,0.0,1.0
acs_income,hist_gradient_boosting,sex,dpr_violation,0.09999999999999998,0.0,100,0.2945010407200288,0.02972456672809287,0.2960061092301458,0.24904869166163052,0.34276582867247163,0.8095600000000001,0.007059134541243758,0.8902881034406769,0.005774328388784498,1430.81,494.25,831.44,0.0,1.0
acs_income,hist_gradient_boosting,sex,dpr_violation,0.10999999999999999,0.0,100,0.2945010407200288,0.02972456672809287,0.2960061092301458,0.24904869166163052,0.34276582867247163,0.8095600000000001,0.007059134541243758,0.8902881034406769,0.005774328388784498,1430.81,494.25,831.44,0.0,1.0
acs_income,hist_gradient_boosting,sex,dpr_violation,0.12,0.0,100,0.2945010407200288,0.02972456672809287,0.2960061092301458,0.24904869166163052,0.34276582867247163,0.8095600000000001,0.007059134541243758,0.8902881034406769,0.005774328388784498,1430.81,494.25,831.44,0.0,1.0
acs_income,hist_gradient_boosting,sex,dpr_violation,0.13,0.0,100,0.2945010407200288,0.02972456672809287,0.2960061092301458,0.24904869166163052,0.34276582867247163,0.8095600000000001,0.007059134541243758,0.8902881034406769,0.005774328388784498,1430.81,494.25,831.44,0.0,1.0
acs_income,hist_gradient_boosting,sex,dpr_violation,0.14,0.0,100,0.2945010407200288,0.02972456672809287,0.2960061092301458,0.24904869166163052,0.34276582867247163,0.8095600000000001,0.007059134541243758,0.8902881034406769,0.005774328388784498,1430.81,494.25,831.44,0.0,1.0
acs_income,hist_gradient_boosting,sex,dpr_violation,0.15000000000000002,0.0,100,0.2945010407200288,0.02972456672809287,0.2960061092301458,0.24904869166163052,0.34276582867247163,0.8095600000000001,0.007059134541243758,0.8902881034406769,0.005774328388784498,1430.81,494.25,831.44,0.0,1.0
acs_income,hist_gradient_boosting,sex,dpr_violation,0.16000000000000003,0.0,100,0.2945010407200288,0.02972456672809287,0.2960061092301458,0.24904869166163052,0.34276582867247163,0.8095600000000001,0.007059134541243758,0.8902881034406769,0.005774328388784498,1430.81,494.25,831.44,0.0,1.0
acs_income,hist_gradient_boosting,sex,dpr_violation,0.17000000000000004,0.0,100,0.2945010407200288,0.02972456672809287,0.2960061092301458,0.24904869166163052,0.34276582867247163,0.8095600000000001,0.007059134541243758,0.8902881034406769,0.005774328388784498,1430.81,494.25,831.44,0.0,1.0
acs_income,hist_gradient_boosting,sex,dpr_violation,0.18000000000000005,0.0,100,0.2945010407200288,0.02972456672809287,0.2960061092301458,0.24904869166163052,0.34276582867247163,0.8095600000000001,0.007059134541243758,0.8902881034406769,0.005774328388784498,1430.81,494.25,831.44,0.0,1.0
acs_income,hist_gradient_boosting,sex,dpr_violation,0.18999999999999995,0.0,100,0.2945010407200288,0.02972456672809287,0.2960061092301458,0.24904869166163052,0.34276582867247163,0.8095600000000001,0.007059134541243758,0.8902881034406769,0.005774328388784498,1430.81,494.25,831.44,0.0,1.0
acs_income,hist_gradient_boosting,sex,dpr_violation,0.19999999999999996,0.0,100,0.2945010407200288,0.02972456672809287,0.2960061092301458,0.24904869166163052,0.34276582867247163,0.8095600000000001,0.007059134541243758,0.8902881034406769,0.005774328388784498,1430.81,494.25,831.44,0.0,1.0
acs_income,hist_gradient_boosting,sex,dpr_violation,0.20999999999999996,0.0,100,0.2945010407200288,0.02972456672809287,0.2960061092301458,0.24904869166163052,0.34276582867247163,0.8095600000000001,0.007059134541243758,0.8902881034406769,0.005774328388784498,1430.81,494.25,831.44,0.0,1.0
acs_income,hist_gradient_boosting,sex,dpr_violation,0.21999999999999997,0.01,100,0.2945010407200288,0.02972456672809287,0.2960061092301458,0.24904869166163052,0.34276582867247163,0.8095600000000001,0.007059134541243758,0.8902881034406769,0.005774328388784498,1430.81,494.25,831.44,0.0198,0.9802
acs_income,hist_gradient_boosting,sex,dpr_violation,0.22999999999999998,0.01,100,0.2945010407200288,0.02972456672809287,0.2960061092301458,0.24904869166163052,0.34276582867247163,0.8095600000000001,0.007059134541243758,0.8902881034406769,0.005774328388784498,1430.81,494.25,831.44,0.0198,0.9802
acs_income,hist_gradient_boosting,sex,dpr_violation,0.24,0.01,100,0.2945010407200288,0.02972456672809287,0.2960061092301458,0.24904869166163052,0.34276582867247163,0.8095600000000001,0.007059134541243758,0.8902881034406769,0.005774328388784498,1430.81,494.25,831.44,0.0198,0.9802
acs_income,hist_gradient_boosting,sex,dpr_violation,0.25,0.06,100,0.2945010407200288,0.02972456672809287,0.2960061092301458,0.24904869166163052,0.34276582867247163,0.8095600000000001,0.007059134541243758,0.8902881034406769,0.005774328388784498,1430.81,494.25,831.44,0.11279999999999998,0.8872
acs_income,hist_gradient_boosting,sex,dpr_violation,0.26,0.11,100,0.2945010407200288,0.02972456672809287,0.2960061092301458,0.24904869166163052,0.34276582867247163,0.8095600000000001,0.007059134541243758,0.8902881034406769,0.005774328388784498,1430.81,494.25,831.44,0.1958,0.8042
acs_income,hist_gradient_boosting,sex,dpr_violation,0.27,0.21,100,0.2945010407200288,0.02972456672809287,0.2960061092301458,0.24904869166163052,0.34276582867247163,0.8095600000000001,0.007059134541243758,0.8902881034406769,0.005774328388784498,1430.81,494.25,831.44,0.3318,0.6682
acs_income,hist_gradient_boosting,sex,dpr_violation,0.28,0.36,100,0.2945010407200288,0.02972456672809287,0.2960061092301458,0.24904869166163052,0.34276582867247163,0.8095600000000001,0.007059134541243758,0.8902881034406769,0.005774328388784498,1430.81,494.25,831.44,0.4608,0.5392
acs_income,hist_gradient_boosting,sex,dpr_violation,0.29000000000000004,0.47,100,0.2945010407200288,0.02972456672809287,0.2960061092301458,0.24904869166163052,0.34276582867247163,0.8095600000000001,0.007059134541243758,0.8902881034406769,0.005774328388784498,1430.81,494.25,831.44,0.4982,0.5018
acs_income,hist_gradient_boosting,sex,dpr_violation,0.30000000000000004,0.58,100,0.2945010407200288,0.02972456672809287,0.2960061092301458,0.24904869166163052,0.34276582867247163,0.8095600000000001,0.007059134541243758,0.8902881034406769,0.005774328388784498,1430.81,494.25,831.44,0.4872,0.5127999999999999
acs_income,hist_gradient_boosting,sex,dpr_violation,0.31000000000000005,0.7,100,0.2945010407200288,0.02972456672809287,0.2960061092301458,0.24904869166163052,0.34276582867247163,0.8095600000000001,0.007059134541243758,0.8902881034406769,0.005774328388784498,1430.81,494.25,831.44,0.42000000000000004,0.58
acs_income,hist_gradient_boosting,sex,dpr_violation,0.31999999999999995,0.79,100,0.2945010407200288,0.02972456672809287,0.2960061092301458,0.24904869166163052,0.34276582867247163,0.8095600000000001,0.007059134541243758,0.8902881034406769,0.005774328388784498,1430.81,494.25,831.44,0.3318,0.6682
acs_income,hist_gradient_boosting,sex,dpr_violation,0.32999999999999996,0.86,100,0.2945010407200288,0.02972456672809287,0.2960061092301458,0.24904869166163052,0.34276582867247163,0.8095600000000001,0.007059134541243758,0.8902881034406769,0.005774328388784498,1430.81,494.25,831.44,0.24080000000000001,0.7592
acs_income,hist_gradient_boosting,sex,dpr_violation,0.33999999999999997,0.93,100,0.2945010407200288,0.02972456672809287,0.2960061092301458,0.24904869166163052,0.34276582867247163,0.8095600000000001,0.007059134541243758,0.8902881034406769,0.005774328388784498,1430.81,494.25,831.44,0.13019999999999993,0.8698000000000001
acs_income,hist_gradient_boosting,sex,dpr_violation,0.35,0.96,100,0.2945010407200288,0.02972456672809287,0.2960061092301458,0.24904869166163052,0.34276582867247163,0.8095600000000001,0.007059134541243758,0.8902881034406769,0.005774328388784498,1430.81,494.25,831.44,0.07680000000000006,0.9231999999999999
acs_income,hist_gradient_boosting,sex,dpr_violation,0.36,0.99,100,0.2945010407200288,0.02972456672809287,0.2960061092301458,0.24904869166163052,0.34276582867247163,0.8095600000000001,0.007059134541243758,0.8902881034406769,0.005774328388784498,1430.81,494.25,831.44,0.01980000000000002,0.9802
acs_income,hist_gradient_boosting,sex,dpr_violation,0.37,1.0,100,0.2945010407200288,0.02972456672809287,0.2960061092301458,0.24904869166163052,0.34276582867247163,0.8095600000000001,0.007059134541243758,0.8902881034406769,0.005774328388784498,1430.81,494.25,831.44,0.0,1.0
acs_income,hist_gradient_boosting,sex,dpr_violation,0.38,1.0,100,0.2945010407200288,0.02972456672809287,0.2960061092301458,0.24904869166163052,0.34276582867247163,0.8095600000000001,0.007059134541243758,0.8902881034406769,0.005774328388784498,1430.81,494.25,831.44,0.0,1.0
acs_income,hist_gradient_boosting,sex,dpr_violation,0.39,1.0,100,0.2945010407200288,0.02972456672809287,0.2960061092301458,0.24904869166163052,0.34276582867247163,0.8095600000000001,0.007059134541243758,0.8902881034406769,0.005774328388784498,1430.81,494.25,831.44,0.0,1.0
acs_income,hist_gradient_boosting,sex,dpr_violation,0.4,1.0,100,0.2945010407200288,0.02972456672809287,0.2960061092301458,0.24904869166163052,0.34276582867247163,0.8095600000000001,0.007059134541243758,0.8902881034406769,0.005774328388784498,1430.81,494.25,831.44,0.0,1.0
acs_income,hist_gradient_boosting,sex,eod_violation,0.0,0.0,100,0.08211635068407368,0.024567546139397295,0.08156167986506765,0.04717000147210755,0.12711603067080166,0.8095600000000001,0.007059134541243758,0.8902881034406769,0.005774328388784498,1430.81,494.25,831.44,0.0,1.0
acs_income,hist_gradient_boosting,sex,eod_violation,0.01,0.01,100,0.08211635068407368,0.024567546139397295,0.08156167986506765,0.04717000147210755,0.12711603067080166,0.8095600000000001,0.007059134541243758,0.8902881034406769,0.005774328388784498,1430.81,494.25,831.44,0.0198,0.9802
acs_income,hist_gradient_boosting,sex,eod_violation,0.02,0.02,100,0.08211635068407368,0.024567546139397295,0.08156167986506765,0.04717000147210755,0.12711603067080166,0.8095600000000001,0.007059134541243758,0.8902881034406769,0.005774328388784498,1430.81,494.25,831.44,0.0392,0.9608
acs_income,hist_gradient_boosting,sex,eod_violation,0.03,0.02,100,0.08211635068407368,0.024567546139397295,0.08156167986506765,0.04717000147210755,0.12711603067080166,0.8095600000000001,0.007059134541243758,0.8902881034406769,0.005774328388784498,1430.81,494.25,831.44,0.0392,0.9608
acs_income,hist_gradient_boosting,sex,eod_violation,0.04,0.03,100,0.08211635068407368,0.024567546139397295,0.08156167986506765,0.04717000147210755,0.12711603067080166,0.8095600000000001,0.007059134541243758,0.8902881034406769,0.005774328388784498,1430.81,494.25,831.44,0.058199999999999995,0.9418
acs_income,hist_gradient_boosting,sex,eod_violation,0.05,0.06,100,0.08211635068407368,0.024567546139397295,0.08156167986506765,0.04717000147210755,0.12711603067080166,0.8095600000000001,0.007059134541243758,0.8902881034406769,0.005774328388784498,1430.81,494.25,831.44,0.11279999999999998,0.8872
acs_income,hist_gradient_boosting,sex,eod_violation,0.06,0.16,100,0.08211635068407368,0.024567546139397295,0.08156167986506765,0.04717000147210755,0.12711603067080166,0.8095600000000001,0.007059134541243758,0.8902881034406769,0.005774328388784498,1430.81,494.25,831.44,0.2688,0.7312000000000001
acs_income,hist_gradient_boosting,sex,eod_violation,0.07,0.33,100,0.08211635068407368,0.024567546139397295,0.08156167986506765,0.04717000147210755,0.12711603067080166,0.8095600000000001,0.007059134541243758,0.8902881034406769,0.005774328388784498,1430.81,494.25,831.44,0.4422,0.5578000000000001
acs_income,hist_gradient_boosting,sex,eod_violation,0.08,0.48,100,0.08211635068407368,0.024567546139397295,0.08156167986506765,0.04717000147210755,0.12711603067080166,0.8095600000000001,0.007059134541243758,0.8902881034406769,0.005774328388784498,1430.81,494.25,831.44,0.4992,0.5008
acs_income,hist_gradient_boosting,sex,eod_violation,0.09,0.64,100,0.08211635068407368,0.024567546139397295,0.08156167986506765,0.04717000147210755,0.12711603067080166,0.8095600000000001,0.007059134541243758,0.8902881034406769,0.005774328388784498,1430.81,494.25,831.44,0.4608,0.5392
acs_income,hist_gradient_boosting,sex,eod_violation,0.1,0.77,100,0.08211635068407368,0.024567546139397295,0.08156167986506765,0.04717000147210755,0.12711603067080166,0.8095600000000001,0.007059134541243758,0.8902881034406769,0.005774328388784498,1430.81,494.25,831.44,0.35419999999999996,0.6458
acs_income,hist_gradient_boosting,sex,eod_violation,0.11,0.88,100,0.08211635068407368,0.024567546139397295,0.08156167986506765,0.04717000147210755,0.12711603067080166,0.8095600000000001,0.007059134541243758,0.8902881034406769,0.005774328388784498,1430.81,494.25,831.44,0.2112,0.7888
acs_income,hist_gradient_boosting,sex,eod_violation,0.12,0.93,100,0.08211635068407368,0.024567546139397295,0.08156167986506765,0.04717000147210755,0.12711603067080166,0.8095600000000001,0.007059134541243758,0.8902881034406769,0.005774328388784498,1430.81,494.25,831.44,0.13019999999999993,0.8698000000000001
acs_income,hist_gradient_boosting,sex,eod_violation,0.13,0.96,100,0.08211635068407368,0.024567546139397295,0.08156167986506765,0.04717000147210755,0.12711603067080166,0.8095600000000001,0.007059134541243758,0.8902881034406769,0.005774328388784498,1430.81,494.25,831.44,0.07680000000000006,0.9231999999999999
acs_income,hist_gradient_boosting,sex,eod_violation,0.14,1.0,100,0.08211635068407368,0.024567546139397295,0.08156167986506765,0.04717000147210755,0.12711603067080166,0.8095600000000001,0.007059134541243758,0.8902881034406769,0.005774328388784498,1430.81,494.25,831.44,0.0,1.0
acs_income,hist_gradient_boosting,sex,eod_violation,0.15,1.0,100,0.08211635068407368,0.024567546139397295,0.08156167986506765,0.04717000147210755,0.12711603067080166,0.8095600000000001,0.007059134541243758,0.8902881034406769,0.005774328388784498,1430.81,494.25,831.44,0.0,1.0
acs_income,hist_gradient_boosting,sex,eod_violation,0.16,1.0,100,0.08211635068407368,0.024567546139397295,0.08156167986506765,0.04717000147210755,0.12711603067080166,0.8095600000000001,0.007059134541243758,0.8902881034406769,0.005774328388784498,1430.81,494.25,831.44,0.0,1.0
acs_income,hist_gradient_boosting,sex,eod_violation,0.17,1.0,100,0.08211635068407368,0.024567546139397295,0.08156167986506765,0.04717000147210755,0.12711603067080166,0.8095600000000001,0.007059134541243758,0.8902881034406769,0.005774328388784498,1430.81,494.25,831.44,0.0,1.0
acs_income,hist_gradient_boosting,sex,eod_violation,0.18,1.0,100,0.08211635068407368,0.024567546139397295,0.08156167986506765,0.04717000147210755,0.12711603067080166,0.8095600000000001,0.007059134541243758,0.8902881034406769,0.005774328388784498,1430.81,494.25,831.44,0.0,1.0
acs_income,hist_gradient_boosting,sex,eod_violation,0.19,1.0,100,0.08211635068407368,0.024567546139397295,0.08156167986506765,0.04717000147210755,0.12711603067080166,0.8095600000000001,0.007059134541243758,0.8902881034406769,0.005774328388784498,1430.81,494.25,831.44,0.0,1.0
acs_income,hist_gradient_boosting,sex,eod_violation,0.2,1.0,100,0.08211635068407368,0.024567546139397295,0.08156167986506765,0.04717000147210755,0.12711603067080166,0.8095600000000001,0.007059134541243758,0.8902881034406769,0.005774328388784498,1430.81,494.25,831.44,0.0,1.0
acs_income,hist_gradient_boosting,sex,eod_violation,0.21,1.0,100,0.08211635068407368,0.024567546139397295,0.08156167986506765,0.04717000147210755,0.12711603067080166,0.8095600000000001,0.007059134541243758,0.8902881034406769,0.005774328388784498,1430.81,494.25,831.44,0.0,1.0
acs_income,hist_gradient_boosting,sex,eod_violation,0.22,1.0,100,0.08211635068407368,0.024567546139397295,0.08156167986506765,0.04717000147210755,0.12711603067080166,0.8095600000000001,0.007059134541243758,0.8902881034406769,0.005774328388784498,1430.81,494.25,831.44,0.0,1.0
acs_income,hist_gradient_boosting,sex,eod_violation,0.23,1.0,100,0.08211635068407368,0.024567546139397295,0.08156167986506765,0.04717000147210755,0.12711603067080166,0.8095600000000001,0.007059134541243758,0.8902881034406769,0.005774328388784498,1430.81,494.25,831.44,0.0,1.0
acs_income,hist_gradient_boosting,sex,eod_violation,0.24,1.0,100,0.08211635068407368,0.024567546139397295,0.08156167986506765,0.04717000147210755,0.12711603067080166,0.8095600000000001,0.007059134541243758,0.8902881034406769,0.005774328388784498,1430.81,494.25,831.44,0.0,1.0
acs_income,hist_gradient_boosting,sex,eod_violation,0.25,1.0,100,0.08211635068407368,0.024567546139397295,0.08156167986506765,0.04717000147210755,0.12711603067080166,0.8095600000000001,0.007059134541243758,0.8902881034406769,0.005774328388784498,1430.81,494.25,831.44,0.0,1.0
acs_income,hist_gradient_boosting,sex,eod_violation,0.26,1.0,100,0.08211635068407368,0.024567546139397295,0.08156167986506765,0.04717000147210755,0.12711603067080166,0.8095600000000001,0.007059134541243758,0.8902881034406769,0.005774328388784498,1430.81,494.25,831.44,0.0,1.0
acs_income,hist_gradient_boosting,sex,eod_violation,0.27,1.0,100,0.08211635068407368,0.024567546139397295,0.08156167986506765,0.04717000147210755,0.12711603067080166,0.8095600000000001,0.007059134541243758,0.8902881034406769,0.005774328388784498,1430.81,494.25,831.44,0.0,1.0
acs_income,hist_gradient_boosting,sex,eod_violation,0.28,1.0,100,0.08211635068407368,0.024567546139397295,0.08156167986506765,0.04717000147210755,0.12711603067080166,0.8095600000000001,0.007059134541243758,0.8902881034406769,0.005774328388784498,1430.81,494.25,831.44,0.0,1.0
acs_income,hist_gradient_boosting,sex,eod_violation,0.29,1.0,100,0.08211635068407368,0.024567546139397295,0.08156167986506765,0.04717000147210755,0.12711603067080166,0.8095600000000001,0.007059134541243758,0.8902881034406769,0.005774328388784498,1430.81,494.25,831.44,0.0,1.0
acs_income,hist_gradient_boosting,sex,eod_violation,0.3,1.0,100,0.08211635068407368,0.024567546139397295,0.08156167986506765,0.04717000147210755,0.12711603067080166,0.8095600000000001,0.007059134541243758,0.8902881034406769,0.005774328388784498,1430.81,494.25,831.44,0.0,1.0
acs_income,hist_gradient_boosting,sex,equalized_odds_violation,0.0,0.0,100,0.08480937243357008,0.02151218312645792,0.08318343915264301,0.051915699271594264,0.12711603067080166,0.8095600000000001,0.007059134541243758,0.8902881034406769,0.005774328388784498,1430.81,494.25,831.44,0.0,1.0
acs_income,hist_gradient_boosting,sex,equalized_odds_violation,0.01,0.0,100,0.08480937243357008,0.02151218312645792,0.08318343915264301,0.051915699271594264,0.12711603067080166,0.8095600000000001,0.007059134541243758,0.8902881034406769,0.005774328388784498,1430.81,494.25,831.44,0.0,1.0
acs_income,hist_gradient_boosting,sex,equalized_odds_violation,0.02,0.0,100,0.08480937243357008,0.02151218312645792,0.08318343915264301,0.051915699271594264,0.12711603067080166,0.8095600000000001,0.007059134541243758,0.8902881034406769,0.005774328388784498,1430.81,494.25,831.44,0.0,1.0
acs_income,hist_gradient_boosting,sex,equalized_odds_violation,0.03,0.0,100,0.08480937243357008,0.02151218312645792,0.08318343915264301,0.051915699271594264,0.12711603067080166,0.8095600000000001,0.007059134541243758,0.8902881034406769,0.005774328388784498,1430.81,494.25,831.44,0.0,1.0
acs_income,hist_gradient_boosting,sex,equalized_odds_violation,0.04,0.02,100,0.08480937243357008,0.02151218312645792,0.08318343915264301,0.051915699271594264,0.12711603067080166,0.8095600000000001,0.007059134541243758,0.8902881034406769,0.005774328388784498,1430.81,494.25,831.44,0.0392,0.9608
acs_income,hist_gradient_boosting,sex,equalized_odds_violation,0.05,0.04,100,0.08480937243357008,0.02151218312645792,0.08318343915264301,0.051915699271594264,0.12711603067080166,0.8095600000000001,0.007059134541243758,0.8902881034406769,0.005774328388784498,1430.81,494.25,831.44,0.0768,0.9232
acs_income,hist_gradient_boosting,sex,equalized_odds_violation,0.06,0.09,100,0.08480937243357008,0.02151218312645792,0.08318343915264301,0.051915699271594264,0.12711603067080166,0.8095600000000001,0.007059134541243758,0.8902881034406769,0.005774328388784498,1430.81,494.25,831.44,0.1638,0.8362
acs_income,hist_gradient_boosting,sex,equalized_odds_violation,0.07,0.25,100,0.08480937243357008,0.02151218312645792,0.08318343915264301,0.051915699271594264,0.12711603067080166,0.8095600000000001,0.007059134541243758,0.8902881034406769,0.005774328388784498,1430.81,494.25,831.44,0.375,0.625
acs_income,hist_gradient_boosting,sex,equalized_odds_violation,0.08,0.45,100,0.08480937243357008,0.02151218312645792,0.08318343915264301,0.051915699271594264,0.12711603067080166,0.8095600000000001,0.007059134541243758,0.8902881034406769,0.005774328388784498,1430.81,494.25,831.44,0.49500000000000005,0.5049999999999999
acs_income,hist_gradient_boosting,sex,equalized_odds_violation,0.09,0.63,100,0.08480937243357008,0.02151218312645792,0.08318343915264301,0.051915699271594264,0.12711603067080166,0.8095600000000001,0.007059134541243758,0.8902881034406769,0.005774328388784498,1430.81,494.25,831.44,0.4662,0.5338
acs_income,hist_gradient_boosting,sex,equalized_odds_violation,0.1,0.77,100,0.08480937243357008,0.02151218312645792,0.08318343915264301,0.051915699271594264,0.12711603067080166,0.8095600000000001,0.007059134541243758,0.8902881034406769,0.005774328388784498,1430.81,494.25,831.44,0.35419999999999996,0.6458
acs_income,hist_gradient_boosting,sex,equalized_odds_violation,0.11,0.88,100,0.08480937243357008,0.02151218312645792,0.08318343915264301,0.051915699271594264,0.12711603067080166,0.8095600000000001,0.007059134541243758,0.8902881034406769,0.005774328388784498,1430.81,494.25,831.44,0.2112,0.7888
acs_income,hist_gradient_boosting,sex,equalized_odds_violation,0.12,0.93,100,0.08480937243357008,0.02151218312645792,0.08318343915264301,0.051915699271594264,0.12711603067080166,0.8095600000000001,0.007059134541243758,0.8902881034406769,0.005774328388784498,1430.81,494.25,831.44,0.13019999999999993,0.8698000000000001
acs_income,hist_gradient_boosting,sex,equalized_odds_violation,0.13,0.96,100,0.08480937243357008,0.02151218312645792,0.08318343915264301,0.051915699271594264,0.12711603067080166,0.8095600000000001,0.007059134541243758,0.8902881034406769,0.005774328388784498,1430.81,494.25,831.44,0.07680000000000006,0.9231999999999999
acs_income,hist_gradient_boosting,sex,equalized_odds_violation,0.14,1.0,100,0.08480937243357008,0.02151218312645792,0.08318343915264301,0.051915699271594264,0.12711603067080166,0.8095600000000001,0.007059134541243758,0.8902881034406769,0.005774328388784498,1430.81,494.25,831.44,0.0,1.0
acs_income,hist_gradient_boosting,sex,equalized_odds_violation,0.15,1.0,100,0.08480937243357008,0.02151218312645792,0.08318343915264301,0.051915699271594264,0.12711603067080166,0.8095600000000001,0.007059134541243758,0.8902881034406769,0.005774328388784498,1430.81,494.25,831.44,0.0,1.0
acs_income,hist_gradient_boosting,sex,equalized_odds_violation,0.16,1.0,100,0.08480937243357008,0.02151218312645792,0.08318343915264301,0.051915699271594264,0.12711603067080166,0.8095600000000001,0.007059134541243758,0.8902881034406769,0.005774328388784498,1430.81,494.25,831.44,0.0,1.0
acs_income,hist_gradient_boosting,sex,equalized_odds_violation,0.17,1.0,100,0.08480937243357008,0.02151218312645792,0.08318343915264301,0.051915699271594264,0.12711603067080166,0.8095600000000001,0.007059134541243758,0.8902881034406769,0.005774328388784498,1430.81,494.25,831.44,0.0,1.0
acs_income,hist_gradient_boosting,sex,equalized_odds_violation,0.18,1.0,100,0.08480937243357008,0.02151218312645792,0.08318343915264301,0.051915699271594264,0.12711603067080166,0.8095600000000001,0.007059134541243758,0.8902881034406769,0.005774328388784498,1430.81,494.25,831.44,0.0,1.0
acs_income,hist_gradient_boosting,sex,equalized_odds_violation,0.19,1.0,100,0.08480937243357008,0.02151218312645792,0.08318343915264301,0.051915699271594264,0.12711603067080166,0.8095600000000001,0.007059134541243758,0.8902881034406769,0.005774328388784498,1430.81,494.25,831.44,0.0,1.0
acs_income,hist_gradient_boosting,sex,equalized_odds_violation,0.2,1.0,100,0.08480937243357008,0.02151218312645792,0.08318343915264301,0.051915699271594264,0.12711603067080166,0.8095600000000001,0.007059134541243758,0.8902881034406769,0.005774328388784498,1430.81,494.25,831.44,0.0,1.0
acs_income,hist_gradient_boosting,sex,equalized_odds_violation,0.21,1.0,100,0.08480937243357008,0.02151218312645792,0.08318343915264301,0.051915699271594264,0.12711603067080166,0.8095600000000001,0.007059134541243758,0.8902881034406769,0.005774328388784498,1430.81,494.25,831.44,0.0,1.0
acs_income,hist_gradient_boosting,sex,equalized_odds_violation,0.22,1.0,100,0.08480937243357008,0.02151218312645792,0.08318343915264301,0.051915699271594264,0.12711603067080166,0.8095600000000001,0.007059134541243758,0.8902881034406769,0.005774328388784498,1430.81,494.25,831.44,0.0,1.0
acs_income,hist_gradient_boosting,sex,equalized_odds_violation,0.23,1.0,100,0.08480937243357008,0.02151218312645792,0.08318343915264301,0.051915699271594264,0.12711603067080166,0.8095600000000001,0.007059134541243758,0.8902881034406769,0.005774328388784498,1430.81,494.25,831.44,0.0,1.0
acs_income,hist_gradient_boosting,sex,equalized_odds_violation,0.24,1.0,100,0.08480937243357008,0.02151218312645792,0.08318343915264301,0.051915699271594264,0.12711603067080166,0.8095600000000001,0.007059134541243758,0.8902881034406769,0.005774328388784498,1430.81,494.25,831.44,0.0,1.0
acs_income,hist_gradient_boosting,sex,equalized_odds_violation,0.25,1.0,100,0.08480937243357008,0.02151218312645792,0.08318343915264301,0.051915699271594264,0.12711603067080166,0.8095600000000001,0.007059134541243758,0.8902881034406769,0.005774328388784498,1430.81,494.25,831.44,0.0,1.0
acs_income,hist_gradient_boosting,sex,equalized_odds_violation,0.26,1.0,100,0.08480937243357008,0.02151218312645792,0.08318343915264301,0.051915699271594264,0.12711603067080166,0.8095600000000001,0.007059134541243758,0.8902881034406769,0.005774328388784498,1430.81,494.25,831.44,0.0,1.0
acs_income,hist_gradient_boosting,sex,equalized_odds_violation,0.27,1.0,100,0.08480937243357008,0.02151218312645792,0.08318343915264301,0.051915699271594264,0.12711603067080166,0.8095600000000001,0.007059134541243758,0.8902881034406769,0.005774328388784498,1430.81,494.25,831.44,0.0,1.0
acs_income,hist_gradient_boosting,sex,equalized_odds_violation,0.28,1.0,100,0.08480937243357008,0.02151218312645792,0.08318343915264301,0.051915699271594264,0.12711603067080166,0.8095600000000001,0.007059134541243758,0.8902881034406769,0.005774328388784498,1430.81,494.25,831.44,0.0,1.0
acs_income,hist_gradient_boosting,sex,equalized_odds_violation,0.29,1.0,100,0.08480937243357008,0.02151218312645792,0.08318343915264301,0.051915699271594264,0.12711603067080166,0.8095600000000001,0.007059134541243758,0.8902881034406769,0.005774328388784498,1430.81,494.25,831.44,0.0,1.0
acs_income,hist_gradient_boosting,sex,equalized_odds_violation,0.3,1.0,100,0.08480937243357008,0.02151218312645792,0.08318343915264301,0.051915699271594264,0.12711603067080166,0.8095600000000001,0.007059134541243758,0.8902881034406769,0.005774328388784498,1430.81,494.25,831.44,0.0,1.0
acs_income,logistic_regression,race,dpd_violation,0.0,0.0,100,0.09921896474663733,0.018003901331888002,0.0990041235500354,0.0706718338441075,0.12891889450904276,0.8132233333333333,0.006126437163901398,0.8929006609199623,0.005340495918854275,1138.78,412.75,726.03,0.0,1.0
acs_income,logistic_regression,race,dpd_violation,0.01,0.0,100,0.09921896474663733,0.018003901331888002,0.0990041235500354,0.0706718338441075,0.12891889450904276,0.8132233333333333,0.006126437163901398,0.8929006609199623,0.005340495918854275,1138.78,412.75,726.03,0.0,1.0
acs_income,logistic_regression,race,dpd_violation,0.02,0.0,100,0.09921896474663733,0.018003901331888002,0.0990041235500354,0.0706718338441075,0.12891889450904276,0.8132233333333333,0.006126437163901398,0.8929006609199623,0.005340495918854275,1138.78,412.75,726.03,0.0,1.0
acs_income,logistic_regression,race,dpd_violation,0.03,0.0,100,0.09921896474663733,0.018003901331888002,0.0990041235500354,0.0706718338441075,0.12891889450904276,0.8132233333333333,0.006126437163901398,0.8929006609199623,0.005340495918854275,1138.78,412.75,726.03,0.0,1.0
acs_income,logistic_regression,race,dpd_violation,0.04,0.0,100,0.09921896474663733,0.018003901331888002,0.0990041235500354,0.0706718338441075,0.12891889450904276,0.8132233333333333,0.006126437163901398,0.8929006609199623,0.005340495918854275,1138.78,412.75,726.03,0.0,1.0
acs_income,logistic_regression,race,dpd_violation,0.05,0.0,100,0.09921896474663733,0.018003901331888002,0.0990041235500354,0.0706718338441075,0.12891889450904276,0.8132233333333333,0.006126437163901398,0.8929006609199623,0.005340495918854275,1138.78,412.75,726.03,0.0,1.0
acs_income,logistic_regression,race,dpd_violation,0.06,0.01,100,0.09921896474663733,0.018003901331888002,0.0990041235500354,0.0706718338441075,0.12891889450904276,0.8132233333333333,0.006126437163901398,0.8929006609199623,0.005340495918854275,1138.78,412.75,726.03,0.0198,0.9802
acs_income,logistic_regression,race,dpd_violation,0.07,0.04,100,0.09921896474663733,0.018003901331888002,0.0990041235500354,0.0706718338441075,0.12891889450904276,0.8132233333333333,0.006126437163901398,0.8929006609199623,0.005340495918854275,1138.78,412.75,726.03,0.0768,0.9232
acs_income,logistic_regression,race,dpd_violation,0.08,0.12,100,0.09921896474663733,0.018003901331888002,0.0990041235500354,0.0706718338441075,0.12891889450904276,0.8132233333333333,0.006126437163901398,0.8929006609199623,0.005340495918854275,1138.78,412.75,726.03,0.2112,0.7888
acs_income,logistic_regression,race,dpd_violation,0.09,0.32,100,0.09921896474663733,0.018003901331888002,0.0990041235500354,0.0706718338441075,0.12891889450904276,0.8132233333333333,0.006126437163901398,0.8929006609199623,0.005340495918854275,1138.78,412.75,726.03,0.4352,0.5648
acs_income,logistic_regression,race,dpd_violation,0.1,0.53,100,0.09921896474663733,0.018003901331888002,0.0990041235500354,0.0706718338441075,0.12891889450904276,0.8132233333333333,0.006126437163901398,0.8929006609199623,0.005340495918854275,1138.78,412.75,726.03,0.4982,0.5018
acs_income,logistic_regression,race,dpd_violation,0.11,0.76,100,0.09921896474663733,0.018003901331888002,0.0990041235500354,0.0706718338441075,0.12891889450904276,0.8132233333333333,0.006126437163901398,0.8929006609199623,0.005340495918854275,1138.78,412.75,726.03,0.3648,0.6352
acs_income,logistic_regression,race,dpd_violation,0.12,0.87,100,0.09921896474663733,0.018003901331888002,0.0990041235500354,0.0706718338441075,0.12891889450904276,0.8132233333333333,0.006126437163901398,0.8929006609199623,0.005340495918854275,1138.78,412.75,726.03,0.2262,0.7738
acs_income,logistic_regression,race,dpd_violation,0.13,0.95,100,0.09921896474663733,0.018003901331888002,0.0990041235500354,0.0706718338441075,0.12891889450904276,0.8132233333333333,0.006126437163901398,0.8929006609199623,0.005340495918854275,1138.78,412.75,726.03,0.09500000000000008,0.9049999999999999
acs_income,logistic_regression,race,dpd_violation,0.14,0.99,100,0.09921896474663733,0.018003901331888002,0.0990041235500354,0.0706718338441075,0.12891889450904276,0.8132233333333333,0.006126437163901398,0.8929006609199623,0.005340495918854275,1138.78,412.75,726.03,0.01980000000000002,0.9802
acs_income,logistic_regression,race,dpd_violation,0.15,1.0,100,0.09921896474663733,0.018003901331888002,0.0990041235500354,0.0706718338441075,0.12891889450904276,0.8132233333333333,0.006126437163901398,0.8929006609199623,0.005340495918854275,1138.78,412.75,726.03,0.0,1.0
acs_income,logistic_regression,race,dpd_violation,0.16,1.0,100,0.09921896474663733,0.018003901331888002,0.0990041235500354,0.0706718338441075,0.12891889450904276,0.8132233333333333,0.006126437163901398,0.8929006609199623,0.005340495918854275,1138.78,412.75,726.03,0.0,1.0
acs_income,logistic_regression,race,dpd_violation,0.17,1.0,100,0.09921896474663733,0.018003901331888002,0.0990041235500354,0.0706718338441075,0.12891889450904276,0.8132233333333333,0.006126437163901398,0.8929006609199623,0.005340495918854275,1138.78,412.75,726.03,0.0,1.0
acs_income,logistic_regression,race,dpd_violation,0.18,1.0,100,0.09921896474663733,0.018003901331888002,0.0990041235500354,0.0706718338441075,0.12891889450904276,0.8132233333333333,0.006126437163901398,0.8929006609199623,0.005340495918854275,1138.78,412.75,726.03,0.0,1.0
acs_income,logistic_regression,race,dpd_violation,0.19,1.0,100,0.09921896474663733,0.018003901331888002,0.0990041235500354,0.0706718338441075,0.12891889450904276,0.8132233333333333,0.006126437163901398,0.8929006609199623,0.005340495918854275,1138.78,412.75,726.03,0.0,1.0
acs_income,logistic_regression,race,dpd_violation,0.2,1.0,100,0.09921896474663733,0.018003901331888002,0.0990041235500354,0.0706718338441075,0.12891889450904276,0.8132233333333333,0.006126437163901398,0.8929006609199623,0.005340495918854275,1138.78,412.75,726.03,0.0,1.0
acs_income,logistic_regression,race,dpd_violation,0.21,1.0,100,0.09921896474663733,0.018003901331888002,0.0990041235500354,0.0706718338441075,0.12891889450904276,0.8132233333333333,0.006126437163901398,0.8929006609199623,0.005340495918854275,1138.78,412.75,726.03,0.0,1.0
acs_income,logistic_regression,race,dpd_violation,0.22,1.0,100,0.09921896474663733,0.018003901331888002,0.0990041235500354,0.0706718338441075,0.12891889450904276,0.8132233333333333,0.006126437163901398,0.8929006609199623,0.005340495918854275,1138.78,412.75,726.03,0.0,1.0
acs_income,logistic_regression,race,dpd_violation,0.23,1.0,100,0.09921896474663733,0.018003901331888002,0.0990041235500354,0.0706718338441075,0.12891889450904276,0.8132233333333333,0.006126437163901398,0.8929006609199623,0.005340495918854275,1138.78,412.75,726.03,0.0,1.0
acs_income,logistic_regression,race,dpd_violation,0.24,1.0,100,0.09921896474663733,0.018003901331888002,0.0990041235500354,0.0706718338441075,0.12891889450904276,0.8132233333333333,0.006126437163901398,0.8929006609199623,0.005340495918854275,1138.78,412.75,726.03,0.0,1.0
acs_income,logistic_regression,race,dpd_violation,0.25,1.0,100,0.09921896474663733,0.018003901331888002,0.0990041235500354,0.0706718338441075,0.12891889450904276,0.8132233333333333,0.006126437163901398,0.8929006609199623,0.005340495918854275,1138.78,412.75,726.03,0.0,1.0
acs_income,logistic_regression,race,dpd_violation,0.26,1.0,100,0.09921896474663733,0.018003901331888002,0.0990041235500354,0.0706718338441075,0.12891889450904276,0.8132233333333333,0.006126437163901398,0.8929006609199623,0.005340495918854275,1138.78,412.75,726.03,0.0,1.0
acs_income,logistic_regression,race,dpd_violation,0.27,1.0,100,0.09921896474663733,0.018003901331888002,0.0990041235500354,0.0706718338441075,0.12891889450904276,0.8132233333333333,0.006126437163901398,0.8929006609199623,0.005340495918854275,1138.78,412.75,726.03,0.0,1.0
acs_income,logistic_regression,race,dpd_violation,0.28,1.0,100,0.09921896474663733,0.018003901331888002,0.0990041235500354,0.0706718338441075,0.12891889450904276,0.8132233333333333,0.006126437163901398,0.8929006609199623,0.005340495918854275,1138.78,412.75,726.03,0.0,1.0
acs_income,logistic_regression,race,dpd_violation,0.29,1.0,100,0.09921896474663733,0.018003901331888002,0.0990041235500354,0.0706718338441075,0.12891889450904276,0.8132233333333333,0.006126437163901398,0.8929006609199623,0.005340495918854275,1138.78,412.75,726.03,0.0,1.0
acs_income,logistic_regression,race,dpd_violation,0.3,1.0,100,0.09921896474663733,0.018003901331888002,0.0990041235500354,0.0706718338441075,0.12891889450904276,0.8132233333333333,0.006126437163901398,0.8929006609199623,0.005340495918854275,1138.78,412.75,726.03,0.0,1.0
acs_income,logistic_regression,race,dpr_violation,0.0,0.0,100,0.22172965868845498,0.03679347001736317,0.2237513623453015,0.1649013574857767,0.281895074954144,0.8132233333333333,0.006126437163901398,0.8929006609199623,0.005340495918854275,1138.78,412.75,726.03,0.0,1.0
acs_income,logistic_regression,race,dpr_violation,0.010000000000000009,0.0,100,0.22172965868845498,0.03679347001736317,0.2237513623453015,0.1649013574857767,0.281895074954144,0.8132233333333333,0.006126437163901398,0.8929006609199623,0.005340495918854275,1138.78,412.75,726.03,0.0,1.0
acs_income,logistic_regression,race,dpr_violation,0.020000000000000018,0.0,100,0.22172965868845498,0.03679347001736317,0.2237513623453015,0.1649013574857767,0.281895074954144,0.8132233333333333,0.006126437163901398,0.8929006609199623,0.005340495918854275,1138.78,412.75,726.03,0.0,1.0
acs_income,logistic_regression,race,dpr_violation,0.030000000000000027,0.0,100,0.22172965868845498,0.03679347001736317,0.2237513623453015,0.1649013574857767,0.281895074954144,0.8132233333333333,0.006126437163901398,0.8929006609199623,0.005340495918854275,1138.78,412.75,726.03,0.0,1.0
acs_income,logistic_regression,race,dpr_violation,0.040000000000000036,0.0,100,0.22172965868845498,0.03679347001736317,0.2237513623453015,0.1649013574857767,0.281895074954144,0.8132233333333333,0.006126437163901398,0.8929006609199623,0.005340495918854275,1138.78,412.75,726.03,0.0,1.0
acs_income,logistic_regression,race,dpr_violation,0.050000000000000044,0.0,100,0.22172965868845498,0.03679347001736317,0.2237513623453015,0.1649013574857767,0.281895074954144,0.8132233333333333,0.006126437163901398,0.8929006609199623,0.005340495918854275,1138.78,412.75,726.03,0.0,1.0
acs_income,logistic_regression,race,dpr_violation,0.06000000000000005,0.0,100,0.22172965868845498,0.03679347001736317,0.2237513623453015,0.1649013574857767,0.281895074954144,0.8132233333333333,0.006126437163901398,0.8929006609199623,0.005340495918854275,1138.78,412.75,726.03,0.0,1.0
acs_income,logistic_regression,race,dpr_violation,0.06999999999999995,0.0,100,0.22172965868845498,0.03679347001736317,0.2237513623453015,0.1649013574857767,0.281895074954144,0.8132233333333333,0.006126437163901398,0.8929006609199623,0.005340495918854275,1138.78,412.75,726.03,0.0,1.0
acs_income,logistic_regression,race,dpr_violation,0.07999999999999996,0.0,100,0.22172965868845498,0.03679347001736317,0.2237513623453015,0.1649013574857767,0.281895074954144,0.8132233333333333,0.006126437163901398,0.8929006609199623,0.005340495918854275,1138.78,412.75,726.03,0.0,1.0
acs_income,logistic_regression,race,dpr_violation,0.08999999999999997,0.0,100,0.22172965868845498,0.03679347001736317,0.2237513623453015,0.1649013574857767,0.281895074954144,0.8132233333333333,0.006126437163901398,0.8929006609199623,0.005340495918854275,1138.78,412.75,726.03,0.0,1.0
acs_income,logistic_regression,race,dpr_violation,0.09999999999999998,0.0,100,0.22172965868845498,0.03679347001736317,0.2237513623453015,0.1649013574857767,0.281895074954144,0.8132233333333333,0.006126437163901398,0.8929006609199623,0.005340495918854275,1138.78,412.75,726.03,0.0,1.0
acs_income,logistic_regression,race,dpr_violation,0.10999999999999999,0.0,100,0.22172965868845498,0.03679347001736317,0.2237513623453015,0.1649013574857767,0.281895074954144,0.8132233333333333,0.006126437163901398,0.8929006609199623,0.005340495918854275,1138.78,412.75,726.03,0.0,1.0
acs_income,logistic_regression,race,dpr_violation,0.12,0.0,100,0.22172965868845498,0.03679347001736317,0.2237513623453015,0.1649013574857767,0.281895074954144,0.8132233333333333,0.006126437163901398,0.8929006609199623,0.005340495918854275,1138.78,412.75,726.03,0.0,1.0
acs_income,logistic_regression,race,dpr_violation,0.13,0.01,100,0.22172965868845498,0.03679347001736317,0.2237513623453015,0.1649013574857767,0.281895074954144,0.8132233333333333,0.006126437163901398,0.8929006609199623,0.005340495918854275,1138.78,412.75,726.03,0.0198,0.9802
acs_income,logistic_regression,race,dpr_violation,0.14,0.02,100,0.22172965868845498,0.03679347001736317,0.2237513623453015,0.1649013574857767,0.281895074954144,0.8132233333333333,0.006126437163901398,0.8929006609199623,0.005340495918854275,1138.78,412.75,726.03,0.0392,0.9608
acs_income,logistic_regression,race,dpr_violation,0.15000000000000002,0.02,100,0.22172965868845498,0.03679347001736317,0.2237513623453015,0.1649013574857767,0.281895074954144,0.8132233333333333,0.006126437163901398,0.8929006609199623,0.005340495918854275,1138.78,412.75,726.03,0.0392,0.9608
acs_income,logistic_regression,race,dpr_violation,0.16000000000000003,0.04,100,0.22172965868845498,0.03679347001736317,0.2237513623453015,0.1649013574857767,0.281895074954144,0.8132233333333333,0.006126437163901398,0.8929006609199623,0.005340495918854275,1138.78,412.75,726.03,0.0768,0.9232
acs_income,logistic_regression,race,dpr_violation,0.17000000000000004,0.09,100,0.22172965868845498,0.03679347001736317,0.2237513623453015,0.1649013574857767,0.281895074954144,0.8132233333333333,0.006126437163901398,0.8929006609199623,0.005340495918854275,1138.78,412.75,726.03,0.1638,0.8362
acs_income,logistic_regression,race,dpr_violation,0.18000000000000005,0.12,100,0.22172965868845498,0.03679347001736317,0.2237513623453015,0.1649013574857767,0.281895074954144,0.8132233333333333,0.006126437163901398,0.8929006609199623,0.005340495918854275,1138.78,412.75,726.03,0.2112,0.7888
acs_income,logistic_regression,race,dpr_violation,0.18999999999999995,0.21,100,0.22172965868845498,0.03679347001736317,0.2237513623453015,0.1649013574857767,0.281895074954144,0.8132233333333333,0.006126437163901398,0.8929006609199623,0.005340495918854275,1138.78,412.75,726.03,0.3318,0.6682
acs_income,logistic_regression,race,dpr_violation,0.19999999999999996,0.28,100,0.22172965868845498,0.03679347001736317,0.2237513623453015,0.1649013574857767,0.281895074954144,0.8132233333333333,0.006126437163901398,0.8929006609199623,0.005340495918854275,1138.78,412.75,726.03,0.4032,0.5968
acs_income,logistic_regression,race,dpr_violation,0.20999999999999996,0.38,100,0.22172965868845498,0.03679347001736317,0.2237513623453015,0.1649013574857767,0.281895074954144,0.8132233333333333,0.006126437163901398,0.8929006609199623,0.005340495918854275,1138.78,412.75,726.03,0.4712,0.5287999999999999
acs_income,logistic_regression,race,dpr_violation,0.21999999999999997,0.45,100,0.22172965868845498,0.03679347001736317,0.2237513623453015,0.1649013574857767,0.281895074954144,0.8132233333333333,0.006126437163901398,0.8929006609199623,0.005340495918854275,1138.78,412.75,726.03,0.49500000000000005,0.5049999999999999
acs_income,logistic_regression,race,dpr_violation,0.22999999999999998,0.59,100,0.22172965868845498,0.03679347001736317,0.2237513623453015,0.1649013574857767,0.281895074954144,0.8132233333333333,0.006126437163901398,0.8929006609199623,0.005340495918854275,1138.78,412.75,726.03,0.4838,0.5162
acs_income,logistic_regression,race,dpr_violation,0.24,0.72,100,0.22172965868845498,0.03679347001736317,0.2237513623453015,0.1649013574857767,0.281895074954144,0.8132233333333333,0.006126437163901398,0.8929006609199623,0.005340495918854275,1138.78,412.75,726.03,0.4032,0.5968
acs_income,logistic_regression,race,dpr_violation,0.25,0.8,100,0.22172965868845498,0.03679347001736317,0.2237513623453015,0.1649013574857767,0.281895074954144,0.8132233333333333,0.006126437163901398,0.8929006609199623,0.005340495918854275,1138.78,412.75,726.03,0.31999999999999995,0.68
acs_income,logistic_regression,race,dpr_violation,0.26,0.86,100,0.22172965868845498,0.03679347001736317,0.2237513623453015,0.1649013574857767,0.281895074954144,0.8132233333333333,0.006126437163901398,0.8929006609199623,0.005340495918854275,1138.78,412.75,726.03,0.24080000000000001,0.7592
acs_income,logistic_regression,race,dpr_violation,0.27,0.91,100,0.22172965868845498,0.03679347001736317,0.2237513623453015,0.1649013574857767,0.281895074954144,0.8132233333333333,0.006126437163901398,0.8929006609199623,0.005340495918854275,1138.78,412.75,726.03,0.16379999999999995,0.8362
acs_income,logistic_regression,race,dpr_violation,0.28,0.94,100,0.22172965868845498,0.03679347001736317,0.2237513623453015,0.1649013574857767,0.281895074954144,0.8132233333333333,0.006126437163901398,0.8929006609199623,0.005340495918854275,1138.78,412.75,726.03,0.1128000000000001,0.8871999999999999
acs_income,logistic_regression,race,dpr_violation,0.29000000000000004,0.96,100,0.22172965868845498,0.03679347001736317,0.2237513623453015,0.1649013574857767,0.281895074954144,0.8132233333333333,0.006126437163901398,0.8929006609199623,0.005340495918854275,1138.78,412.75,726.03,0.07680000000000006,0.9231999999999999
acs_income,logistic_regression,race,dpr_violation,0.30000000000000004,0.97,100,0.22172965868845498,0.03679347001736317,0.2237513623453015,0.1649013574857767,0.281895074954144,0.8132233333333333,0.006126437163901398,0.8929006609199623,0.005340495918854275,1138.78,412.75,726.03,0.05820000000000005,0.9418
acs_income,logistic_regression,race,dpr_violation,0.31000000000000005,0.99,100,0.22172965868845498,0.03679347001736317,0.2237513623453015,0.1649013574857767,0.281895074954144,0.8132233333333333,0.006126437163901398,0.8929006609199623,0.005340495918854275,1138.78,412.75,726.03,0.01980000000000002,0.9802
acs_income,logistic_regression,race,dpr_violation,0.31999999999999995,1.0,100,0.22172965868845498,0.03679347001736317,0.2237513623453015,0.1649013574857767,0.281895074954144,0.8132233333333333,0.006126437163901398,0.8929006609199623,0.005340495918854275,1138.78,412.75,726.03,0.0,1.0
acs_income,logistic_regression,race,dpr_violation,0.32999999999999996,1.0,100,0.22172965868845498,0.03679347001736317,0.2237513623453015,0.1649013574857767,0.281895074954144,0.8132233333333333,0.006126437163901398,0.8929006609199623,0.005340495918854275,1138.78,412.75,726.03,0.0,1.0
acs_income,logistic_regression,race,dpr_violation,0.33999999999999997,1.0,100,0.22172965868845498,0.03679347001736317,0.2237513623453015,0.1649013574857767,0.281895074954144,0.8132233333333333,0.006126437163901398,0.8929006609199623,0.005340495918854275,1138.78,412.75,726.03,0.0,1.0
acs_income,logistic_regression,race,dpr_violation,0.35,1.0,100,0.22172965868845498,0.03679347001736317,0.2237513623453015,0.1649013574857767,0.281895074954144,0.8132233333333333,0.006126437163901398,0.8929006609199623,0.005340495918854275,1138.78,412.75,726.03,0.0,1.0
acs_income,logistic_regression,race,dpr_violation,0.36,1.0,100,0.22172965868845498,0.03679347001736317,0.2237513623453015,0.1649013574857767,0.281895074954144,0.8132233333333333,0.006126437163901398,0.8929006609199623,0.005340495918854275,1138.78,412.75,726.03,0.0,1.0
acs_income,logistic_regression,race,dpr_violation,0.37,1.0,100,0.22172965868845498,0.03679347001736317,0.2237513623453015,0.1649013574857767,0.281895074954144,0.8132233333333333,0.006126437163901398,0.8929006609199623,0.005340495918854275,1138.78,412.75,726.03,0.0,1.0
acs_income,logistic_regression,race,dpr_violation,0.38,1.0,100,0.22172965868845498,0.03679347001736317,0.2237513623453015,0.1649013574857767,0.281895074954144,0.8132233333333333,0.006126437163901398,0.8929006609199623,0.005340495918854275,1138.78,412.75,726.03,0.0,1.0
acs_income,logistic_regression,race,dpr_violation,0.39,1.0,100,0.22172965868845498,0.03679347001736317,0.2237513623453015,0.1649013574857767,0.281895074954144,0.8132233333333333,0.006126437163901398,0.8929006609199623,0.005340495918854275,1138.78,412.75,726.03,0.0,1.0
acs_income,logistic_regression,race,dpr_violation,0.4,1.0,100,0.22172965868845498,0.03679347001736317,0.2237513623453015,0.1649013574857767,0.281895074954144,0.8132233333333333,0.006126437163901398,0.8929006609199623,0.005340495918854275,1138.78,412.75,726.03,0.0,1.0
acs_income,logistic_regression,race,eod_violation,0.0,0.0,100,0.0698532100137038,0.03021711274927472,0.07169026313049386,0.015814337308698165,0.12527612301468652,0.8132233333333333,0.006126437163901398,0.8929006609199623,0.005340495918854275,1138.78,412.75,726.03,0.0,1.0
acs_income,logistic_regression,race,eod_violation,0.01,0.01,100,0.0698532100137038,0.03021711274927472,0.07169026313049386,0.015814337308698165,0.12527612301468652,0.8132233333333333,0.006126437163901398,0.8929006609199623,0.005340495918854275,1138.78,412.75,726.03,0.0198,0.9802
acs_income,logistic_regression,race,eod_violation,0.02,0.06,100,0.0698532100137038,0.03021711274927472,0.07169026313049386,0.015814337308698165,0.12527612301468652,0.8132233333333333,0.006126437163901398,0.8929006609199623,0.005340495918854275,1138.78,412.75,726.03,0.11279999999999998,0.8872
acs_income,logistic_regression,race,eod_violation,0.03,0.1,100,0.0698532100137038,0.03021711274927472,0.07169026313049386,0.015814337308698165,0.12527612301468652,0.8132233333333333,0.006126437163901398,0.8929006609199623,0.005340495918854275,1138.78,412.75,726.03,0.18000000000000002,0.82
acs_income,logistic_regression,race,eod_violation,0.04,0.16,100,0.0698532100137038,0.03021711274927472,0.07169026313049386,0.015814337308698165,0.12527612301468652,0.8132233333333333,0.006126437163901398,0.8929006609199623,0.005340495918854275,1138.78,412.75,726.03,0.2688,0.7312000000000001
acs_income,logistic_regression,race,eod_violation,0.05,0.22,100,0.0698532100137038,0.03021711274927472,0.07169026313049386,0.015814337308698165,0.12527612301468652,0.8132233333333333,0.006126437163901398,0.8929006609199623,0.005340495918854275,1138.78,412.75,726.03,0.3432,0.6568
acs_income,logistic_regression,race,eod_violation,0.06,0.38,100,0.0698532100137038,0.03021711274927472,0.07169026313049386,0.015814337308698165,0.12527612301468652,0.8132233333333333,0.006126437163901398,0.8929006609199623,0.005340495918854275,1138.78,412.75,726.03,0.4712,0.5287999999999999
acs_income,logistic_regression,race,eod_violation,0.07,0.47,100,0.0698532100137038,0.03021711274927472,0.07169026313049386,0.015814337308698165,0.12527612301468652,0.8132233333333333,0.006126437163901398,0.8929006609199623,0.005340495918854275,1138.78,412.75,726.03,0.4982,0.5018
acs_income,logistic_regression,race,eod_violation,0.08,0.66,100,0.0698532100137038,0.03021711274927472,0.07169026313049386,0.015814337308698165,0.12527612301468652,0.8132233333333333,0.006126437163901398,0.8929006609199623,0.005340495918854275,1138.78,412.75,726.03,0.4488,0.5512
acs_income,logistic_regression,race,eod_violation,0.09,0.81,100,0.0698532100137038,0.03021711274927472,0.07169026313049386,0.015814337308698165,0.12527612301468652,0.8132233333333333,0.006126437163901398,0.8929006609199623,0.005340495918854275,1138.78,412.75,726.03,0.3077999999999999,0.6922000000000001
acs_income,logistic_regression,race,eod_violation,0.1,0.9,100,0.0698532100137038,0.03021711274927472,0.07169026313049386,0.015814337308698165,0.12527612301468652,0.8132233333333333,0.006126437163901398,0.8929006609199623,0.005340495918854275,1138.78,412.75,726.03,0.17999999999999997,0.8200000000000001
acs_income,logistic_regression,race,eod_violation,0.11,0.93,100,0.0698532100137038,0.03021711274927472,0.07169026313049386,0.015814337308698165,0.12527612301468652,0.8132233333333333,0.006126437163901398,0.8929006609199623,0.005340495918854275,1138.78,412.75,726.03,0.13019999999999993,0.8698000000000001
acs_income,logistic_regression,race,eod_violation,0.12,0.94,100,0.0698532100137038,0.03021711274927472,0.07169026313049386,0.015814337308698165,0.12527612301468652,0.8132233333333333,0.006126437163901398,0.8929006609199623,0.005340495918854275,1138.78,412.75,726.03,0.1128000000000001,0.8871999999999999
acs_income,logistic_regression,race,eod_violation,0.13,0.95,100,0.0698532100137038,0.03021711274927472,0.07169026313049386,0.015814337308698165,0.12527612301468652,0.8132233333333333,0.006126437163901398,0.8929006609199623,0.005340495918854275,1138.78,412.75,726.03,0.09500000000000008,0.9049999999999999
acs_income,logistic_regression,race,eod_violation,0.14,0.98,100,0.0698532100137038,0.03021711274927472,0.07169026313049386,0.015814337308698165,0.12527612301468652,0.8132233333333333,0.006126437163901398,0.8929006609199623,0.005340495918854275,1138.78,412.75,726.03,0.03920000000000003,0.9608
acs_income,logistic_regression,race,eod_violation,0.15,0.98,100,0.0698532100137038,0.03021711274927472,0.07169026313049386,0.015814337308698165,0.12527612301468652,0.8132233333333333,0.006126437163901398,0.8929006609199623,0.005340495918854275,1138.78,412.75,726.03,0.03920000000000003,0.9608
acs_income,logistic_regression,race,eod_violation,0.16,0.99,100,0.0698532100137038,0.03021711274927472,0.07169026313049386,0.015814337308698165,0.12527612301468652,0.8132233333333333,0.006126437163901398,0.8929006609199623,0.005340495918854275,1138.78,412.75,726.03,0.01980000000000002,0.9802
acs_income,logistic_regression,race,eod_violation,0.17,1.0,100,0.0698532100137038,0.03021711274927472,0.07169026313049386,0.015814337308698165,0.12527612301468652,0.8132233333333333,0.006126437163901398,0.8929006609199623,0.005340495918854275,1138.78,412.75,726.03,0.0,1.0
acs_income,logistic_regression,race,eod_violation,0.18,1.0,100,0.0698532100137038,0.03021711274927472,0.07169026313049386,0.015814337308698165,0.12527612301468652,0.8132233333333333,0.006126437163901398,0.8929006609199623,0.005340495918854275,1138.78,412.75,726.03,0.0,1.0
acs_income,logistic_regression,race,eod_violation,0.19,1.0,100,0.0698532100137038,0.03021711274927472,0.07169026313049386,0.015814337308698165,0.12527612301468652,0.8132233333333333,0.006126437163901398,0.8929006609199623,0.005340495918854275,1138.78,412.75,726.03,0.0,1.0
acs_income,logistic_regression,race,eod_violation,0.2,1.0,100,0.0698532100137038,0.03021711274927472,0.07169026313049386,0.015814337308698165,0.12527612301468652,0.8132233333333333,0.006126437163901398,0.8929006609199623,0.005340495918854275,1138.78,412.75,726.03,0.0,1.0
acs_income,logistic_regression,race,eod_violation,0.21,1.0,100,0.0698532100137038,0.03021711274927472,0.07169026313049386,0.015814337308698165,0.12527612301468652,0.8132233333333333,0.006126437163901398,0.8929006609199623,0.005340495918854275,1138.78,412.75,726.03,0.0,1.0
acs_income,logistic_regression,race,eod_violation,0.22,1.0,100,0.0698532100137038,0.03021711274927472,0.07169026313049386,0.015814337308698165,0.12527612301468652,0.8132233333333333,0.006126437163901398,0.8929006609199623,0.005340495918854275,1138.78,412.75,726.03,0.0,1.0
acs_income,logistic_regression,race,eod_violation,0.23,1.0,100,0.0698532100137038,0.03021711274927472,0.07169026313049386,0.015814337308698165,0.12527612301468652,0.8132233333333333,0.006126437163901398,0.8929006609199623,0.005340495918854275,1138.78,412.75,726.03,0.0,1.0
acs_income,logistic_regression,race,eod_violation,0.24,1.0,100,0.0698532100137038,0.03021711274927472,0.07169026313049386,0.015814337308698165,0.12527612301468652,0.8132233333333333,0.006126437163901398,0.8929006609199623,0.005340495918854275,1138.78,412.75,726.03,0.0,1.0
acs_income,logistic_regression,race,eod_violation,0.25,1.0,100,0.0698532100137038,0.03021711274927472,0.07169026313049386,0.015814337308698165,0.12527612301468652,0.8132233333333333,0.006126437163901398,0.8929006609199623,0.005340495918854275,1138.78,412.75,726.03,0.0,1.0
acs_income,logistic_regression,race,eod_violation,0.26,1.0,100,0.0698532100137038,0.03021711274927472,0.07169026313049386,0.015814337308698165,0.12527612301468652,0.8132233333333333,0.006126437163901398,0.8929006609199623,0.005340495918854275,1138.78,412.75,726.03,0.0,1.0
acs_income,logistic_regression,race,eod_violation,0.27,1.0,100,0.0698532100137038,0.03021711274927472,0.07169026313049386,0.015814337308698165,0.12527612301468652,0.8132233333333333,0.006126437163901398,0.8929006609199623,0.005340495918854275,1138.78,412.75,726.03,0.0,1.0
acs_income,logistic_regression,race,eod_violation,0.28,1.0,100,0.0698532100137038,0.03021711274927472,0.07169026313049386,0.015814337308698165,0.12527612301468652,0.8132233333333333,0.006126437163901398,0.8929006609199623,0.005340495918854275,1138.78,412.75,726.03,0.0,1.0
acs_income,logistic_regression,race,eod_violation,0.29,1.0,100,0.0698532100137038,0.03021711274927472,0.07169026313049386,0.015814337308698165,0.12527612301468652,0.8132233333333333,0.006126437163901398,0.8929006609199623,0.005340495918854275,1138.78,412.75,726.03,0.0,1.0
acs_income,logistic_regression,race,eod_violation,0.3,1.0,100,0.0698532100137038,0.03021711274927472,0.07169026313049386,0.015814337308698165,0.12527612301468652,0.8132233333333333,0.006126437163901398,0.8929006609199623,0.005340495918854275,1138.78,412.75,726.03,0.0,1.0
acs_income,logistic_regression,race,equalized_odds_violation,0.0,0.0,100,0.07324413783046617,0.026565571258071696,0.0729841857362768,0.035267523823769395,0.12527612301468652,0.8132233333333333,0.006126437163901398,0.8929006609199623,0.005340495918854275,1138.78,412.75,726.03,0.0,1.0
acs_income,logistic_regression,race,equalized_odds_violation,0.01,0.0,100,0.07324413783046617,0.026565571258071696,0.0729841857362768,0.035267523823769395,0.12527612301468652,0.8132233333333333,0.006126437163901398,0.8929006609199623,0.005340495918854275,1138.78,412.75,726.03,0.0,1.0
acs_income,logistic_regression,race,equalized_odds_violation,0.02,0.01,100,0.07324413783046617,0.026565571258071696,0.0729841857362768,0.035267523823769395,0.12527612301468652,0.8132233333333333,0.006126437163901398,0.8929006609199623,0.005340495918854275,1138.78,412.75,726.03,0.0198,0.9802
acs_income,logistic_regression,race,equalized_odds_violation,0.03,0.03,100,0.07324413783046617,0.026565571258071696,0.0729841857362768,0.035267523823769395,0.12527612301468652,0.8132233333333333,0.006126437163901398,0.8929006609199623,0.005340495918854275,1138.78,412.75,726.03,0.058199999999999995,0.9418
acs_income,logistic_regression,race,equalized_odds_violation,0.04,0.1,100,0.07324413783046617,0.026565571258071696,0.0729841857362768,0.035267523823769395,0.12527612301468652,0.8132233333333333,0.006126437163901398,0.8929006609199623,0.005340495918854275,1138.78,412.75,726.03,0.18000000000000002,0.82
acs_income,logistic_regression,race,equalized_odds_violation,0.05,0.17,100,0.07324413783046617,0.026565571258071696,0.0729841857362768,0.035267523823769395,0.12527612301468652,0.8132233333333333,0.006126437163901398,0.8929006609199623,0.005340495918854275,1138.78,412.75,726.03,0.2822,0.7178
acs_income,logistic_regression,race,equalized_odds_violation,0.06,0.33,100,0.07324413783046617,0.026565571258071696,0.0729841857362768,0.035267523823769395,0.12527612301468652,0.8132233333333333,0.006126437163901398,0.8929006609199623,0.005340495918854275,1138.78,412.75,726.03,0.4422,0.5578000000000001
acs_income,logistic_regression,race,equalized_odds_violation,0.07,0.44,100,0.07324413783046617,0.026565571258071696,0.0729841857362768,0.035267523823769395,0.12527612301468652,0.8132233333333333,0.006126437163901398,0.8929006609199623,0.005340495918854275,1138.78,412.75,726.03,0.49280000000000007,0.5071999999999999
acs_income,logistic_regression,race,equalized_odds_violation,0.08,0.65,100,0.07324413783046617,0.026565571258071696,0.0729841857362768,0.035267523823769395,0.12527612301468652,0.8132233333333333,0.006126437163901398,0.8929006609199623,0.005340495918854275,1138.78,412.75,726.03,0.45499999999999996,0.545
acs_income,logistic_regression,race,equalized_odds_violation,0.09,0.81,100,0.07324413783046617,0.026565571258071696,0.0729841857362768,0.035267523823769395,0.12527612301468652,0.8132233333333333,0.006126437163901398,0.8929006609199623,0.005340495918854275,1138.78,412.75,726.03,0.3077999999999999,0.6922000000000001
acs_income,logistic_regression,race,equalized_odds_violation,0.1,0.9,100,0.07324413783046617,0.026565571258071696,0.0729841857362768,0.035267523823769395,0.12527612301468652,0.8132233333333333,0.006126437163901398,0.8929006609199623,0.005340495918854275,1138.78,412.75,726.03,0.17999999999999997,0.8200000000000001
acs_income,logistic_regression,race,equalized_odds_violation,0.11,0.93,100,0.07324413783046617,0.026565571258071696,0.0729841857362768,0.035267523823769395,0.12527612301468652,0.8132233333333333,0.006126437163901398,0.8929006609199623,0.005340495918854275,1138.78,412.75,726.03,0.13019999999999993,0.8698000000000001
acs_income,logistic_regression,race,equalized_odds_violation,0.12,0.94,100,0.07324413783046617,0.026565571258071696,0.0729841857362768,0.035267523823769395,0.12527612301468652,0.8132233333333333,0.006126437163901398,0.8929006609199623,0.005340495918854275,1138.78,412.75,726.03,0.1128000000000001,0.8871999999999999
acs_income,logistic_regression,race,equalized_odds_violation,0.13,0.95,100,0.07324413783046617,0.026565571258071696,0.0729841857362768,0.035267523823769395,0.12527612301468652,0.8132233333333333,0.006126437163901398,0.8929006609199623,0.005340495918854275,1138.78,412.75,726.03,0.09500000000000008,0.9049999999999999
acs_income,logistic_regression,race,equalized_odds_violation,0.14,0.98,100,0.07324413783046617,0.026565571258071696,0.0729841857362768,0.035267523823769395,0.12527612301468652,0.8132233333333333,0.006126437163901398,0.8929006609199623,0.005340495918854275,1138.78,412.75,726.03,0.03920000000000003,0.9608
acs_income,logistic_regression,race,equalized_odds_violation,0.15,0.98,100,0.07324413783046617,0.026565571258071696,0.0729841857362768,0.035267523823769395,0.12527612301468652,0.8132233333333333,0.006126437163901398,0.8929006609199623,0.005340495918854275,1138.78,412.75,726.03,0.03920000000000003,0.9608
acs_income,logistic_regression,race,equalized_odds_violation,0.16,0.99,100,0.07324413783046617,0.026565571258071696,0.0729841857362768,0.035267523823769395,0.12527612301468652,0.8132233333333333,0.006126437163901398,0.8929006609199623,0.005340495918854275,1138.78,412.75,726.03,0.01980000000000002,0.9802
acs_income,logistic_regression,race,equalized_odds_violation,0.17,1.0,100,0.07324413783046617,0.026565571258071696,0.0729841857362768,0.035267523823769395,0.12527612301468652,0.8132233333333333,0.006126437163901398,0.8929006609199623,0.005340495918854275,1138.78,412.75,726.03,0.0,1.0
acs_income,logistic_regression,race,equalized_odds_violation,0.18,1.0,100,0.07324413783046617,0.026565571258071696,0.0729841857362768,0.035267523823769395,0.12527612301468652,0.8132233333333333,0.006126437163901398,0.8929006609199623,0.005340495918854275,1138.78,412.75,726.03,0.0,1.0
acs_income,logistic_regression,race,equalized_odds_violation,0.19,1.0,100,0.07324413783046617,0.026565571258071696,0.0729841857362768,0.035267523823769395,0.12527612301468652,0.8132233333333333,0.006126437163901398,0.8929006609199623,0.005340495918854275,1138.78,412.75,726.03,0.0,1.0
acs_income,logistic_regression,race,equalized_odds_violation,0.2,1.0,100,0.07324413783046617,0.026565571258071696,0.0729841857362768,0.035267523823769395,0.12527612301468652,0.8132233333333333,0.006126437163901398,0.8929006609199623,0.005340495918854275,1138.78,412.75,726.03,0.0,1.0
acs_income,logistic_regression,race,equalized_odds_violation,0.21,1.0,100,0.07324413783046617,0.026565571258071696,0.0729841857362768,0.035267523823769395,0.12527612301468652,0.8132233333333333,0.006126437163901398,0.8929006609199623,0.005340495918854275,1138.78,412.75,726.03,0.0,1.0
acs_income,logistic_regression,race,equalized_odds_violation,0.22,1.0,100,0.07324413783046617,0.026565571258071696,0.0729841857362768,0.035267523823769395,0.12527612301468652,0.8132233333333333,0.006126437163901398,0.8929006609199623,0.005340495918854275,1138.78,412.75,726.03,0.0,1.0
acs_income,logistic_regression,race,equalized_odds_violation,0.23,1.0,100,0.07324413783046617,0.026565571258071696,0.0729841857362768,0.035267523823769395,0.12527612301468652,0.8132233333333333,0.006126437163901398,0.8929006609199623,0.005340495918854275,1138.78,412.75,726.03,0.0,1.0
acs_income,logistic_regression,race,equalized_odds_violation,0.24,1.0,100,0.07324413783046617,0.026565571258071696,0.0729841857362768,0.035267523823769395,0.12527612301468652,0.8132233333333333,0.006126437163901398,0.8929006609199623,0.005340495918854275,1138.78,412.75,726.03,0.0,1.0
acs_income,logistic_regression,race,equalized_odds_violation,0.25,1.0,100,0.07324413783046617,0.026565571258071696,0.0729841857362768,0.035267523823769395,0.12527612301468652,0.8132233333333333,0.006126437163901398,0.8929006609199623,0.005340495918854275,1138.78,412.75,726.03,0.0,1.0
acs_income,logistic_regression,race,equalized_odds_violation,0.26,1.0,100,0.07324413783046617,0.026565571258071696,0.0729841857362768,0.035267523823769395,0.12527612301468652,0.8132233333333333,0.006126437163901398,0.8929006609199623,0.005340495918854275,1138.78,412.75,726.03,0.0,1.0
acs_income,logistic_regression,race,equalized_odds_violation,0.27,1.0,100,0.07324413783046617,0.026565571258071696,0.0729841857362768,0.035267523823769395,0.12527612301468652,0.8132233333333333,0.006126437163901398,0.8929006609199623,0.005340495918854275,1138.78,412.75,726.03,0.0,1.0
acs_income,logistic_regression,race,equalized_odds_violation,0.28,1.0,100,0.07324413783046617,0.026565571258071696,0.0729841857362768,0.035267523823769395,0.12527612301468652,0.8132233333333333,0.006126437163901398,0.8929006609199623,0.005340495918854275,1138.78,412.75,726.03,0.0,1.0
acs_income,logistic_regression,race,equalized_odds_violation,0.29,1.0,100,0.07324413783046617,0.026565571258071696,0.0729841857362768,0.035267523823769395,0.12527612301468652,0.8132233333333333,0.006126437163901398,0.8929006609199623,0.005340495918854275,1138.78,412.75,726.03,0.0,1.0
acs_income,logistic_regression,race,equalized_odds_violation,0.3,1.0,100,0.07324413783046617,0.026565571258071696,0.0729841857362768,0.035267523823769395,0.12527612301468652,0.8132233333333333,0.006126437163901398,0.8929006609199623,0.005340495918854275,1138.78,412.75,726.03,0.0,1.0
acs_income,logistic_regression,sex,dpd_violation,0.0,0.0,100,0.14370669583413517,0.016563564649325298,0.140920276565849,0.1218989194976333,0.17156525918849064,0.8132233333333333,0.006126437163901398,0.8929006609199623,0.005340495918854275,1430.81,494.25,831.44,0.0,1.0
acs_income,logistic_regression,sex,dpd_violation,0.01,0.0,100,0.14370669583413517,0.016563564649325298,0.140920276565849,0.1218989194976333,0.17156525918849064,0.8132233333333333,0.006126437163901398,0.8929006609199623,0.005340495918854275,1430.81,494.25,831.44,0.0,1.0
acs_income,logistic_regression,sex,dpd_violation,0.02,0.0,100,0.14370669583413517,0.016563564649325298,0.140920276565849,0.1218989194976333,0.17156525918849064,0.8132233333333333,0.006126437163901398,0.8929006609199623,0.005340495918854275,1430.81,494.25,831.44,0.0,1.0
acs_income,logistic_regression,sex,dpd_violation,0.03,0.0,100,0.14370669583413517,0.016563564649325298,0.140920276565849,0.1218989194976333,0.17156525918849064,0.8132233333333333,0.006126437163901398,0.8929006609199623,0.005340495918854275,1430.81,494.25,831.44,0.0,1.0
acs_income,logistic_regression,sex,dpd_violation,0.04,0.0,100,0.14370669583413517,0.016563564649325298,0.140920276565849,0.1218989194976333,0.17156525918849064,0.8132233333333333,0.006126437163901398,0.8929006609199623,0.005340495918854275,1430.81,494.25,831.44,0.0,1.0
acs_income,logistic_regression,sex,dpd_violation,0.05,0.0,100,0.14370669583413517,0.016563564649325298,0.140920276565849,0.1218989194976333,0.17156525918849064,0.8132233333333333,0.006126437163901398,0.8929006609199623,0.005340495918854275,1430.81,494.25,831.44,0.0,1.0
acs_income,logistic_regression,sex,dpd_violation,0.06,0.0,100,0.14370669583413517,0.016563564649325298,0.140920276565849,0.1218989194976333,0.17156525918849064,0.8132233333333333,0.006126437163901398,0.8929006609199623,0.005340495918854275,1430.81,494.25,831.44,0.0,1.0
acs_income,logistic_regression,sex,dpd_violation,0.07,0.0,100,0.14370669583413517,0.016563564649325298,0.140920276565849,0.1218989194976333,0.17156525918849064,0.8132233333333333,0.006126437163901398,0.8929006609199623,0.005340495918854275,1430.81,494.25,831.44,0.0,1.0
acs_income,logistic_regression,sex,dpd_violation,0.08,0.0,100,0.14370669583413517,0.016563564649325298,0.140920276565849,0.1218989194976333,0.17156525918849064,0.8132233333333333,0.006126437163901398,0.8929006609199623,0.005340495918854275,1430.81,494.25,831.44,0.0,1.0
acs_income,logistic_regression,sex,dpd_violation,0.09,0.0,100,0.14370669583413517,0.016563564649325298,0.140920276565849,0.1218989194976333,0.17156525918849064,0.8132233333333333,0.006126437163901398,0.8929006609199623,0.005340495918854275,1430.81,494.25,831.44,0.0,1.0
acs_income,logistic_regression,sex,dpd_violation,0.1,0.01,100,0.14370669583413517,0.016563564649325298,0.140920276565849,0.1218989194976333,0.17156525918849064,0.8132233333333333,0.006126437163901398,0.8929006609199623,0.005340495918854275,1430.81,494.25,831.44,0.0198,0.9802
acs_income,logistic_regression,sex,dpd_violation,0.11,0.03,100,0.14370669583413517,0.016563564649325298,0.140920276565849,0.1218989194976333,0.17156525918849064,0.8132233333333333,0.006126437163901398,0.8929006609199623,0.005340495918854275,1430.81,494.25,831.44,0.058199999999999995,0.9418
acs_income,logistic_regression,sex,dpd_violation,0.12,0.04,100,0.14370669583413517,0.016563564649325298,0.140920276565849,0.1218989194976333,0.17156525918849064,0.8132233333333333,0.006126437163901398,0.8929006609199623,0.005340495918854275,1430.81,494.25,831.44,0.0768,0.9232
acs_income,logistic_regression,sex,dpd_violation,0.13,0.2,100,0.14370669583413517,0.016563564649325298,0.140920276565849,0.1218989194976333,0.17156525918849064,0.8132233333333333,0.006126437163901398,0.8929006609199623,0.005340495918854275,1430.81,494.25,831.44,0.32000000000000006,0.6799999999999999
acs_income,logistic_regression,sex,dpd_violation,0.14,0.48,100,0.14370669583413517,0.016563564649325298,0.140920276565849,0.1218989194976333,0.17156525918849064,0.8132233333333333,0.006126437163901398,0.8929006609199623,0.005340495918854275,1430.81,494.25,831.44,0.4992,0.5008
acs_income,logistic_regression,sex,dpd_violation,0.15,0.67,100,0.14370669583413517,0.016563564649325298,0.140920276565849,0.1218989194976333,0.17156525918849064,0.8132233333333333,0.006126437163901398,0.8929006609199623,0.005340495918854275,1430.81,494.25,831.44,0.4422,0.5578000000000001
acs_income,logistic_regression,sex,dpd_violation,0.16,0.81,100,0.14370669583413517,0.016563564649325298,0.140920276565849,0.1218989194976333,0.17156525918849064,0.8132233333333333,0.006126437163901398,0.8929006609199623,0.005340495918854275,1430.81,494.25,831.44,0.3077999999999999,0.6922000000000001
acs_income,logistic_regression,sex,dpd_violation,0.17,0.91,100,0.14370669583413517,0.016563564649325298,0.140920276565849,0.1218989194976333,0.17156525918849064,0.8132233333333333,0.006126437163901398,0.8929006609199623,0.005340495918854275,1430.81,494.25,831.44,0.16379999999999995,0.8362
acs_income,logistic_regression,sex,dpd_violation,0.18,0.99,100,0.14370669583413517,0.016563564649325298,0.140920276565849,0.1218989194976333,0.17156525918849064,0.8132233333333333,0.006126437163901398,0.8929006609199623,0.005340495918854275,1430.81,494.25,831.44,0.01980000000000002,0.9802
acs_income,logistic_regression,sex,dpd_violation,0.19,1.0,100,0.14370669583413517,0.016563564649325298,0.140920276565849,0.1218989194976333,0.17156525918849064,0.8132233333333333,0.006126437163901398,0.8929006609199623,0.005340495918854275,1430.81,494.25,831.44,0.0,1.0
acs_income,logistic_regression,sex,dpd_violation,0.2,1.0,100,0.14370669583413517,0.016563564649325298,0.140920276565849,0.1218989194976333,0.17156525918849064,0.8132233333333333,0.006126437163901398,0.8929006609199623,0.005340495918854275,1430.81,494.25,831.44,0.0,1.0
acs_income,logistic_regression,sex,dpd_violation,0.21,1.0,100,0.14370669583413517,0.016563564649325298,0.140920276565849,0.1218989194976333,0.17156525918849064,0.8132233333333333,0.006126437163901398,0.8929006609199623,0.005340495918854275,1430.81,494.25,831.44,0.0,1.0
acs_income,logistic_regression,sex,dpd_violation,0.22,1.0,100,0.14370669583413517,0.016563564649325298,0.140920276565849,0.1218989194976333,0.17156525918849064,0.8132233333333333,0.006126437163901398,0.8929006609199623,0.005340495918854275,1430.81,494.25,831.44,0.0,1.0
acs_income,logistic_regression,sex,dpd_violation,0.23,1.0,100,0.14370669583413517,0.016563564649325298,0.140920276565849,0.1218989194976333,0.17156525918849064,0.8132233333333333,0.006126437163901398,0.8929006609199623,0.005340495918854275,1430.81,494.25,831.44,0.0,1.0
acs_income,logistic_regression,sex,dpd_violation,0.24,1.0,100,0.14370669583413517,0.016563564649325298,0.140920276565849,0.1218989194976333,0.17156525918849064,0.8132233333333333,0.006126437163901398,0.8929006609199623,0.005340495918854275,1430.81,494.25,831.44,0.0,1.0
acs_income,logistic_regression,sex,dpd_violation,0.25,1.0,100,0.14370669583413517,0.016563564649325298,0.140920276565849,0.1218989194976333,0.17156525918849064,0.8132233333333333,0.006126437163901398,0.8929006609199623,0.005340495918854275,1430.81,494.25,831.44,0.0,1.0
acs_income,logistic_regression,sex,dpd_violation,0.26,1.0,100,0.14370669583413517,0.016563564649325298,0.140920276565849,0.1218989194976333,0.17156525918849064,0.8132233333333333,0.006126437163901398,0.8929006609199623,0.005340495918854275,1430.81,494.25,831.44,0.0,1.0
acs_income,logistic_regression,sex,dpd_violation,0.27,1.0,100,0.14370669583413517,0.016563564649325298,0.140920276565849,0.1218989194976333,0.17156525918849064,0.8132233333333333,0.006126437163901398,0.8929006609199623,0.005340495918854275,1430.81,494.25,831.44,0.0,1.0
acs_income,logistic_regression,sex,dpd_violation,0.28,1.0,100,0.14370669583413517,0.016563564649325298,0.140920276565849,0.1218989194976333,0.17156525918849064,0.8132233333333333,0.006126437163901398,0.8929006609199623,0.005340495918854275,1430.81,494.25,831.44,0.0,1.0
acs_income,logistic_regression,sex,dpd_violation,0.29,1.0,100,0.14370669583413517,0.016563564649325298,0.140920276565849,0.1218989194976333,0.17156525918849064,0.8132233333333333,0.006126437163901398,0.8929006609199623,0.005340495918854275,1430.81,494.25,831.44,0.0,1.0
acs_income,logistic_regression,sex,dpd_violation,0.3,1.0,100,0.14370669583413517,0.016563564649325298,0.140920276565849,0.1218989194976333,0.17156525918849064,0.8132233333333333,0.006126437163901398,0.8929006609199623,0.005340495918854275,1430.81,494.25,831.44,0.0,1.0
acs_income,logistic_regression,sex,dpr_violation,0.0,0.0,100,0.3006171097192008,0.029228672830204253,0.2972781178742573,0.2572299045824183,0.34919778402564416,0.8132233333333333,0.006126437163901398,0.8929006609199623,0.005340495918854275,1430.81,494.25,831.44,0.0,1.0
acs_income,logistic_regression,sex,dpr_violation,0.010000000000000009,0.0,100,0.3006171097192008,0.029228672830204253,0.2972781178742573,0.2572299045824183,0.34919778402564416,0.8132233333333333,0.006126437163901398,0.8929006609199623,0.005340495918854275,1430.81,494.25,831.44,0.0,1.0
acs_income,logistic_regression,sex,dpr_violation,0.020000000000000018,0.0,100,0.3006171097192008,0.029228672830204253,0.2972781178742573,0.2572299045824183,0.34919778402564416,0.8132233333333333,0.006126437163901398,0.8929006609199623,0.005340495918854275,1430.81,494.25,831.44,0.0,1.0
acs_income,logistic_regression,sex,dpr_violation,0.030000000000000027,0.0,100,0.3006171097192008,0.029228672830204253,0.2972781178742573,0.2572299045824183,0.34919778402564416,0.8132233333333333,0.006126437163901398,0.8929006609199623,0.005340495918854275,1430.81,494.25,831.44,0.0,1.0
acs_income,logistic_regression,sex,dpr_violation,0.040000000000000036,0.0,100,0.3006171097192008,0.029228672830204253,0.2972781178742573,0.2572299045824183,0.34919778402564416,0.8132233333333333,0.006126437163901398,0.8929006609199623,0.005340495918854275,1430.81,494.25,831.44,0.0,1.0
acs_income,logistic_regression,sex,dpr_violation,0.050000000000000044,0.0,100,0.3006171097192008,0.029228672830204253,0.2972781178742573,0.2572299045824183,0.34919778402564416,0.8132233333333333,0.006126437163901398,0.8929006609199623,0.005340495918854275,1430.81,494.25,831.44,0.0,1.0
acs_income,logistic_regression,sex,dpr_violation,0.06000000000000005,0.0,100,0.3006171097192008,0.029228672830204253,0.2972781178742573,0.2572299045824183,0.34919778402564416,0.8132233333333333,0.006126437163901398,0.8929006609199623,0.005340495918854275,1430.81,494.25,831.44,0.0,1.0
acs_income,logistic_regression,sex,dpr_violation,0.06999999999999995,0.0,100,0.3006171097192008,0.029228672830204253,0.2972781178742573,0.2572299045824183,0.34919778402564416,0.8132233333333333,0.006126437163901398,0.8929006609199623,0.005340495918854275,1430.81,494.25,831.44,0.0,1.0
acs_income,logistic_regression,sex,dpr_violation,0.07999999999999996,0.0,100,0.3006171097192008,0.029228672830204253,0.2972781178742573,0.2572299045824183,0.34919778402564416,0.8132233333333333,0.006126437163901398,0.8929006609199623,0.005340495918854275,1430.81,494.25,831.44,0.0,1.0
acs_income,logistic_regression,sex,dpr_violation,0.08999999999999997,0.0,100,0.3006171097192008,0.029228672830204253,0.2972781178742573,0.2572299045824183,0.34919778402564416,0.8132233333333333,0.006126437163901398,0.8929006609199623,0.005340495918854275,1430.81,494.25,831.44,0.0,1.0
acs_income,logistic_regression,sex,dpr_violation,0.09999999999999998,0.0,100,0.3006171097192008,0.029228672830204253,0.2972781178742573,0.2572299045824183,0.34919778402564416,0.8132233333333333,0.006126437163901398,0.8929006609199623,0.005340495918854275,1430.81,494.25,831.44,0.0,1.0
acs_income,logistic_regression,sex,dpr_violation,0.10999999999999999,0.0,100,0.3006171097192008,0.029228672830204253,0.2972781178742573,0.2572299045824183,0.34919778402564416,0.8132233333333333,0.006126437163901398,0.8929006609199623,0.005340495918854275,1430.81,494.25,831.44,0.0,1.0
acs_income,logistic_regression,sex,dpr_violation,0.12,0.0,100,0.3006171097192008,0.029228672830204253,0.2972781178742573,0.2572299045824183,0.34919778402564416,0.8132233333333333,0.006126437163901398,0.8929006609199623,0.005340495918854275,1430.81,494.25,831.44,0.0,1.0
acs_income,logistic_regression,sex,dpr_violation,0.13,0.0,100,0.3006171097192008,0.029228672830204253,0.2972781178742573,0.2572299045824183,0.34919778402564416,0.8132233333333333,0.006126437163901398,0.8929006609199623,0.005340495918854275,1430.81,494.25,831.44,0.0,1.0
acs_income,logistic_regression,sex,dpr_violation,0.14,0.0,100,0.3006171097192008,0.029228672830204253,0.2972781178742573,0.2572299045824183,0.34919778402564416,0.8132233333333333,0.006126437163901398,0.8929006609199623,0.005340495918854275,1430.81,494.25,831.44,0.0,1.0
acs_income,logistic_regression,sex,dpr_violation,0.15000000000000002,0.0,100,0.3006171097192008,0.029228672830204253,0.2972781178742573,0.2572299045824183,0.34919778402564416,0.8132233333333333,0.006126437163901398,0.8929006609199623,0.005340495918854275,1430.81,494.25,831.44,0.0,1.0
acs_income,logistic_regression,sex,dpr_violation,0.16000000000000003,0.0,100,0.3006171097192008,0.029228672830204253,0.2972781178742573,0.2572299045824183,0.34919778402564416,0.8132233333333333,0.006126437163901398,0.8929006609199623,0.005340495918854275,1430.81,494.25,831.44,0.0,1.0
acs_income,logistic_regression,sex,dpr_violation,0.17000000000000004,0.0,100,0.3006171097192008,0.029228672830204253,0.2972781178742573,0.2572299045824183,0.34919778402564416,0.8132233333333333,0.006126437163901398,0.8929006609199623,0.005340495918854275,1430.81,494.25,831.44,0.0,1.0
acs_income,logistic_regression,sex,dpr_violation,0.18000000000000005,0.0,100,0.3006171097192008,0.029228672830204253,0.2972781178742573,0.2572299045824183,0.34919778402564416,0.8132233333333333,0.006126437163901398,0.8929006609199623,0.005340495918854275,1430.81,494.25,831.44,0.0,1.0
acs_income,logistic_regression,sex,dpr_violation,0.18999999999999995,0.0,100,0.3006171097192008,0.029228672830204253,0.2972781178742573,0.2572299045824183,0.34919778402564416,0.8132233333333333,0.006126437163901398,0.8929006609199623,0.005340495918854275,1430.81,494.25,831.44,0.0,1.0
acs_income,logistic_regression,sex,dpr_violation,0.19999999999999996,0.0,100,0.3006171097192008,0.029228672830204253,0.2972781178742573,0.2572299045824183,0.34919778402564416,0.8132233333333333,0.006126437163901398,0.8929006609199623,0.005340495918854275,1430.81,494.25,831.44,0.0,1.0
acs_income,logistic_regression,sex,dpr_violation,0.20999999999999996,0.0,100,0.3006171097192008,0.029228672830204253,0.2972781178742573,0.2572299045824183,0.34919778402564416,0.8132233333333333,0.006126437163901398,0.8929006609199623,0.005340495918854275,1430.81,494.25,831.44,0.0,1.0
acs_income,logistic_regression,sex,dpr_violation,0.21999999999999997,0.01,100,0.3006171097192008,0.029228672830204253,0.2972781178742573,0.2572299045824183,0.34919778402564416,0.8132233333333333,0.006126437163901398,0.8929006609199623,0.005340495918854275,1430.81,494.25,831.44,0.0198,0.9802
acs_income,logistic_regression,sex,dpr_violation,0.22999999999999998,0.02,100,0.3006171097192008,0.029228672830204253,0.2972781178742573,0.2572299045824183,0.34919778402564416,0.8132233333333333,0.006126437163901398,0.8929006609199623,0.005340495918854275,1430.81,494.25,831.44,0.0392,0.9608
acs_income,logistic_regression,sex,dpr_violation,0.24,0.03,100,0.3006171097192008,0.029228672830204253,0.2972781178742573,0.2572299045824183,0.34919778402564416,0.8132233333333333,0.006126437163901398,0.8929006609199623,0.005340495918854275,1430.81,494.25,831.44,0.058199999999999995,0.9418
acs_income,logistic_regression,sex,dpr_violation,0.25,0.03,100,0.3006171097192008,0.029228672830204253,0.2972781178742573,0.2572299045824183,0.34919778402564416,0.8132233333333333,0.006126437163901398,0.8929006609199623,0.005340495918854275,1430.81,494.25,831.44,0.058199999999999995,0.9418
acs_income,logistic_regression,sex,dpr_violation,0.26,0.07,100,0.3006171097192008,0.029228672830204253,0.2972781178742573,0.2572299045824183,0.34919778402564416,0.8132233333333333,0.006126437163901398,0.8929006609199623,0.005340495918854275,1430.81,494.25,831.44,0.1302,0.8698
acs_income,logistic_regression,sex,dpr_violation,0.27,0.12,100,0.3006171097192008,0.029228672830204253,0.2972781178742573,0.2572299045824183,0.34919778402564416,0.8132233333333333,0.006126437163901398,0.8929006609199623,0.005340495918854275,1430.81,494.25,831.44,0.2112,0.7888
acs_income,logistic_regression,sex,dpr_violation,0.28,0.21,100,0.3006171097192008,0.029228672830204253,0.2972781178742573,0.2572299045824183,0.34919778402564416,0.8132233333333333,0.006126437163901398,0.8929006609199623,0.005340495918854275,1430.81,494.25,831.44,0.3318,0.6682
acs_income,logistic_regression,sex,dpr_violation,0.29000000000000004,0.38,100,0.3006171097192008,0.029228672830204253,0.2972781178742573,0.2572299045824183,0.34919778402564416,0.8132233333333333,0.006126437163901398,0.8929006609199623,0.005340495918854275,1430.81,494.25,831.44,0.4712,0.5287999999999999
acs_income,logistic_regression,sex,dpr_violation,0.30000000000000004,0.52,100,0.3006171097192008,0.029228672830204253,0.2972781178742573,0.2572299045824183,0.34919778402564416,0.8132233333333333,0.006126437163901398,0.8929006609199623,0.005340495918854275,1430.81,494.25,831.44,0.4992,0.5008
acs_income,logistic_regression,sex,dpr_violation,0.31000000000000005,0.67,100,0.3006171097192008,0.029228672830204253,0.2972781178742573,0.2572299045824183,0.34919778402564416,0.8132233333333333,0.006126437163901398,0.8929006609199623,0.005340495918854275,1430.81,494.25,831.44,0.4422,0.5578000000000001
acs_income,logistic_regression,sex,dpr_violation,0.31999999999999995,0.75,100,0.3006171097192008,0.029228672830204253,0.2972781178742573,0.2572299045824183,0.34919778402564416,0.8132233333333333,0.006126437163901398,0.8929006609199623,0.005340495918854275,1430.81,494.25,831.44,0.375,0.625
acs_income,logistic_regression,sex,dpr_violation,0.32999999999999996,0.81,100,0.3006171097192008,0.029228672830204253,0.2972781178742573,0.2572299045824183,0.34919778402564416,0.8132233333333333,0.006126437163901398,0.8929006609199623,0.005340495918854275,1430.81,494.25,831.44,0.3077999999999999,0.6922000000000001
acs_income,logistic_regression,sex,dpr_violation,0.33999999999999997,0.88,100,0.3006171097192008,0.029228672830204253,0.2972781178742573,0.2572299045824183,0.34919778402564416,0.8132233333333333,0.006126437163901398,0.8929006609199623,0.005340495918854275,1430.81,494.25,831.44,0.2112,0.7888
acs_income,logistic_regression,sex,dpr_violation,0.35,0.95,100,0.3006171097192008,0.029228672830204253,0.2972781178742573,0.2572299045824183,0.34919778402564416,0.8132233333333333,0.006126437163901398,0.8929006609199623,0.005340495918854275,1430.81,494.25,831.44,0.09500000000000008,0.9049999999999999
acs_income,logistic_regression,sex,dpr_violation,0.36,1.0,100,0.3006171097192008,0.029228672830204253,0.2972781178742573,0.2572299045824183,0.34919778402564416,0.8132233333333333,0.006126437163901398,0.8929006609199623,0.005340495918854275,1430.81,494.25,831.44,0.0,1.0
acs_income,logistic_regression,sex,dpr_violation,0.37,1.0,100,0.3006171097192008,0.029228672830204253,0.2972781178742573,0.2572299045824183,0.34919778402564416,0.8132233333333333,0.006126437163901398,0.8929006609199623,0.005340495918854275,1430.81,494.25,831.44,0.0,1.0
acs_income,logistic_regression,sex,dpr_violation,0.38,1.0,100,0.3006171097192008,0.029228672830204253,0.2972781178742573,0.2572299045824183,0.34919778402564416,0.8132233333333333,0.006126437163901398,0.8929006609199623,0.005340495918854275,1430.81,494.25,831.44,0.0,1.0
acs_income,logistic_regression,sex,dpr_violation,0.39,1.0,100,0.3006171097192008,0.029228672830204253,0.2972781178742573,0.2572299045824183,0.34919778402564416,0.8132233333333333,0.006126437163901398,0.8929006609199623,0.005340495918854275,1430.81,494.25,831.44,0.0,1.0
acs_income,logistic_regression,sex,dpr_violation,0.4,1.0,100,0.3006171097192008,0.029228672830204253,0.2972781178742573,0.2572299045824183,0.34919778402564416,0.8132233333333333,0.006126437163901398,0.8929006609199623,0.005340495918854275,1430.81,494.25,831.44,0.0,1.0
acs_income,logistic_regression,sex,eod_violation,0.0,0.0,100,0.08080707916649091,0.024475784156598072,0.0813155707483415,0.036805842221135004,0.12085177317427982,0.8132233333333333,0.006126437163901398,0.8929006609199623,0.005340495918854275,1430.81,494.25,831.44,0.0,1.0
acs_income,logistic_regression,sex,eod_violation,0.01,0.0,100,0.08080707916649091,0.024475784156598072,0.0813155707483415,0.036805842221135004,0.12085177317427982,0.8132233333333333,0.006126437163901398,0.8929006609199623,0.005340495918854275,1430.81,494.25,831.44,0.0,1.0
acs_income,logistic_regression,sex,eod_violation,0.02,0.0,100,0.08080707916649091,0.024475784156598072,0.0813155707483415,0.036805842221135004,0.12085177317427982,0.8132233333333333,0.006126437163901398,0.8929006609199623,0.005340495918854275,1430.81,494.25,831.44,0.0,1.0
acs_income,logistic_regression,sex,eod_violation,0.03,0.04,100,0.08080707916649091,0.024475784156598072,0.0813155707483415,0.036805842221135004,0.12085177317427982,0.8132233333333333,0.006126437163901398,0.8929006609199623,0.005340495918854275,1430.81,494.25,831.44,0.0768,0.9232
acs_income,logistic_regression,sex,eod_violation,0.04,0.07,100,0.08080707916649091,0.024475784156598072,0.0813155707483415,0.036805842221135004,0.12085177317427982,0.8132233333333333,0.006126437163901398,0.8929006609199623,0.005340495918854275,1430.81,494.25,831.44,0.1302,0.8698
acs_income,logistic_regression,sex,eod_violation,0.05,0.09,100,0.08080707916649091,0.024475784156598072,0.0813155707483415,0.036805842221135004,0.12085177317427982,0.8132233333333333,0.006126437163901398,0.8929006609199623,0.005340495918854275,1430.81,494.25,831.44,0.1638,0.8362
acs_income,logistic_regression,sex,eod_violation,0.06,0.18,100,0.08080707916649091,0.024475784156598072,0.0813155707483415,0.036805842221135004,0.12085177317427982,0.8132233333333333,0.006126437163901398,0.8929006609199623,0.005340495918854275,1430.81,494.25,831.44,0.2952,0.7048
acs_income,logistic_regression,sex,eod_violation,0.07,0.35,100,0.08080707916649091,0.024475784156598072,0.0813155707483415,0.036805842221135004,0.12085177317427982,0.8132233333333333,0.006126437163901398,0.8929006609199623,0.005340495918854275,1430.81,494.25,831.44,0.45499999999999996,0.545
acs_income,logistic_regression,sex,eod_violation,0.08,0.46,100,0.08080707916649091,0.024475784156598072,0.0813155707483415,0.036805842221135004,0.12085177317427982,0.8132233333333333,0.006126437163901398,0.8929006609199623,0.005340495918854275,1430.81,494.25,831.44,0.4968000000000001,0.5031999999999999
acs_income,logistic_regression,sex,eod_violation,0.09,0.65,100,0.08080707916649091,0.024475784156598072,0.0813155707483415,0.036805842221135004,0.12085177317427982,0.8132233333333333,0.006126437163901398,0.8929006609199623,0.005340495918854275,1430.81,494.25,831.44,0.45499999999999996,0.545
acs_income,logistic_regression,sex,eod_violation,0.1,0.75,100,0.08080707916649091,0.024475784156598072,0.0813155707483415,0.036805842221135004,0.12085177317427982,0.8132233333333333,0.006126437163901398,0.8929006609199623,0.005340495918854275,1430.81,494.25,831.44,0.375,0.625
acs_income,logistic_regression,sex,eod_violation,0.11,0.89,100,0.08080707916649091,0.024475784156598072,0.0813155707483415,0.036805842221135004,0.12085177317427982,0.8132233333333333,0.006126437163901398,0.8929006609199623,0.005340495918854275,1430.81,494.25,831.44,0.19579999999999997,0.8042
acs_income,logistic_regression,sex,eod_violation,0.12,0.94,100,0.08080707916649091,0.024475784156598072,0.0813155707483415,0.036805842221135004,0.12085177317427982,0.8132233333333333,0.006126437163901398,0.8929006609199623,0.005340495918854275,1430.81,494.25,831.44,0.1128000000000001,0.8871999999999999
acs_income,logistic_regression,sex,eod_violation,0.13,0.98,100,0.08080707916649091,0.024475784156598072,0.0813155707483415,0.036805842221135004,0.12085177317427982,0.8132233333333333,0.006126437163901398,0.8929006609199623,0.005340495918854275,1430.81,494.25,831.44,0.03920000000000003,0.9608
acs_income,logistic_regression,sex,eod_violation,0.14,0.99,100,0.08080707916649091,0.024475784156598072,0.0813155707483415,0.036805842221135004,0.12085177317427982,0.8132233333333333,0.006126437163901398,0.8929006609199623,0.005340495918854275,1430.81,494.25,831.44,0.01980000000000002,0.9802
acs_income,logistic_regression,sex,eod_violation,0.15,1.0,100,0.08080707916649091,0.024475784156598072,0.0813155707483415,0.036805842221135004,0.12085177317427982,0.8132233333333333,0.006126437163901398,0.8929006609199623,0.005340495918854275,1430.81,494.25,831.44,0.0,1.0
acs_income,logistic_regression,sex,eod_violation,0.16,1.0,100,0.08080707916649091,0.024475784156598072,0.0813155707483415,0.036805842221135004,0.12085177317427982,0.8132233333333333,0.006126437163901398,0.8929006609199623,0.005340495918854275,1430.81,494.25,831.44,0.0,1.0
acs_income,logistic_regression,sex,eod_violation,0.17,1.0,100,0.08080707916649091,0.024475784156598072,0.0813155707483415,0.036805842221135004,0.12085177317427982,0.8132233333333333,0.006126437163901398,0.8929006609199623,0.005340495918854275,1430.81,494.25,831.44,0.0,1.0
acs_income,logistic_regression,sex,eod_violation,0.18,1.0,100,0.08080707916649091,0.024475784156598072,0.0813155707483415,0.036805842221135004,0.12085177317427982,0.8132233333333333,0.006126437163901398,0.8929006609199623,0.005340495918854275,1430.81,494.25,831.44,0.0,1.0
acs_income,logistic_regression,sex,eod_violation,0.19,1.0,100,0.08080707916649091,0.024475784156598072,0.0813155707483415,0.036805842221135004,0.12085177317427982,0.8132233333333333,0.006126437163901398,0.8929006609199623,0.005340495918854275,1430.81,494.25,831.44,0.0,1.0
acs_income,logistic_regression,sex,eod_violation,0.2,1.0,100,0.08080707916649091,0.024475784156598072,0.0813155707483415,0.036805842221135004,0.12085177317427982,0.8132233333333333,0.006126437163901398,0.8929006609199623,0.005340495918854275,1430.81,494.25,831.44,0.0,1.0
acs_income,logistic_regression,sex,eod_violation,0.21,1.0,100,0.08080707916649091,0.024475784156598072,0.0813155707483415,0.036805842221135004,0.12085177317427982,0.8132233333333333,0.006126437163901398,0.8929006609199623,0.005340495918854275,1430.81,494.25,831.44,0.0,1.0
acs_income,logistic_regression,sex,eod_violation,0.22,1.0,100,0.08080707916649091,0.024475784156598072,0.0813155707483415,0.036805842221135004,0.12085177317427982,0.8132233333333333,0.006126437163901398,0.8929006609199623,0.005340495918854275,1430.81,494.25,831.44,0.0,1.0
acs_income,logistic_regression,sex,eod_violation,0.23,1.0,100,0.08080707916649091,0.024475784156598072,0.0813155707483415,0.036805842221135004,0.12085177317427982,0.8132233333333333,0.006126437163901398,0.8929006609199623,0.005340495918854275,1430.81,494.25,831.44,0.0,1.0
acs_income,logistic_regression,sex,eod_violation,0.24,1.0,100,0.08080707916649091,0.024475784156598072,0.0813155707483415,0.036805842221135004,0.12085177317427982,0.8132233333333333,0.006126437163901398,0.8929006609199623,0.005340495918854275,1430.81,494.25,831.44,0.0,1.0
acs_income,logistic_regression,sex,eod_violation,0.25,1.0,100,0.08080707916649091,0.024475784156598072,0.0813155707483415,0.036805842221135004,0.12085177317427982,0.8132233333333333,0.006126437163901398,0.8929006609199623,0.005340495918854275,1430.81,494.25,831.44,0.0,1.0
acs_income,logistic_regression,sex,eod_violation,0.26,1.0,100,0.08080707916649091,0.024475784156598072,0.0813155707483415,0.036805842221135004,0.12085177317427982,0.8132233333333333,0.006126437163901398,0.8929006609199623,0.005340495918854275,1430.81,494.25,831.44,0.0,1.0
acs_income,logistic_regression,sex,eod_violation,0.27,1.0,100,0.08080707916649091,0.024475784156598072,0.0813155707483415,0.036805842221135004,0.12085177317427982,0.8132233333333333,0.006126437163901398,0.8929006609199623,0.005340495918854275,1430.81,494.25,831.44,0.0,1.0
acs_income,logistic_regression,sex,eod_violation,0.28,1.0,100,0.08080707916649091,0.024475784156598072,0.0813155707483415,0.036805842221135004,0.12085177317427982,0.8132233333333333,0.006126437163901398,0.8929006609199623,0.005340495918854275,1430.81,494.25,831.44,0.0,1.0
acs_income,logistic_regression,sex,eod_violation,0.29,1.0,100,0.08080707916649091,0.024475784156598072,0.0813155707483415,0.036805842221135004,0.12085177317427982,0.8132233333333333,0.006126437163901398,0.8929006609199623,0.005340495918854275,1430.81,494.25,831.44,0.0,1.0
acs_income,logistic_regression,sex,eod_violation,0.3,1.0,100,0.08080707916649091,0.024475784156598072,0.0813155707483415,0.036805842221135004,0.12085177317427982,0.8132233333333333,0.006126437163901398,0.8929006609199623,0.005340495918854275,1430.81,494.25,831.44,0.0,1.0
acs_income,logistic_regression,sex,equalized_odds_violation,0.0,0.0,100,0.0838346480111608,0.021651191120049127,0.08250483856850335,0.05260245141298268,0.12085177317427982,0.8132233333333333,0.006126437163901398,0.8929006609199623,0.005340495918854275,1430.81,494.25,831.44,0.0,1.0
acs_income,logistic_regression,sex,equalized_odds_violation,0.01,0.0,100,0.0838346480111608,0.021651191120049127,0.08250483856850335,0.05260245141298268,0.12085177317427982,0.8132233333333333,0.006126437163901398,0.8929006609199623,0.005340495918854275,1430.81,494.25,831.44,0.0,1.0
acs_income,logistic_regression,sex,equalized_odds_violation,0.02,0.0,100,0.0838346480111608,0.021651191120049127,0.08250483856850335,0.05260245141298268,0.12085177317427982,0.8132233333333333,0.006126437163901398,0.8929006609199623,0.005340495918854275,1430.81,494.25,831.44,0.0,1.0
acs_income,logistic_regression,sex,equalized_odds_violation,0.03,0.0,100,0.0838346480111608,0.021651191120049127,0.08250483856850335,0.05260245141298268,0.12085177317427982,0.8132233333333333,0.006126437163901398,0.8929006609199623,0.005340495918854275,1430.81,494.25,831.44,0.0,1.0
acs_income,logistic_regression,sex,equalized_odds_violation,0.04,0.03,100,0.0838346480111608,0.021651191120049127,0.08250483856850335,0.05260245141298268,0.12085177317427982,0.8132233333333333,0.006126437163901398,0.8929006609199623,0.005340495918854275,1430.81,494.25,831.44,0.058199999999999995,0.9418
acs_income,logistic_regression,sex,equalized_odds_violation,0.05,0.04,100,0.0838346480111608,0.021651191120049127,0.08250483856850335,0.05260245141298268,0.12085177317427982,0.8132233333333333,0.006126437163901398,0.8929006609199623,0.005340495918854275,1430.81,494.25,831.44,0.0768,0.9232
acs_income,logistic_regression,sex,equalized_odds_violation,0.06,0.12,100,0.0838346480111608,0.021651191120049127,0.08250483856850335,0.05260245141298268,0.12085177317427982,0.8132233333333333,0.006126437163901398,0.8929006609199623,0.005340495918854275,1430.81,494.25,831.44,0.2112,0.7888
acs_income,logistic_regression,sex,equalized_odds_violation,0.07,0.31,100,0.0838346480111608,0.021651191120049127,0.08250483856850335,0.05260245141298268,0.12085177317427982,0.8132233333333333,0.006126437163901398,0.8929006609199623,0.005340495918854275,1430.81,494.25,831.44,0.42779999999999996,0.5722
acs_income,logistic_regression,sex,equalized_odds_violation,0.08,0.42,100,0.0838346480111608,0.021651191120049127,0.08250483856850335,0.05260245141298268,0.12085177317427982,0.8132233333333333,0.006126437163901398,0.8929006609199623,0.005340495918854275,1430.81,494.25,831.44,0.4872,0.5127999999999999
acs_income,logistic_regression,sex,equalized_odds_violation,0.09,0.61,100,0.0838346480111608,0.021651191120049127,0.08250483856850335,0.05260245141298268,0.12085177317427982,0.8132233333333333,0.006126437163901398,0.8929006609199623,0.005340495918854275,1430.81,494.25,831.44,0.4758,0.5242
acs_income,logistic_regression,sex,equalized_odds_violation,0.1,0.74,100,0.0838346480111608,0.021651191120049127,0.08250483856850335,0.05260245141298268,0.12085177317427982,0.8132233333333333,0.006126437163901398,0.8929006609199623,0.005340495918854275,1430.81,494.25,831.44,0.38480000000000003,0.6152
acs_income,logistic_regression,sex,equalized_odds_violation,0.11,0.89,100,0.0838346480111608,0.021651191120049127,0.08250483856850335,0.05260245141298268,0.12085177317427982,0.8132233333333333,0.006126437163901398,0.8929006609199623,0.005340495918854275,1430.81,494.25,831.44,0.19579999999999997,0.8042
acs_income,logistic_regression,sex,equalized_odds_violation,0.12,0.94,100,0.0838346480111608,0.021651191120049127,0.08250483856850335,0.05260245141298268,0.12085177317427982,0.8132233333333333,0.006126437163901398,0.8929006609199623,0.005340495918854275,1430.81,494.25,831.44,0.1128000000000001,0.8871999999999999
acs_income,logistic_regression,sex,equalized_odds_violation,0.13,0.98,100,0.0838346480111608,0.021651191120049127,0.08250483856850335,0.05260245141298268,0.12085177317427982,0.8132233333333333,0.006126437163901398,0.8929006609199623,0.005340495918854275,1430.81,494.25,831.44,0.03920000000000003,0.9608
acs_income,logistic_regression,sex,equalized_odds_violation,0.14,0.99,100,0.0838346480111608,0.021651191120049127,0.08250483856850335,0.05260245141298268,0.12085177317427982,0.8132233333333333,0.006126437163901398,0.8929006609199623,0.005340495918854275,1430.81,494.25,831.44,0.01980000000000002,0.9802
acs_income,logistic_regression,sex,equalized_odds_violation,0.15,1.0,100,0.0838346480111608,0.021651191120049127,0.08250483856850335,0.05260245141298268,0.12085177317427982,0.8132233333333333,0.006126437163901398,0.8929006609199623,0.005340495918854275,1430.81,494.25,831.44,0.0,1.0
acs_income,logistic_regression,sex,equalized_odds_violation,0.16,1.0,100,0.0838346480111608,0.021651191120049127,0.08250483856850335,0.05260245141298268,0.12085177317427982,0.8132233333333333,0.006126437163901398,0.8929006609199623,0.005340495918854275,1430.81,494.25,831.44,0.0,1.0
acs_income,logistic_regression,sex,equalized_odds_violation,0.17,1.0,100,0.0838346480111608,0.021651191120049127,0.08250483856850335,0.05260245141298268,0.12085177317427982,0.8132233333333333,0.006126437163901398,0.8929006609199623,0.005340495918854275,1430.81,494.25,831.44,0.0,1.0
acs_income,logistic_regression,sex,equalized_odds_violation,0.18,1.0,100,0.0838346480111608,0.021651191120049127,0.08250483856850335,0.05260245141298268,0.12085177317427982,0.8132233333333333,0.006126437163901398,0.8929006609199623,0.005340495918854275,1430.81,494.25,831.44,0.0,1.0
acs_income,logistic_regression,sex,equalized_odds_violation,0.19,1.0,100,0.0838346480111608,0.021651191120049127,0.08250483856850335,0.05260245141298268,0.12085177317427982,0.8132233333333333,0.006126437163901398,0.8929006609199623,0.005340495918854275,1430.81,494.25,831.44,0.0,1.0
acs_income,logistic_regression,sex,equalized_odds_violation,0.2,1.0,100,0.0838346480111608,0.021651191120049127,0.08250483856850335,0.05260245141298268,0.12085177317427982,0.8132233333333333,0.006126437163901398,0.8929006609199623,0.005340495918854275,1430.81,494.25,831.44,0.0,1.0
acs_income,logistic_regression,sex,equalized_odds_violation,0.21,1.0,100,0.0838346480111608,0.021651191120049127,0.08250483856850335,0.05260245141298268,0.12085177317427982,0.8132233333333333,0.006126437163901398,0.8929006609199623,0.005340495918854275,1430.81,494.25,831.44,0.0,1.0
acs_income,logistic_regression,sex,equalized_odds_violation,0.22,1.0,100,0.0838346480111608,0.021651191120049127,0.08250483856850335,0.05260245141298268,0.12085177317427982,0.8132233333333333,0.006126437163901398,0.8929006609199623,0.005340495918854275,1430.81,494.25,831.44,0.0,1.0
acs_income,logistic_regression,sex,equalized_odds_violation,0.23,1.0,100,0.0838346480111608,0.021651191120049127,0.08250483856850335,0.05260245141298268,0.12085177317427982,0.8132233333333333,0.006126437163901398,0.8929006609199623,0.005340495918854275,1430.81,494.25,831.44,0.0,1.0
acs_income,logistic_regression,sex,equalized_odds_violation,0.24,1.0,100,0.0838346480111608,0.021651191120049127,0.08250483856850335,0.05260245141298268,0.12085177317427982,0.8132233333333333,0.006126437163901398,0.8929006609199623,0.005340495918854275,1430.81,494.25,831.44,0.0,1.0
acs_income,logistic_regression,sex,equalized_odds_violation,0.25,1.0,100,0.0838346480111608,0.021651191120049127,0.08250483856850335,0.05260245141298268,0.12085177317427982,0.8132233333333333,0.006126437163901398,0.8929006609199623,0.005340495918854275,1430.81,494.25,831.44,0.0,1.0
acs_income,logistic_regression,sex,equalized_odds_violation,0.26,1.0,100,0.0838346480111608,0.021651191120049127,0.08250483856850335,0.05260245141298268,0.12085177317427982,0.8132233333333333,0.006126437163901398,0.8929006609199623,0.005340495918854275,1430.81,494.25,831.44,0.0,1.0
acs_income,logistic_regression,sex,equalized_odds_violation,0.27,1.0,100,0.0838346480111608,0.021651191120049127,0.08250483856850335,0.05260245141298268,0.12085177317427982,0.8132233333333333,0.006126437163901398,0.8929006609199623,0.005340495918854275,1430.81,494.25,831.44,0.0,1.0
acs_income,logistic_regression,sex,equalized_odds_violation,0.28,1.0,100,0.0838346480111608,0.021651191120049127,0.08250483856850335,0.05260245141298268,0.12085177317427982,0.8132233333333333,0.006126437163901398,0.8929006609199623,0.005340495918854275,1430.81,494.25,831.44,0.0,1.0
acs_income,logistic_regression,sex,equalized_odds_violation,0.29,1.0,100,0.0838346480111608,0.021651191120049127,0.08250483856850335,0.05260245141298268,0.12085177317427982,0.8132233333333333,0.006126437163901398,0.8929006609199623,0.005340495918854275,1430.81,494.25,831.44,0.0,1.0
acs_income,logistic_regression,sex,equalized_odds_violation,0.3,1.0,100,0.0838346480111608,0.021651191120049127,0.08250483856850335,0.05260245141298268,0.12085177317427982,0.8132233333333333,0.006126437163901398,0.8929006609199623,0.005340495918854275,1430.81,494.25,831.44,0.0,1.0
acs_income,random_forest,race,dpd_violation,0.0,0.0,100,0.1106275680991679,0.014772160604152793,0.10944797661073305,0.08827276516123168,0.13667644278970334,0.7991733333333333,0.00686154233299117,0.8790449945275313,0.005688231598186592,1138.78,412.75,726.03,0.0,1.0
acs_income,random_forest,race,dpd_violation,0.01,0.0,100,0.1106275680991679,0.014772160604152793,0.10944797661073305,0.08827276516123168,0.13667644278970334,0.7991733333333333,0.00686154233299117,0.8790449945275313,0.005688231598186592,1138.78,412.75,726.03,0.0,1.0
acs_income,random_forest,race,dpd_violation,0.02,0.0,100,0.1106275680991679,0.014772160604152793,0.10944797661073305,0.08827276516123168,0.13667644278970334,0.7991733333333333,0.00686154233299117,0.8790449945275313,0.005688231598186592,1138.78,412.75,726.03,0.0,1.0
acs_income,random_forest,race,dpd_violation,0.03,0.0,100,0.1106275680991679,0.014772160604152793,0.10944797661073305,0.08827276516123168,0.13667644278970334,0.7991733333333333,0.00686154233299117,0.8790449945275313,0.005688231598186592,1138.78,412.75,726.03,0.0,1.0
acs_income,random_forest,race,dpd_violation,0.04,0.0,100,0.1106275680991679,0.014772160604152793,0.10944797661073305,0.08827276516123168,0.13667644278970334,0.7991733333333333,0.00686154233299117,0.8790449945275313,0.005688231598186592,1138.78,412.75,726.03,0.0,1.0
acs_income,random_forest,race,dpd_violation,0.05,0.0,100,0.1106275680991679,0.014772160604152793,0.10944797661073305,0.08827276516123168,0.13667644278970334,0.7991733333333333,0.00686154233299117,0.8790449945275313,0.005688231598186592,1138.78,412.75,726.03,0.0,1.0
acs_income,random_forest,race,dpd_violation,0.06,0.0,100,0.1106275680991679,0.014772160604152793,0.10944797661073305,0.08827276516123168,0.13667644278970334,0.7991733333333333,0.00686154233299117,0.8790449945275313,0.005688231598186592,1138.78,412.75,726.03,0.0,1.0
acs_income,random_forest,race,dpd_violation,0.07,0.0,100,0.1106275680991679,0.014772160604152793,0.10944797661073305,0.08827276516123168,0.13667644278970334,0.7991733333333333,0.00686154233299117,0.8790449945275313,0.005688231598186592,1138.78,412.75,726.03,0.0,1.0
acs_income,random_forest,race,dpd_violation,0.08,0.01,100,0.1106275680991679,0.014772160604152793,0.10944797661073305,0.08827276516123168,0.13667644278970334,0.7991733333333333,0.00686154233299117,0.8790449945275313,0.005688231598186592,1138.78,412.75,726.03,0.0198,0.9802
acs_income,random_forest,race,dpd_violation,0.09,0.07,100,0.1106275680991679,0.014772160604152793,0.10944797661073305,0.08827276516123168,0.13667644278970334,0.7991733333333333,0.00686154233299117,0.8790449945275313,0.005688231598186592,1138.78,412.75,726.03,0.1302,0.8698
acs_income,random_forest,race,dpd_violation,0.1,0.25,100,0.1106275680991679,0.014772160604152793,0.10944797661073305,0.08827276516123168,0.13667644278970334,0.7991733333333333,0.00686154233299117,0.8790449945275313,0.005688231598186592,1138.78,412.75,726.03,0.375,0.625
acs_income,random_forest,race,dpd_violation,0.11,0.52,100,0.1106275680991679,0.014772160604152793,0.10944797661073305,0.08827276516123168,0.13667644278970334,0.7991733333333333,0.00686154233299117,0.8790449945275313,0.005688231598186592,1138.78,412.75,726.03,0.4992,0.5008
acs_income,random_forest,race,dpd_violation,0.12,0.74,100,0.1106275680991679,0.014772160604152793,0.10944797661073305,0.08827276516123168,0.13667644278970334,0.7991733333333333,0.00686154233299117,0.8790449945275313,0.005688231598186592,1138.78,412.75,726.03,0.38480000000000003,0.6152
acs_income,random_forest,race,dpd_violation,0.13,0.85,100,0.1106275680991679,0.014772160604152793,0.10944797661073305,0.08827276516123168,0.13667644278970334,0.7991733333333333,0.00686154233299117,0.8790449945275313,0.005688231598186592,1138.78,412.75,726.03,0.255,0.745
acs_income,random_forest,race,dpd_violation,0.14,0.99,100,0.1106275680991679,0.014772160604152793,0.10944797661073305,0.08827276516123168,0.13667644278970334,0.7991733333333333,0.00686154233299117,0.8790449945275313,0.005688231598186592,1138.78,412.75,726.03,0.01980000000000002,0.9802
acs_income,random_forest,race,dpd_violation,0.15,1.0,100,0.1106275680991679,0.014772160604152793,0.10944797661073305,0.08827276516123168,0.13667644278970334,0.7991733333333333,0.00686154233299117,0.8790449945275313,0.005688231598186592,1138.78,412.75,726.03,0.0,1.0
acs_income,random_forest,race,dpd_violation,0.16,1.0,100,0.1106275680991679,0.014772160604152793,0.10944797661073305,0.08827276516123168,0.13667644278970334,0.7991733333333333,0.00686154233299117,0.8790449945275313,0.005688231598186592,1138.78,412.75,726.03,0.0,1.0
acs_income,random_forest,race,dpd_violation,0.17,1.0,100,0.1106275680991679,0.014772160604152793,0.10944797661073305,0.08827276516123168,0.13667644278970334,0.7991733333333333,0.00686154233299117,0.8790449945275313,0.005688231598186592,1138.78,412.75,726.03,0.0,1.0
acs_income,random_forest,race,dpd_violation,0.18,1.0,100,0.1106275680991679,0.014772160604152793,0.10944797661073305,0.08827276516123168,0.13667644278970334,0.7991733333333333,0.00686154233299117,0.8790449945275313,0.005688231598186592,1138.78,412.75,726.03,0.0,1.0
acs_income,random_forest,race,dpd_violation,0.19,1.0,100,0.1106275680991679,0.014772160604152793,0.10944797661073305,0.08827276516123168,0.13667644278970334,0.7991733333333333,0.00686154233299117,0.8790449945275313,0.005688231598186592,1138.78,412.75,726.03,0.0,1.0
acs_income,random_forest,race,dpd_violation,0.2,1.0,100,0.1106275680991679,0.014772160604152793,0.10944797661073305,0.08827276516123168,0.13667644278970334,0.7991733333333333,0.00686154233299117,0.8790449945275313,0.005688231598186592,1138.78,412.75,726.03,0.0,1.0
acs_income,random_forest,race,dpd_violation,0.21,1.0,100,0.1106275680991679,0.014772160604152793,0.10944797661073305,0.08827276516123168,0.13667644278970334,0.7991733333333333,0.00686154233299117,0.8790449945275313,0.005688231598186592,1138.78,412.75,726.03,0.0,1.0
acs_income,random_forest,race,dpd_violation,0.22,1.0,100,0.1106275680991679,0.014772160604152793,0.10944797661073305,0.08827276516123168,0.13667644278970334,0.7991733333333333,0.00686154233299117,0.8790449945275313,0.005688231598186592,1138.78,412.75,726.03,0.0,1.0
acs_income,random_forest,race,dpd_violation,0.23,1.0,100,0.1106275680991679,0.014772160604152793,0.10944797661073305,0.08827276516123168,0.13667644278970334,0.7991733333333333,0.00686154233299117,0.8790449945275313,0.005688231598186592,1138.78,412.75,726.03,0.0,1.0
acs_income,random_forest,race,dpd_violation,0.24,1.0,100,0.1106275680991679,0.014772160604152793,0.10944797661073305,0.08827276516123168,0.13667644278970334,0.7991733333333333,0.00686154233299117,0.8790449945275313,0.005688231598186592,1138.78,412.75,726.03,0.0,1.0
acs_income,random_forest,race,dpd_violation,0.25,1.0,100,0.1106275680991679,0.014772160604152793,0.10944797661073305,0.08827276516123168,0.13667644278970334,0.7991733333333333,0.00686154233299117,0.8790449945275313,0.005688231598186592,1138.78,412.75,726.03,0.0,1.0
acs_income,random_forest,race,dpd_violation,0.26,1.0,100,0.1106275680991679,0.014772160604152793,0.10944797661073305,0.08827276516123168,0.13667644278970334,0.7991733333333333,0.00686154233299117,0.8790449945275313,0.005688231598186592,1138.78,412.75,726.03,0.0,1.0
acs_income,random_forest,race,dpd_violation,0.27,1.0,100,0.1106275680991679,0.014772160604152793,0.10944797661073305,0.08827276516123168,0.13667644278970334,0.7991733333333333,0.00686154233299117,0.8790449945275313,0.005688231598186592,1138.78,412.75,726.03,0.0,1.0
acs_income,random_forest,race,dpd_violation,0.28,1.0,100,0.1106275680991679,0.014772160604152793,0.10944797661073305,0.08827276516123168,0.13667644278970334,0.7991733333333333,0.00686154233299117,0.8790449945275313,0.005688231598186592,1138.78,412.75,726.03,0.0,1.0
acs_income,random_forest,race,dpd_violation,0.29,1.0,100,0.1106275680991679,0.014772160604152793,0.10944797661073305,0.08827276516123168,0.13667644278970334,0.7991733333333333,0.00686154233299117,0.8790449945275313,0.005688231598186592,1138.78,412.75,726.03,0.0,1.0
acs_income,random_forest,race,dpd_violation,0.3,1.0,100,0.1106275680991679,0.014772160604152793,0.10944797661073305,0.08827276516123168,0.13667644278970334,0.7991733333333333,0.00686154233299117,0.8790449945275313,0.005688231598186592,1138.78,412.75,726.03,0.0,1.0
acs_income,random_forest,race,dpr_violation,0.0,0.0,100,0.2619397564129653,0.0316629373373552,0.2605164193657674,0.2128570691155122,0.31483094793001176,0.7991733333333333,0.00686154233299117,0.8790449945275313,0.005688231598186592,1138.78,412.75,726.03,0.0,1.0
acs_income,random_forest,race,dpr_violation,0.010000000000000009,0.0,100,0.2619397564129653,0.0316629373373552,0.2605164193657674,0.2128570691155122,0.31483094793001176,0.7991733333333333,0.00686154233299117,0.8790449945275313,0.005688231598186592,1138.78,412.75,726.03,0.0,1.0
acs_income,random_forest,race,dpr_violation,0.020000000000000018,0.0,100,0.2619397564129653,0.0316629373373552,0.2605164193657674,0.2128570691155122,0.31483094793001176,0.7991733333333333,0.00686154233299117,0.8790449945275313,0.005688231598186592,1138.78,412.75,726.03,0.0,1.0
acs_income,random_forest,race,dpr_violation,0.030000000000000027,0.0,100,0.2619397564129653,0.0316629373373552,0.2605164193657674,0.2128570691155122,0.31483094793001176,0.7991733333333333,0.00686154233299117,0.8790449945275313,0.005688231598186592,1138.78,412.75,726.03,0.0,1.0
acs_income,random_forest,race,dpr_violation,0.040000000000000036,0.0,100,0.2619397564129653,0.0316629373373552,0.2605164193657674,0.2128570691155122,0.31483094793001176,0.7991733333333333,0.00686154233299117,0.8790449945275313,0.005688231598186592,1138.78,412.75,726.03,0.0,1.0
acs_income,random_forest,race,dpr_violation,0.050000000000000044,0.0,100,0.2619397564129653,0.0316629373373552,0.2605164193657674,0.2128570691155122,0.31483094793001176,0.7991733333333333,0.00686154233299117,0.8790449945275313,0.005688231598186592,1138.78,412.75,726.03,0.0,1.0
acs_income,random_forest,race,dpr_violation,0.06000000000000005,0.0,100,0.2619397564129653,0.0316629373373552,0.2605164193657674,0.2128570691155122,0.31483094793001176,0.7991733333333333,0.00686154233299117,0.8790449945275313,0.005688231598186592,1138.78,412.75,726.03,0.0,1.0
acs_income,random_forest,race,dpr_violation,0.06999999999999995,0.0,100,0.2619397564129653,0.0316629373373552,0.2605164193657674,0.2128570691155122,0.31483094793001176,0.7991733333333333,0.00686154233299117,0.8790449945275313,0.005688231598186592,1138.78,412.75,726.03,0.0,1.0
acs_income,random_forest,race,dpr_violation,0.07999999999999996,0.0,100,0.2619397564129653,0.0316629373373552,0.2605164193657674,0.2128570691155122,0.31483094793001176,0.7991733333333333,0.00686154233299117,0.8790449945275313,0.005688231598186592,1138.78,412.75,726.03,0.0,1.0
acs_income,random_forest,race,dpr_violation,0.08999999999999997,0.0,100,0.2619397564129653,0.0316629373373552,0.2605164193657674,0.2128570691155122,0.31483094793001176,0.7991733333333333,0.00686154233299117,0.8790449945275313,0.005688231598186592,1138.78,412.75,726.03,0.0,1.0
acs_income,random_forest,race,dpr_violation,0.09999999999999998,0.0,100,0.2619397564129653,0.0316629373373552,0.2605164193657674,0.2128570691155122,0.31483094793001176,0.7991733333333333,0.00686154233299117,0.8790449945275313,0.005688231598186592,1138.78,412.75,726.03,0.0,1.0
acs_income,random_forest,race,dpr_violation,0.10999999999999999,0.0,100,0.2619397564129653,0.0316629373373552,0.2605164193657674,0.2128570691155122,0.31483094793001176,0.7991733333333333,0.00686154233299117,0.8790449945275313,0.005688231598186592,1138.78,412.75,726.03,0.0,1.0
acs_income,random_forest,race,dpr_violation,0.12,0.0,100,0.2619397564129653,0.0316629373373552,0.2605164193657674,0.2128570691155122,0.31483094793001176,0.7991733333333333,0.00686154233299117,0.8790449945275313,0.005688231598186592,1138.78,412.75,726.03,0.0,1.0
acs_income,random_forest,race,dpr_violation,0.13,0.0,100,0.2619397564129653,0.0316629373373552,0.2605164193657674,0.2128570691155122,0.31483094793001176,0.7991733333333333,0.00686154233299117,0.8790449945275313,0.005688231598186592,1138.78,412.75,726.03,0.0,1.0
acs_income,random_forest,race,dpr_violation,0.14,0.0,100,0.2619397564129653,0.0316629373373552,0.2605164193657674,0.2128570691155122,0.31483094793001176,0.7991733333333333,0.00686154233299117,0.8790449945275313,0.005688231598186592,1138.78,412.75,726.03,0.0,1.0
acs_income,random_forest,race,dpr_violation,0.15000000000000002,0.0,100,0.2619397564129653,0.0316629373373552,0.2605164193657674,0.2128570691155122,0.31483094793001176,0.7991733333333333,0.00686154233299117,0.8790449945275313,0.005688231598186592,1138.78,412.75,726.03,0.0,1.0
acs_income,random_forest,race,dpr_violation,0.16000000000000003,0.0,100,0.2619397564129653,0.0316629373373552,0.2605164193657674,0.2128570691155122,0.31483094793001176,0.7991733333333333,0.00686154233299117,0.8790449945275313,0.005688231598186592,1138.78,412.75,726.03,0.0,1.0
acs_income,random_forest,race,dpr_violation,0.17000000000000004,0.0,100,0.2619397564129653,0.0316629373373552,0.2605164193657674,0.2128570691155122,0.31483094793001176,0.7991733333333333,0.00686154233299117,0.8790449945275313,0.005688231598186592,1138.78,412.75,726.03,0.0,1.0
acs_income,random_forest,race,dpr_violation,0.18000000000000005,0.01,100,0.2619397564129653,0.0316629373373552,0.2605164193657674,0.2128570691155122,0.31483094793001176,0.7991733333333333,0.00686154233299117,0.8790449945275313,0.005688231598186592,1138.78,412.75,726.03,0.0198,0.9802
acs_income,random_forest,race,dpr_violation,0.18999999999999995,0.01,100,0.2619397564129653,0.0316629373373552,0.2605164193657674,0.2128570691155122,0.31483094793001176,0.7991733333333333,0.00686154233299117,0.8790449945275313,0.005688231598186592,1138.78,412.75,726.03,0.0198,0.9802
acs_income,random_forest,race,dpr_violation,0.19999999999999996,0.01,100,0.2619397564129653,0.0316629373373552,0.2605164193657674,0.2128570691155122,0.31483094793001176,0.7991733333333333,0.00686154233299117,0.8790449945275313,0.005688231598186592,1138.78,412.75,726.03,0.0198,0.9802
acs_income,random_forest,race,dpr_violation,0.20999999999999996,0.04,100,0.2619397564129653,0.0316629373373552,0.2605164193657674,0.2128570691155122,0.31483094793001176,0.7991733333333333,0.00686154233299117,0.8790449945275313,0.005688231598186592,1138.78,412.75,726.03,0.0768,0.9232
acs_income,random_forest,race,dpr_violation,0.21999999999999997,0.09,100,0.2619397564129653,0.0316629373373552,0.2605164193657674,0.2128570691155122,0.31483094793001176,0.7991733333333333,0.00686154233299117,0.8790449945275313,0.005688231598186592,1138.78,412.75,726.03,0.1638,0.8362
acs_income,random_forest,race,dpr_violation,0.22999999999999998,0.16,100,0.2619397564129653,0.0316629373373552,0.2605164193657674,0.2128570691155122,0.31483094793001176,0.7991733333333333,0.00686154233299117,0.8790449945275313,0.005688231598186592,1138.78,412.75,726.03,0.2688,0.7312000000000001
acs_income,random_forest,race,dpr_violation,0.24,0.24,100,0.2619397564129653,0.0316629373373552,0.2605164193657674,0.2128570691155122,0.31483094793001176,0.7991733333333333,0.00686154233299117,0.8790449945275313,0.005688231598186592,1138.78,412.75,726.03,0.3648,0.6352
acs_income,random_forest,race,dpr_violation,0.25,0.39,100,0.2619397564129653,0.0316629373373552,0.2605164193657674,0.2128570691155122,0.31483094793001176,0.7991733333333333,0.00686154233299117,0.8790449945275313,0.005688231598186592,1138.78,412.75,726.03,0.4758,0.5242
acs_income,random_forest,race,dpr_violation,0.26,0.48,100,0.2619397564129653,0.0316629373373552,0.2605164193657674,0.2128570691155122,0.31483094793001176,0.7991733333333333,0.00686154233299117,0.8790449945275313,0.005688231598186592,1138.78,412.75,726.03,0.4992,0.5008
acs_income,random_forest,race,dpr_violation,0.27,0.62,100,0.2619397564129653,0.0316629373373552,0.2605164193657674,0.2128570691155122,0.31483094793001176,0.7991733333333333,0.00686154233299117,0.8790449945275313,0.005688231598186592,1138.78,412.75,726.03,0.4712,0.5287999999999999
acs_income,random_forest,race,dpr_violation,0.28,0.75,100,0.2619397564129653,0.0316629373373552,0.2605164193657674,0.2128570691155122,0.31483094793001176,0.7991733333333333,0.00686154233299117,0.8790449945275313,0.005688231598186592,1138.78,412.75,726.03,0.375,0.625
acs_income,random_forest,race,dpr_violation,0.29000000000000004,0.82,100,0.2619397564129653,0.0316629373373552,0.2605164193657674,0.2128570691155122,0.31483094793001176,0.7991733333333333,0.00686154233299117,0.8790449945275313,0.005688231598186592,1138.78,412.75,726.03,0.2952000000000001,0.7047999999999999
acs_income,random_forest,race,dpr_violation,0.30000000000000004,0.83,100,0.2619397564129653,0.0316629373373552,0.2605164193657674,0.2128570691155122,0.31483094793001176,0.7991733333333333,0.00686154233299117,0.8790449945275313,0.005688231598186592,1138.78,412.75,726.03,0.28220000000000006,0.7178
acs_income,random_forest,race,dpr_violation,0.31000000000000005,0.9,100,0.2619397564129653,0.0316629373373552,0.2605164193657674,0.2128570691155122,0.31483094793001176,0.7991733333333333,0.00686154233299117,0.8790449945275313,0.005688231598186592,1138.78,412.75,726.03,0.17999999999999997,0.8200000000000001
acs_income,random_forest,race,dpr_violation,0.31999999999999995,0.96,100,0.2619397564129653,0.0316629373373552,0.2605164193657674,0.2128570691155122,0.31483094793001176,0.7991733333333333,0.00686154233299117,0.8790449945275313,0.005688231598186592,1138.78,412.75,726.03,0.07680000000000006,0.9231999999999999
acs_income,random_forest,race,dpr_violation,0.32999999999999996,1.0,100,0.2619397564129653,0.0316629373373552,0.2605164193657674,0.2128570691155122,0.31483094793001176,0.7991733333333333,0.00686154233299117,0.8790449945275313,0.005688231598186592,1138.78,412.75,726.03,0.0,1.0
acs_income,random_forest,race,dpr_violation,0.33999999999999997,1.0,100,0.2619397564129653,0.0316629373373552,0.2605164193657674,0.2128570691155122,0.31483094793001176,0.7991733333333333,0.00686154233299117,0.8790449945275313,0.005688231598186592,1138.78,412.75,726.03,0.0,1.0
acs_income,random_forest,race,dpr_violation,0.35,1.0,100,0.2619397564129653,0.0316629373373552,0.2605164193657674,0.2128570691155122,0.31483094793001176,0.7991733333333333,0.00686154233299117,0.8790449945275313,0.005688231598186592,1138.78,412.75,726.03,0.0,1.0
acs_income,random_forest,race,dpr_violation,0.36,1.0,100,0.2619397564129653,0.0316629373373552,0.2605164193657674,0.2128570691155122,0.31483094793001176,0.7991733333333333,0.00686154233299117,0.8790449945275313,0.005688231598186592,1138.78,412.75,726.03,0.0,1.0
acs_income,random_forest,race,dpr_violation,0.37,1.0,100,0.2619397564129653,0.0316629373373552,0.2605164193657674,0.2128570691155122,0.31483094793001176,0.7991733333333333,0.00686154233299117,0.8790449945275313,0.005688231598186592,1138.78,412.75,726.03,0.0,1.0
acs_income,random_forest,race,dpr_violation,0.38,1.0,100,0.2619397564129653,0.0316629373373552,0.2605164193657674,0.2128570691155122,0.31483094793001176,0.7991733333333333,0.00686154233299117,0.8790449945275313,0.005688231598186592,1138.78,412.75,726.03,0.0,1.0
acs_income,random_forest,race,dpr_violation,0.39,1.0,100,0.2619397564129653,0.0316629373373552,0.2605164193657674,0.2128570691155122,0.31483094793001176,0.7991733333333333,0.00686154233299117,0.8790449945275313,0.005688231598186592,1138.78,412.75,726.03,0.0,1.0
acs_income,random_forest,race,dpr_violation,0.4,1.0,100,0.2619397564129653,0.0316629373373552,0.2605164193657674,0.2128570691155122,0.31483094793001176,0.7991733333333333,0.00686154233299117,0.8790449945275313,0.005688231598186592,1138.78,412.75,726.03,0.0,1.0
acs_income,random_forest,race,eod_violation,0.0,0.0,100,0.09336654584477283,0.028867204894368847,0.09577928471287844,0.04240679538760147,0.13691208688130474,0.7991733333333333,0.00686154233299117,0.8790449945275313,0.005688231598186592,1138.78,412.75,726.03,0.0,1.0
acs_income,random_forest,race,eod_violation,0.01,0.0,100,0.09336654584477283,0.028867204894368847,0.09577928471287844,0.04240679538760147,0.13691208688130474,0.7991733333333333,0.00686154233299117,0.8790449945275313,0.005688231598186592,1138.78,412.75,726.03,0.0,1.0
acs_income,random_forest,race,eod_violation,0.02,0.0,100,0.09336654584477283,0.028867204894368847,0.09577928471287844,0.04240679538760147,0.13691208688130474,0.7991733333333333,0.00686154233299117,0.8790449945275313,0.005688231598186592,1138.78,412.75,726.03,0.0,1.0
acs_income,random_forest,race,eod_violation,0.03,0.01,100,0.09336654584477283,0.028867204894368847,0.09577928471287844,0.04240679538760147,0.13691208688130474,0.7991733333333333,0.00686154233299117,0.8790449945275313,0.005688231598186592,1138.78,412.75,726.03,0.0198,0.9802
acs_income,random_forest,race,eod_violation,0.04,0.02,100,0.09336654584477283,0.028867204894368847,0.09577928471287844,0.04240679538760147,0.13691208688130474,0.7991733333333333,0.00686154233299117,0.8790449945275313,0.005688231598186592,1138.78,412.75,726.03,0.0392,0.9608
acs_income,random_forest,race,eod_violation,0.05,0.1,100,0.09336654584477283,0.028867204894368847,0.09577928471287844,0.04240679538760147,0.13691208688130474,0.7991733333333333,0.00686154233299117,0.8790449945275313,0.005688231598186592,1138.78,412.75,726.03,0.18000000000000002,0.82
acs_income,random_forest,race,eod_violation,0.06,0.13,100,0.09336654584477283,0.028867204894368847,0.09577928471287844,0.04240679538760147,0.13691208688130474,0.7991733333333333,0.00686154233299117,0.8790449945275313,0.005688231598186592,1138.78,412.75,726.03,0.2262,0.7738
acs_income,random_forest,race,eod_violation,0.07,0.23,100,0.09336654584477283,0.028867204894368847,0.09577928471287844,0.04240679538760147,0.13691208688130474,0.7991733333333333,0.00686154233299117,0.8790449945275313,0.005688231598186592,1138.78,412.75,726.03,0.3542,0.6457999999999999
acs_income,random_forest,race,eod_violation,0.08,0.3,100,0.09336654584477283,0.028867204894368847,0.09577928471287844,0.04240679538760147,0.13691208688130474,0.7991733333333333,0.00686154233299117,0.8790449945275313,0.005688231598186592,1138.78,412.75,726.03,0.42,0.5800000000000001
acs_income,random_forest,race,eod_violation,0.09,0.43,100,0.09336654584477283,0.028867204894368847,0.09577928471287844,0.04240679538760147,0.13691208688130474,0.7991733333333333,0.00686154233299117,0.8790449945275313,0.005688231598186592,1138.78,412.75,726.03,0.4902,0.5098
acs_income,random_forest,race,eod_violation,0.1,0.56,100,0.09336654584477283,0.028867204894368847,0.09577928471287844,0.04240679538760147,0.13691208688130474,0.7991733333333333,0.00686154233299117,0.8790449945275313,0.005688231598186592,1138.78,412.75,726.03,0.49279999999999996,0.5072000000000001
acs_income,random_forest,race,eod_violation,0.11,0.71,100,0.09336654584477283,0.028867204894368847,0.09577928471287844,0.04240679538760147,0.13691208688130474,0.7991733333333333,0.00686154233299117,0.8790449945275313,0.005688231598186592,1138.78,412.75,726.03,0.41180000000000005,0.5882
acs_income,random_forest,race,eod_violation,0.12,0.82,100,0.09336654584477283,0.028867204894368847,0.09577928471287844,0.04240679538760147,0.13691208688130474,0.7991733333333333,0.00686154233299117,0.8790449945275313,0.005688231598186592,1138.78,412.75,726.03,0.2952000000000001,0.7047999999999999
acs_income,random_forest,race,eod_violation,0.13,0.91,100,0.09336654584477283,0.028867204894368847,0.09577928471287844,0.04240679538760147,0.13691208688130474,0.7991733333333333,0.00686154233299117,0.8790449945275313,0.005688231598186592,1138.78,412.75,726.03,0.16379999999999995,0.8362
acs_income,random_forest,race,eod_violation,0.14,0.96,100,0.09336654584477283,0.028867204894368847,0.09577928471287844,0.04240679538760147,0.13691208688130474,0.7991733333333333,0.00686154233299117,0.8790449945275313,0.005688231598186592,1138.78,412.75,726.03,0.07680000000000006,0.9231999999999999
acs_income,random_forest,race,eod_violation,0.15,0.98,100,0.09336654584477283,0.028867204894368847,0.09577928471287844,0.04240679538760147,0.13691208688130474,0.7991733333333333,0.00686154233299117,0.8790449945275313,0.005688231598186592,1138.78,412.75,726.03,0.03920000000000003,0.9608
acs_income,random_forest,race,eod_violation,0.16,0.99,100,0.09336654584477283,0.028867204894368847,0.09577928471287844,0.04240679538760147,0.13691208688130474,0.7991733333333333,0.00686154233299117,0.8790449945275313,0.005688231598186592,1138.78,412.75,726.03,0.01980000000000002,0.9802
acs_income,random_forest,race,eod_violation,0.17,0.99,100,0.09336654584477283,0.028867204894368847,0.09577928471287844,0.04240679538760147,0.13691208688130474,0.7991733333333333,0.00686154233299117,0.8790449945275313,0.005688231598186592,1138.78,412.75,726.03,0.01980000000000002,0.9802
acs_income,random_forest,race,eod_violation,0.18,1.0,100,0.09336654584477283,0.028867204894368847,0.09577928471287844,0.04240679538760147,0.13691208688130474,0.7991733333333333,0.00686154233299117,0.8790449945275313,0.005688231598186592,1138.78,412.75,726.03,0.0,1.0
acs_income,random_forest,race,eod_violation,0.19,1.0,100,0.09336654584477283,0.028867204894368847,0.09577928471287844,0.04240679538760147,0.13691208688130474,0.7991733333333333,0.00686154233299117,0.8790449945275313,0.005688231598186592,1138.78,412.75,726.03,0.0,1.0
acs_income,random_forest,race,eod_violation,0.2,1.0,100,0.09336654584477283,0.028867204894368847,0.09577928471287844,0.04240679538760147,0.13691208688130474,0.7991733333333333,0.00686154233299117,0.8790449945275313,0.005688231598186592,1138.78,412.75,726.03,0.0,1.0
acs_income,random_forest,race,eod_violation,0.21,1.0,100,0.09336654584477283,0.028867204894368847,0.09577928471287844,0.04240679538760147,0.13691208688130474,0.7991733333333333,0.00686154233299117,0.8790449945275313,0.005688231598186592,1138.78,412.75,726.03,0.0,1.0
acs_income,random_forest,race,eod_violation,0.22,1.0,100,0.09336654584477283,0.028867204894368847,0.09577928471287844,0.04240679538760147,0.13691208688130474,0.7991733333333333,0.00686154233299117,0.8790449945275313,0.005688231598186592,1138.78,412.75,726.03,0.0,1.0
acs_income,random_forest,race,eod_violation,0.23,1.0,100,0.09336654584477283,0.028867204894368847,0.09577928471287844,0.04240679538760147,0.13691208688130474,0.7991733333333333,0.00686154233299117,0.8790449945275313,0.005688231598186592,1138.78,412.75,726.03,0.0,1.0
acs_income,random_forest,race,eod_violation,0.24,1.0,100,0.09336654584477283,0.028867204894368847,0.09577928471287844,0.04240679538760147,0.13691208688130474,0.7991733333333333,0.00686154233299117,0.8790449945275313,0.005688231598186592,1138.78,412.75,726.03,0.0,1.0
acs_income,random_forest,race,eod_violation,0.25,1.0,100,0.09336654584477283,0.028867204894368847,0.09577928471287844,0.04240679538760147,0.13691208688130474,0.7991733333333333,0.00686154233299117,0.8790449945275313,0.005688231598186592,1138.78,412.75,726.03,0.0,1.0
acs_income,random_forest,race,eod_violation,0.26,1.0,100,0.09336654584477283,0.028867204894368847,0.09577928471287844,0.04240679538760147,0.13691208688130474,0.7991733333333333,0.00686154233299117,0.8790449945275313,0.005688231598186592,1138.78,412.75,726.03,0.0,1.0
acs_income,random_forest,race,eod_violation,0.27,1.0,100,0.09336654584477283,0.028867204894368847,0.09577928471287844,0.04240679538760147,0.13691208688130474,0.7991733333333333,0.00686154233299117,0.8790449945275313,0.005688231598186592,1138.78,412.75,726.03,0.0,1.0
acs_income,random_forest,race,eod_violation,0.28,1.0,100,0.09336654584477283,0.028867204894368847,0.09577928471287844,0.04240679538760147,0.13691208688130474,0.7991733333333333,0.00686154233299117,0.8790449945275313,0.005688231598186592,1138.78,412.75,726.03,0.0,1.0
acs_income,random_forest,race,eod_violation,0.29,1.0,100,0.09336654584477283,0.028867204894368847,0.09577928471287844,0.04240679538760147,0.13691208688130474,0.7991733333333333,0.00686154233299117,0.8790449945275313,0.005688231598186592,1138.78,412.75,726.03,0.0,1.0
acs_income,random_forest,race,eod_violation,0.3,1.0,100,0.09336654584477283,0.028867204894368847,0.09577928471287844,0.04240679538760147,0.13691208688130474,0.7991733333333333,0.00686154233299117,0.8790449945275313,0.005688231598186592,1138.78,412.75,726.03,0.0,1.0
acs_income,random_forest,race,equalized_odds_violation,0.0,0.0,100,0.09474162551090391,0.026860254884332645,0.09577928471287844,0.05247717803741735,0.13691208688130474,0.7991733333333333,0.00686154233299117,0.8790449945275313,0.005688231598186592,1138.78,412.75,726.03,0.0,1.0
acs_income,random_forest,race,equalized_odds_violation,0.01,0.0,100,0.09474162551090391,0.026860254884332645,0.09577928471287844,0.05247717803741735,0.13691208688130474,0.7991733333333333,0.00686154233299117,0.8790449945275313,0.005688231598186592,1138.78,412.75,726.03,0.0,1.0
acs_income,random_forest,race,equalized_odds_violation,0.02,0.0,100,0.09474162551090391,0.026860254884332645,0.09577928471287844,0.05247717803741735,0.13691208688130474,0.7991733333333333,0.00686154233299117,0.8790449945275313,0.005688231598186592,1138.78,412.75,726.03,0.0,1.0
acs_income,random_forest,race,equalized_odds_violation,0.03,0.0,100,0.09474162551090391,0.026860254884332645,0.09577928471287844,0.05247717803741735,0.13691208688130474,0.7991733333333333,0.00686154233299117,0.8790449945275313,0.005688231598186592,1138.78,412.75,726.03,0.0,1.0
acs_income,random_forest,race,equalized_odds_violation,0.04,0.01,100,0.09474162551090391,0.026860254884332645,0.09577928471287844,0.05247717803741735,0.13691208688130474,0.7991733333333333,0.00686154233299117,0.8790449945275313,0.005688231598186592,1138.78,412.75,726.03,0.0198,0.9802
acs_income,random_forest,race,equalized_odds_violation,0.05,0.04,100,0.09474162551090391,0.026860254884332645,0.09577928471287844,0.05247717803741735,0.13691208688130474,0.7991733333333333,0.00686154233299117,0.8790449945275313,0.005688231598186592,1138.78,412.75,726.03,0.0768,0.9232
acs_income,random_forest,race,equalized_odds_violation,0.06,0.09,100,0.09474162551090391,0.026860254884332645,0.09577928471287844,0.05247717803741735,0.13691208688130474,0.7991733333333333,0.00686154233299117,0.8790449945275313,0.005688231598186592,1138.78,412.75,726.03,0.1638,0.8362
acs_income,random_forest,race,equalized_odds_violation,0.07,0.21,100,0.09474162551090391,0.026860254884332645,0.09577928471287844,0.05247717803741735,0.13691208688130474,0.7991733333333333,0.00686154233299117,0.8790449945275313,0.005688231598186592,1138.78,412.75,726.03,0.3318,0.6682
acs_income,random_forest,race,equalized_odds_violation,0.08,0.3,100,0.09474162551090391,0.026860254884332645,0.09577928471287844,0.05247717803741735,0.13691208688130474,0.7991733333333333,0.00686154233299117,0.8790449945275313,0.005688231598186592,1138.78,412.75,726.03,0.42,0.5800000000000001
acs_income,random_forest,race,equalized_odds_violation,0.09,0.43,100,0.09474162551090391,0.026860254884332645,0.09577928471287844,0.05247717803741735,0.13691208688130474,0.7991733333333333,0.00686154233299117,0.8790449945275313,0.005688231598186592,1138.78,412.75,726.03,0.4902,0.5098
acs_income,random_forest,race,equalized_odds_violation,0.1,0.56,100,0.09474162551090391,0.026860254884332645,0.09577928471287844,0.05247717803741735,0.13691208688130474,0.7991733333333333,0.00686154233299117,0.8790449945275313,0.005688231598186592,1138.78,412.75,726.03,0.49279999999999996,0.5072000000000001
acs_income,random_forest,race,equalized_odds_violation,0.11,0.71,100,0.09474162551090391,0.026860254884332645,0.09577928471287844,0.05247717803741735,0.13691208688130474,0.7991733333333333,0.00686154233299117,0.8790449945275313,0.005688231598186592,1138.78,412.75,726.03,0.41180000000000005,0.5882
acs_income,random_forest,race,equalized_odds_violation,0.12,0.82,100,0.09474162551090391,0.026860254884332645,0.09577928471287844,0.05247717803741735,0.13691208688130474,0.7991733333333333,0.00686154233299117,0.8790449945275313,0.005688231598186592,1138.78,412.75,726.03,0.2952000000000001,0.7047999999999999
acs_income,random_forest,race,equalized_odds_violation,0.13,0.91,100,0.09474162551090391,0.026860254884332645,0.09577928471287844,0.05247717803741735,0.13691208688130474,0.7991733333333333,0.00686154233299117,0.8790449945275313,0.005688231598186592,1138.78,412.75,726.03,0.16379999999999995,0.8362
acs_income,random_forest,race,equalized_odds_violation,0.14,0.96,100,0.09474162551090391,0.026860254884332645,0.09577928471287844,0.05247717803741735,0.13691208688130474,0.7991733333333333,0.00686154233299117,0.8790449945275313,0.005688231598186592,1138.78,412.75,726.03,0.07680000000000006,0.9231999999999999
acs_income,random_forest,race,equalized_odds_violation,0.15,0.98,100,0.09474162551090391,0.026860254884332645,0.09577928471287844,0.05247717803741735,0.13691208688130474,0.7991733333333333,0.00686154233299117,0.8790449945275313,0.005688231598186592,1138.78,412.75,726.03,0.03920000000000003,0.9608
acs_income,random_forest,race,equalized_odds_violation,0.16,0.99,100,0.09474162551090391,0.026860254884332645,0.09577928471287844,0.05247717803741735,0.13691208688130474,0.7991733333333333,0.00686154233299117,0.8790449945275313,0.005688231598186592,1138.78,412.75,726.03,0.01980000000000002,0.9802
acs_income,random_forest,race,equalized_odds_violation,0.17,0.99,100,0.09474162551090391,0.026860254884332645,0.09577928471287844,0.05247717803741735,0.13691208688130474,0.7991733333333333,0.00686154233299117,0.8790449945275313,0.005688231598186592,1138.78,412.75,726.03,0.01980000000000002,0.9802
acs_income,random_forest,race,equalized_odds_violation,0.18,1.0,100,0.09474162551090391,0.026860254884332645,0.09577928471287844,0.05247717803741735,0.13691208688130474,0.7991733333333333,0.00686154233299117,0.8790449945275313,0.005688231598186592,1138.78,412.75,726.03,0.0,1.0
acs_income,random_forest,race,equalized_odds_violation,0.19,1.0,100,0.09474162551090391,0.026860254884332645,0.09577928471287844,0.05247717803741735,0.13691208688130474,0.7991733333333333,0.00686154233299117,0.8790449945275313,0.005688231598186592,1138.78,412.75,726.03,0.0,1.0
acs_income,random_forest,race,equalized_odds_violation,0.2,1.0,100,0.09474162551090391,0.026860254884332645,0.09577928471287844,0.05247717803741735,0.13691208688130474,0.7991733333333333,0.00686154233299117,0.8790449945275313,0.005688231598186592,1138.78,412.75,726.03,0.0,1.0
acs_income,random_forest,race,equalized_odds_violation,0.21,1.0,100,0.09474162551090391,0.026860254884332645,0.09577928471287844,0.05247717803741735,0.13691208688130474,0.7991733333333333,0.00686154233299117,0.8790449945275313,0.005688231598186592,1138.78,412.75,726.03,0.0,1.0
acs_income,random_forest,race,equalized_odds_violation,0.22,1.0,100,0.09474162551090391,0.026860254884332645,0.09577928471287844,0.05247717803741735,0.13691208688130474,0.7991733333333333,0.00686154233299117,0.8790449945275313,0.005688231598186592,1138.78,412.75,726.03,0.0,1.0
acs_income,random_forest,race,equalized_odds_violation,0.23,1.0,100,0.09474162551090391,0.026860254884332645,0.09577928471287844,0.05247717803741735,0.13691208688130474,0.7991733333333333,0.00686154233299117,0.8790449945275313,0.005688231598186592,1138.78,412.75,726.03,0.0,1.0
acs_income,random_forest,race,equalized_odds_violation,0.24,1.0,100,0.09474162551090391,0.026860254884332645,0.09577928471287844,0.05247717803741735,0.13691208688130474,0.7991733333333333,0.00686154233299117,0.8790449945275313,0.005688231598186592,1138.78,412.75,726.03,0.0,1.0
acs_income,random_forest,race,equalized_odds_violation,0.25,1.0,100,0.09474162551090391,0.026860254884332645,0.09577928471287844,0.05247717803741735,0.13691208688130474,0.7991733333333333,0.00686154233299117,0.8790449945275313,0.005688231598186592,1138.78,412.75,726.03,0.0,1.0
acs_income,random_forest,race,equalized_odds_violation,0.26,1.0,100,0.09474162551090391,0.026860254884332645,0.09577928471287844,0.05247717803741735,0.13691208688130474,0.7991733333333333,0.00686154233299117,0.8790449945275313,0.005688231598186592,1138.78,412.75,726.03,0.0,1.0
acs_income,random_forest,race,equalized_odds_violation,0.27,1.0,100,0.09474162551090391,0.026860254884332645,0.09577928471287844,0.05247717803741735,0.13691208688130474,0.7991733333333333,0.00686154233299117,0.8790449945275313,0.005688231598186592,1138.78,412.75,726.03,0.0,1.0
acs_income,random_forest,race,equalized_odds_violation,0.28,1.0,100,0.09474162551090391,0.026860254884332645,0.09577928471287844,0.05247717803741735,0.13691208688130474,0.7991733333333333,0.00686154233299117,0.8790449945275313,0.005688231598186592,1138.78,412.75,726.03,0.0,1.0
acs_income,random_forest,race,equalized_odds_violation,0.29,1.0,100,0.09474162551090391,0.026860254884332645,0.09577928471287844,0.05247717803741735,0.13691208688130474,0.7991733333333333,0.00686154233299117,0.8790449945275313,0.005688231598186592,1138.78,412.75,726.03,0.0,1.0
acs_income,random_forest,race,equalized_odds_violation,0.3,1.0,100,0.09474162551090391,0.026860254884332645,0.09577928471287844,0.05247717803741735,0.13691208688130474,0.7991733333333333,0.00686154233299117,0.8790449945275313,0.005688231598186592,1138.78,412.75,726.03,0.0,1.0
acs_income,random_forest,sex,dpd_violation,0.0,0.0,100,0.16008252768969783,0.01630436127091163,0.15915849162797235,0.13554932488006363,0.18609919681482712,0.7991733333333333,0.00686154233299117,0.8790449945275313,0.005688231598186592,1430.81,494.25,831.44,0.0,1.0
acs_income,random_forest,sex,dpd_violation,0.01,0.0,100,0.16008252768969783,0.01630436127091163,0.15915849162797235,0.13554932488006363,0.18609919681482712,0.7991733333333333,0.00686154233299117,0.8790449945275313,0.005688231598186592,1430.81,494.25,831.44,0.0,1.0
acs_income,random_forest,sex,dpd_violation,0.02,0.0,100,0.16008252768969783,0.01630436127091163,0.15915849162797235,0.13554932488006363,0.18609919681482712,0.7991733333333333,0.00686154233299117,0.8790449945275313,0.005688231598186592,1430.81,494.25,831.44,0.0,1.0
acs_income,random_forest,sex,dpd_violation,0.03,0.0,100,0.16008252768969783,0.01630436127091163,0.15915849162797235,0.13554932488006363,0.18609919681482712,0.7991733333333333,0.00686154233299117,0.8790449945275313,0.005688231598186592,1430.81,494.25,831.44,0.0,1.0
acs_income,random_forest,sex,dpd_violation,0.04,0.0,100,0.16008252768969783,0.01630436127091163,0.15915849162797235,0.13554932488006363,0.18609919681482712,0.7991733333333333,0.00686154233299117,0.8790449945275313,0.005688231598186592,1430.81,494.25,831.44,0.0,1.0
acs_income,random_forest,sex,dpd_violation,0.05,0.0,100,0.16008252768969783,0.01630436127091163,0.15915849162797235,0.13554932488006363,0.18609919681482712,0.7991733333333333,0.00686154233299117,0.8790449945275313,0.005688231598186592,1430.81,494.25,831.44,0.0,1.0
acs_income,random_forest,sex,dpd_violation,0.06,0.0,100,0.16008252768969783,0.01630436127091163,0.15915849162797235,0.13554932488006363,0.18609919681482712,0.7991733333333333,0.00686154233299117,0.8790449945275313,0.005688231598186592,1430.81,494.25,831.44,0.0,1.0
acs_income,random_forest,sex,dpd_violation,0.07,0.0,100,0.16008252768969783,0.01630436127091163,0.15915849162797235,0.13554932488006363,0.18609919681482712,0.7991733333333333,0.00686154233299117,0.8790449945275313,0.005688231598186592,1430.81,494.25,831.44,0.0,1.0
acs_income,random_forest,sex,dpd_violation,0.08,0.0,100,0.16008252768969783,0.01630436127091163,0.15915849162797235,0.13554932488006363,0.18609919681482712,0.7991733333333333,0.00686154233299117,0.8790449945275313,0.005688231598186592,1430.81,494.25,831.44,0.0,1.0
acs_income,random_forest,sex,dpd_violation,0.09,0.0,100,0.16008252768969783,0.01630436127091163,0.15915849162797235,0.13554932488006363,0.18609919681482712,0.7991733333333333,0.00686154233299117,0.8790449945275313,0.005688231598186592,1430.81,494.25,831.44,0.0,1.0
acs_income,random_forest,sex,dpd_violation,0.1,0.0,100,0.16008252768969783,0.01630436127091163,0.15915849162797235,0.13554932488006363,0.18609919681482712,0.7991733333333333,0.00686154233299117,0.8790449945275313,0.005688231598186592,1430.81,494.25,831.44,0.0,1.0
acs_income,random_forest,sex,dpd_violation,0.11,0.0,100,0.16008252768969783,0.01630436127091163,0.15915849162797235,0.13554932488006363,0.18609919681482712,0.7991733333333333,0.00686154233299117,0.8790449945275313,0.005688231598186592,1430.81,494.25,831.44,0.0,1.0
acs_income,random_forest,sex,dpd_violation,0.12,0.01,100,0.16008252768969783,0.01630436127091163,0.15915849162797235,0.13554932488006363,0.18609919681482712,0.7991733333333333,0.00686154233299117,0.8790449945275313,0.005688231598186592,1430.81,494.25,831.44,0.0198,0.9802
acs_income,random_forest,sex,dpd_violation,0.13,0.01,100,0.16008252768969783,0.01630436127091163,0.15915849162797235,0.13554932488006363,0.18609919681482712,0.7991733333333333,0.00686154233299117,0.8790449945275313,0.005688231598186592,1430.81,494.25,831.44,0.0198,0.9802
acs_income,random_forest,sex,dpd_violation,0.14,0.14,100,0.16008252768969783,0.01630436127091163,0.15915849162797235,0.13554932488006363,0.18609919681482712,0.7991733333333333,0.00686154233299117,0.8790449945275313,0.005688231598186592,1430.81,494.25,831.44,0.24080000000000001,0.7592
acs_income,random_forest,sex,dpd_violation,0.15,0.25,100,0.16008252768969783,0.01630436127091163,0.15915849162797235,0.13554932488006363,0.18609919681482712,0.7991733333333333,0.00686154233299117,0.8790449945275313,0.005688231598186592,1430.81,494.25,831.44,0.375,0.625
acs_income,random_forest,sex,dpd_violation,0.16,0.54,100,0.16008252768969783,0.01630436127091163,0.15915849162797235,0.13554932488006363,0.18609919681482712,0.7991733333333333,0.00686154233299117,0.8790449945275313,0.005688231598186592,1430.81,494.25,831.44,0.4968,0.5032
acs_income,random_forest,sex,dpd_violation,0.17,0.69,100,0.16008252768969783,0.01630436127091163,0.15915849162797235,0.13554932488006363,0.18609919681482712,0.7991733333333333,0.00686154233299117,0.8790449945275313,0.005688231598186592,1430.81,494.25,831.44,0.4278,0.5722
acs_income,random_forest,sex,dpd_violation,0.18,0.9,100,0.16008252768969783,0.01630436127091163,0.15915849162797235,0.13554932488006363,0.18609919681482712,0.7991733333333333,0.00686154233299117,0.8790449945275313,0.005688231598186592,1430.81,494.25,831.44,0.17999999999999997,0.8200000000000001
acs_income,random_forest,sex,dpd_violation,0.19,0.97,100,0.16008252768969783,0.01630436127091163,0.15915849162797235,0.13554932488006363,0.18609919681482712,0.7991733333333333,0.00686154233299117,0.8790449945275313,0.005688231598186592,1430.81,494.25,831.44,0.05820000000000005,0.9418
acs_income,random_forest,sex,dpd_violation,0.2,1.0,100,0.16008252768969783,0.01630436127091163,0.15915849162797235,0.13554932488006363,0.18609919681482712,0.7991733333333333,0.00686154233299117,0.8790449945275313,0.005688231598186592,1430.81,494.25,831.44,0.0,1.0
acs_income,random_forest,sex,dpd_violation,0.21,1.0,100,0.16008252768969783,0.01630436127091163,0.15915849162797235,0.13554932488006363,0.18609919681482712,0.7991733333333333,0.00686154233299117,0.8790449945275313,0.005688231598186592,1430.81,494.25,831.44,0.0,1.0
acs_income,random_forest,sex,dpd_violation,0.22,1.0,100,0.16008252768969783,0.01630436127091163,0.15915849162797235,0.13554932488006363,0.18609919681482712,0.7991733333333333,0.00686154233299117,0.8790449945275313,0.005688231598186592,1430.81,494.25,831.44,0.0,1.0
acs_income,random_forest,sex,dpd_violation,0.23,1.0,100,0.16008252768969783,0.01630436127091163,0.15915849162797235,0.13554932488006363,0.18609919681482712,0.7991733333333333,0.00686154233299117,0.8790449945275313,0.005688231598186592,1430.81,494.25,831.44,0.0,1.0
acs_income,random_forest,sex,dpd_violation,0.24,1.0,100,0.16008252768969783,0.01630436127091163,0.15915849162797235,0.13554932488006363,0.18609919681482712,0.7991733333333333,0.00686154233299117,0.8790449945275313,0.005688231598186592,1430.81,494.25,831.44,0.0,1.0
acs_income,random_forest,sex,dpd_violation,0.25,1.0,100,0.16008252768969783,0.01630436127091163,0.15915849162797235,0.13554932488006363,0.18609919681482712,0.7991733333333333,0.00686154233299117,0.8790449945275313,0.005688231598186592,1430.81,494.25,831.44,0.0,1.0
acs_income,random_forest,sex,dpd_violation,0.26,1.0,100,0.16008252768969783,0.01630436127091163,0.15915849162797235,0.13554932488006363,0.18609919681482712,0.7991733333333333,0.00686154233299117,0.8790449945275313,0.005688231598186592,1430.81,494.25,831.44,0.0,1.0
acs_income,random_forest,sex,dpd_violation,0.27,1.0,100,0.16008252768969783,0.01630436127091163,0.15915849162797235,0.13554932488006363,0.18609919681482712,0.7991733333333333,0.00686154233299117,0.8790449945275313,0.005688231598186592,1430.81,494.25,831.44,0.0,1.0
acs_income,random_forest,sex,dpd_violation,0.28,1.0,100,0.16008252768969783,0.01630436127091163,0.15915849162797235,0.13554932488006363,0.18609919681482712,0.7991733333333333,0.00686154233299117,0.8790449945275313,0.005688231598186592,1430.81,494.25,831.44,0.0,1.0
acs_income,random_forest,sex,dpd_violation,0.29,1.0,100,0.16008252768969783,0.01630436127091163,0.15915849162797235,0.13554932488006363,0.18609919681482712,0.7991733333333333,0.00686154233299117,0.8790449945275313,0.005688231598186592,1430.81,494.25,831.44,0.0,1.0
acs_income,random_forest,sex,dpd_violation,0.3,1.0,100,0.16008252768969783,0.01630436127091163,0.15915849162797235,0.13554932488006363,0.18609919681482712,0.7991733333333333,0.00686154233299117,0.8790449945275313,0.005688231598186592,1430.81,494.25,831.44,0.0,1.0
acs_income,random_forest,sex,dpr_violation,0.0,0.0,100,0.3504638605356539,0.029062394312272845,0.34839147659045305,0.30301003920049113,0.39530672675039485,0.7991733333333333,0.00686154233299117,0.8790449945275313,0.005688231598186592,1430.81,494.25,831.44,0.0,1.0
acs_income,random_forest,sex,dpr_violation,0.010000000000000009,0.0,100,0.3504638605356539,0.029062394312272845,0.34839147659045305,0.30301003920049113,0.39530672675039485,0.7991733333333333,0.00686154233299117,0.8790449945275313,0.005688231598186592,1430.81,494.25,831.44,0.0,1.0
acs_income,random_forest,sex,dpr_violation,0.020000000000000018,0.0,100,0.3504638605356539,0.029062394312272845,0.34839147659045305,0.30301003920049113,0.39530672675039485,0.7991733333333333,0.00686154233299117,0.8790449945275313,0.005688231598186592,1430.81,494.25,831.44,0.0,1.0
acs_income,random_forest,sex,dpr_violation,0.030000000000000027,0.0,100,0.3504638605356539,0.029062394312272845,0.34839147659045305,0.30301003920049113,0.39530672675039485,0.7991733333333333,0.00686154233299117,0.8790449945275313,0.005688231598186592,1430.81,494.25,831.44,0.0,1.0
acs_income,random_forest,sex,dpr_violation,0.040000000000000036,0.0,100,0.3504638605356539,0.029062394312272845,0.34839147659045305,0.30301003920049113,0.39530672675039485,0.7991733333333333,0.00686154233299117,0.8790449945275313,0.005688231598186592,1430.81,494.25,831.44,0.0,1.0
acs_income,random_forest,sex,dpr_violation,0.050000000000000044,0.0,100,0.3504638605356539,0.029062394312272845,0.34839147659045305,0.30301003920049113,0.39530672675039485,0.7991733333333333,0.00686154233299117,0.8790449945275313,0.005688231598186592,1430.81,494.25,831.44,0.0,1.0
acs_income,random_forest,sex,dpr_violation,0.06000000000000005,0.0,100,0.3504638605356539,0.029062394312272845,0.34839147659045305,0.30301003920049113,0.39530672675039485,0.7991733333333333,0.00686154233299117,0.8790449945275313,0.005688231598186592,1430.81,494.25,831.44,0.0,1.0
acs_income,random_forest,sex,dpr_violation,0.06999999999999995,0.0,100,0.3504638605356539,0.029062394312272845,0.34839147659045305,0.30301003920049113,0.39530672675039485,0.7991733333333333,0.00686154233299117,0.8790449945275313,0.005688231598186592,1430.81,494.25,831.44,0.0,1.0
acs_income,random_forest,sex,dpr_violation,0.07999999999999996,0.0,100,0.3504638605356539,0.029062394312272845,0.34839147659045305,0.30301003920049113,0.39530672675039485,0.7991733333333333,0.00686154233299117,0.8790449945275313,0.005688231598186592,1430.81,494.25,831.44,0.0,1.0
acs_income,random_forest,sex,dpr_violation,0.08999999999999997,0.0,100,0.3504638605356539,0.029062394312272845,0.34839147659045305,0.30301003920049113,0.39530672675039485,0.7991733333333333,0.00686154233299117,0.8790449945275313,0.005688231598186592,1430.81,494.25,831.44,0.0,1.0
acs_income,random_forest,sex,dpr_violation,0.09999999999999998,0.0,100,0.3504638605356539,0.029062394312272845,0.34839147659045305,0.30301003920049113,0.39530672675039485,0.7991733333333333,0.00686154233299117,0.8790449945275313,0.005688231598186592,1430.81,494.25,831.44,0.0,1.0
acs_income,random_forest,sex,dpr_violation,0.10999999999999999,0.0,100,0.3504638605356539,0.029062394312272845,0.34839147659045305,0.30301003920049113,0.39530672675039485,0.7991733333333333,0.00686154233299117,0.8790449945275313,0.005688231598186592,1430.81,494.25,831.44,0.0,1.0
acs_income,random_forest,sex,dpr_violation,0.12,0.0,100,0.3504638605356539,0.029062394312272845,0.34839147659045305,0.30301003920049113,0.39530672675039485,0.7991733333333333,0.00686154233299117,0.8790449945275313,0.005688231598186592,1430.81,494.25,831.44,0.0,1.0
acs_income,random_forest,sex,dpr_violation,0.13,0.0,100,0.3504638605356539,0.029062394312272845,0.34839147659045305,0.30301003920049113,0.39530672675039485,0.7991733333333333,0.00686154233299117,0.8790449945275313,0.005688231598186592,1430.81,494.25,831.44,0.0,1.0
acs_income,random_forest,sex,dpr_violation,0.14,0.0,100,0.3504638605356539,0.029062394312272845,0.34839147659045305,0.30301003920049113,0.39530672675039485,0.7991733333333333,0.00686154233299117,0.8790449945275313,0.005688231598186592,1430.81,494.25,831.44,0.0,1.0
acs_income,random_forest,sex,dpr_violation,0.15000000000000002,0.0,100,0.3504638605356539,0.029062394312272845,0.34839147659045305,0.30301003920049113,0.39530672675039485,0.7991733333333333,0.00686154233299117,0.8790449945275313,0.005688231598186592,1430.81,494.25,831.44,0.0,1.0
acs_income,random_forest,sex,dpr_violation,0.16000000000000003,0.0,100,0.3504638605356539,0.029062394312272845,0.34839147659045305,0.30301003920049113,0.39530672675039485,0.7991733333333333,0.00686154233299117,0.8790449945275313,0.005688231598186592,1430.81,494.25,831.44,0.0,1.0
acs_income,random_forest,sex,dpr_violation,0.17000000000000004,0.0,100,0.3504638605356539,0.029062394312272845,0.34839147659045305,0.30301003920049113,0.39530672675039485,0.7991733333333333,0.00686154233299117,0.8790449945275313,0.005688231598186592,1430.81,494.25,831.44,0.0,1.0
acs_income,random_forest,sex,dpr_violation,0.18000000000000005,0.0,100,0.3504638605356539,0.029062394312272845,0.34839147659045305,0.30301003920049113,0.39530672675039485,0.7991733333333333,0.00686154233299117,0.8790449945275313,0.005688231598186592,1430.81,494.25,831.44,0.0,1.0
acs_income,random_forest,sex,dpr_violation,0.18999999999999995,0.0,100,0.3504638605356539,0.029062394312272845,0.34839147659045305,0.30301003920049113,0.39530672675039485,0.7991733333333333,0.00686154233299117,0.8790449945275313,0.005688231598186592,1430.81,494.25,831.44,0.0,1.0
acs_income,random_forest,sex,dpr_violation,0.19999999999999996,0.0,100,0.3504638605356539,0.029062394312272845,0.34839147659045305,0.30301003920049113,0.39530672675039485,0.7991733333333333,0.00686154233299117,0.8790449945275313,0.005688231598186592,1430.81,494.25,831.44,0.0,1.0
acs_income,random_forest,sex,dpr_violation,0.20999999999999996,0.0,100,0.3504638605356539,0.029062394312272845,0.34839147659045305,0.30301003920049113,0.39530672675039485,0.7991733333333333,0.00686154233299117,0.8790449945275313,0.005688231598186592,1430.81,494.25,831.44,0.0,1.0
acs_income,random_forest,sex,dpr_violation,0.21999999999999997,0.0,100,0.3504638605356539,0.029062394312272845,0.34839147659045305,0.30301003920049113,0.39530672675039485,0.7991733333333333,0.00686154233299117,0.8790449945275313,0.005688231598186592,1430.81,494.25,831.44,0.0,1.0
acs_income,random_forest,sex,dpr_violation,0.22999999999999998,0.0,100,0.3504638605356539,0.029062394312272845,0.34839147659045305,0.30301003920049113,0.39530672675039485,0.7991733333333333,0.00686154233299117,0.8790449945275313,0.005688231598186592,1430.81,494.25,831.44,0.0,1.0
acs_income,random_forest,sex,dpr_violation,0.24,0.0,100,0.3504638605356539,0.029062394312272845,0.34839147659045305,0.30301003920049113,0.39530672675039485,0.7991733333333333,0.00686154233299117,0.8790449945275313,0.005688231598186592,1430.81,494.25,831.44,0.0,1.0
acs_income,random_forest,sex,dpr_violation,0.25,0.0,100,0.3504638605356539,0.029062394312272845,0.34839147659045305,0.30301003920049113,0.39530672675039485,0.7991733333333333,0.00686154233299117,0.8790449945275313,0.005688231598186592,1430.81,494.25,831.44,0.0,1.0
acs_income,random_forest,sex,dpr_violation,0.26,0.0,100,0.3504638605356539,0.029062394312272845,0.34839147659045305,0.30301003920049113,0.39530672675039485,0.7991733333333333,0.00686154233299117,0.8790449945275313,0.005688231598186592,1430.81,494.25,831.44,0.0,1.0
acs_income,random_forest,sex,dpr_violation,0.27,0.0,100,0.3504638605356539,0.029062394312272845,0.34839147659045305,0.30301003920049113,0.39530672675039485,0.7991733333333333,0.00686154233299117,0.8790449945275313,0.005688231598186592,1430.81,494.25,831.44,0.0,1.0
acs_income,random_forest,sex,dpr_violation,0.28,0.01,100,0.3504638605356539,0.029062394312272845,0.34839147659045305,0.30301003920049113,0.39530672675039485,0.7991733333333333,0.00686154233299117,0.8790449945275313,0.005688231598186592,1430.81,494.25,831.44,0.0198,0.9802
acs_income,random_forest,sex,dpr_violation,0.29000000000000004,0.01,100,0.3504638605356539,0.029062394312272845,0.34839147659045305,0.30301003920049113,0.39530672675039485,0.7991733333333333,0.00686154233299117,0.8790449945275313,0.005688231598186592,1430.81,494.25,831.44,0.0198,0.9802
acs_income,random_forest,sex,dpr_violation,0.30000000000000004,0.03,100,0.3504638605356539,0.029062394312272845,0.34839147659045305,0.30301003920049113,0.39530672675039485,0.7991733333333333,0.00686154233299117,0.8790449945275313,0.005688231598186592,1430.81,494.25,831.44,0.058199999999999995,0.9418
acs_income,random_forest,sex,dpr_violation,0.31000000000000005,0.1,100,0.3504638605356539,0.029062394312272845,0.34839147659045305,0.30301003920049113,0.39530672675039485,0.7991733333333333,0.00686154233299117,0.8790449945275313,0.005688231598186592,1430.81,494.25,831.44,0.18000000000000002,0.82
acs_income,random_forest,sex,dpr_violation,0.31999999999999995,0.17,100,0.3504638605356539,0.029062394312272845,0.34839147659045305,0.30301003920049113,0.39530672675039485,0.7991733333333333,0.00686154233299117,0.8790449945275313,0.005688231598186592,1430.81,494.25,831.44,0.2822,0.7178
acs_income,random_forest,sex,dpr_violation,0.32999999999999996,0.24,100,0.3504638605356539,0.029062394312272845,0.34839147659045305,0.30301003920049113,0.39530672675039485,0.7991733333333333,0.00686154233299117,0.8790449945275313,0.005688231598186592,1430.81,494.25,831.44,0.3648,0.6352
acs_income,random_forest,sex,dpr_violation,0.33999999999999997,0.32,100,0.3504638605356539,0.029062394312272845,0.34839147659045305,0.30301003920049113,0.39530672675039485,0.7991733333333333,0.00686154233299117,0.8790449945275313,0.005688231598186592,1430.81,494.25,831.44,0.4352,0.5648
acs_income,random_forest,sex,dpr_violation,0.35,0.52,100,0.3504638605356539,0.029062394312272845,0.34839147659045305,0.30301003920049113,0.39530672675039485,0.7991733333333333,0.00686154233299117,0.8790449945275313,0.005688231598186592,1430.81,494.25,831.44,0.4992,0.5008
acs_income,random_forest,sex,dpr_violation,0.36,0.64,100,0.3504638605356539,0.029062394312272845,0.34839147659045305,0.30301003920049113,0.39530672675039485,0.7991733333333333,0.00686154233299117,0.8790449945275313,0.005688231598186592,1430.81,494.25,831.44,0.4608,0.5392
acs_income,random_forest,sex,dpr_violation,0.37,0.72,100,0.3504638605356539,0.029062394312272845,0.34839147659045305,0.30301003920049113,0.39530672675039485,0.7991733333333333,0.00686154233299117,0.8790449945275313,0.005688231598186592,1430.81,494.25,831.44,0.4032,0.5968
acs_income,random_forest,sex,dpr_violation,0.38,0.84,100,0.3504638605356539,0.029062394312272845,0.34839147659045305,0.30301003920049113,0.39530672675039485,0.7991733333333333,0.00686154233299117,0.8790449945275313,0.005688231598186592,1430.81,494.25,831.44,0.26880000000000004,0.7312
acs_income,random_forest,sex,dpr_violation,0.39,0.9,100,0.3504638605356539,0.029062394312272845,0.34839147659045305,0.30301003920049113,0.39530672675039485,0.7991733333333333,0.00686154233299117,0.8790449945275313,0.005688231598186592,1430.81,494.25,831.44,0.17999999999999997,0.8200000000000001
acs_income,random_forest,sex,dpr_violation,0.4,0.96,100,0.3504638605356539,0.029062394312272845,0.34839147659045305,0.30301003920049113,0.39530672675039485,0.7991733333333333,0.00686154233299117,0.8790449945275313,0.005688231598186592,1430.81,494.25,831.44,0.07680000000000006,0.9231999999999999
acs_income,random_forest,sex,eod_violation,0.0,0.0,100,0.11766417982294962,0.025272285551143317,0.11704591739847435,0.08132553614884723,0.15830484905057432,0.7991733333333333,0.00686154233299117,0.8790449945275313,0.005688231598186592,1430.81,494.25,831.44,0.0,1.0
acs_income,random_forest,sex,eod_violation,0.01,0.0,100,0.11766417982294962,0.025272285551143317,0.11704591739847435,0.08132553614884723,0.15830484905057432,0.7991733333333333,0.00686154233299117,0.8790449945275313,0.005688231598186592,1430.81,494.25,831.44,0.0,1.0
acs_income,random_forest,sex,eod_violation,0.02,0.0,100,0.11766417982294962,0.025272285551143317,0.11704591739847435,0.08132553614884723,0.15830484905057432,0.7991733333333333,0.00686154233299117,0.8790449945275313,0.005688231598186592,1430.81,494.25,831.44,0.0,1.0
acs_income,random_forest,sex,eod_violation,0.03,0.0,100,0.11766417982294962,0.025272285551143317,0.11704591739847435,0.08132553614884723,0.15830484905057432,0.7991733333333333,0.00686154233299117,0.8790449945275313,0.005688231598186592,1430.81,494.25,831.44,0.0,1.0
acs_income,random_forest,sex,eod_violation,0.04,0.0,100,0.11766417982294962,0.025272285551143317,0.11704591739847435,0.08132553614884723,0.15830484905057432,0.7991733333333333,0.00686154233299117,0.8790449945275313,0.005688231598186592,1430.81,494.25,831.44,0.0,1.0
acs_income,random_forest,sex,eod_violation,0.05,0.0,100,0.11766417982294962,0.025272285551143317,0.11704591739847435,0.08132553614884723,0.15830484905057432,0.7991733333333333,0.00686154233299117,0.8790449945275313,0.005688231598186592,1430.81,494.25,831.44,0.0,1.0
acs_income,random_forest,sex,eod_violation,0.06,0.01,100,0.11766417982294962,0.025272285551143317,0.11704591739847435,0.08132553614884723,0.15830484905057432,0.7991733333333333,0.00686154233299117,0.8790449945275313,0.005688231598186592,1430.81,494.25,831.44,0.0198,0.9802
acs_income,random_forest,sex,eod_violation,0.07,0.02,100,0.11766417982294962,0.025272285551143317,0.11704591739847435,0.08132553614884723,0.15830484905057432,0.7991733333333333,0.00686154233299117,0.8790449945275313,0.005688231598186592,1430.81,494.25,831.44,0.0392,0.9608
acs_income,random_forest,sex,eod_violation,0.08,0.03,100,0.11766417982294962,0.025272285551143317,0.11704591739847435,0.08132553614884723,0.15830484905057432,0.7991733333333333,0.00686154233299117,0.8790449945275313,0.005688231598186592,1430.81,494.25,831.44,0.058199999999999995,0.9418
acs_income,random_forest,sex,eod_violation,0.09,0.18,100,0.11766417982294962,0.025272285551143317,0.11704591739847435,0.08132553614884723,0.15830484905057432,0.7991733333333333,0.00686154233299117,0.8790449945275313,0.005688231598186592,1430.81,494.25,831.44,0.2952,0.7048
acs_income,random_forest,sex,eod_violation,0.1,0.31,100,0.11766417982294962,0.025272285551143317,0.11704591739847435,0.08132553614884723,0.15830484905057432,0.7991733333333333,0.00686154233299117,0.8790449945275313,0.005688231598186592,1430.81,494.25,831.44,0.42779999999999996,0.5722
acs_income,random_forest,sex,eod_violation,0.11,0.39,100,0.11766417982294962,0.025272285551143317,0.11704591739847435,0.08132553614884723,0.15830484905057432,0.7991733333333333,0.00686154233299117,0.8790449945275313,0.005688231598186592,1430.81,494.25,831.44,0.4758,0.5242
acs_income,random_forest,sex,eod_violation,0.12,0.56,100,0.11766417982294962,0.025272285551143317,0.11704591739847435,0.08132553614884723,0.15830484905057432,0.7991733333333333,0.00686154233299117,0.8790449945275313,0.005688231598186592,1430.81,494.25,831.44,0.49279999999999996,0.5072000000000001
acs_income,random_forest,sex,eod_violation,0.13,0.66,100,0.11766417982294962,0.025272285551143317,0.11704591739847435,0.08132553614884723,0.15830484905057432,0.7991733333333333,0.00686154233299117,0.8790449945275313,0.005688231598186592,1430.81,494.25,831.44,0.4488,0.5512
acs_income,random_forest,sex,eod_violation,0.14,0.8,100,0.11766417982294962,0.025272285551143317,0.11704591739847435,0.08132553614884723,0.15830484905057432,0.7991733333333333,0.00686154233299117,0.8790449945275313,0.005688231598186592,1430.81,494.25,831.44,0.31999999999999995,0.68
acs_income,random_forest,sex,eod_violation,0.15,0.89,100,0.11766417982294962,0.025272285551143317,0.11704591739847435,0.08132553614884723,0.15830484905057432,0.7991733333333333,0.00686154233299117,0.8790449945275313,0.005688231598186592,1430.81,494.25,831.44,0.19579999999999997,0.8042
acs_income,random_forest,sex,eod_violation,0.16,0.95,100,0.11766417982294962,0.025272285551143317,0.11704591739847435,0.08132553614884723,0.15830484905057432,0.7991733333333333,0.00686154233299117,0.8790449945275313,0.005688231598186592,1430.81,494.25,831.44,0.09500000000000008,0.9049999999999999
acs_income,random_forest,sex,eod_violation,0.17,0.99,100,0.11766417982294962,0.025272285551143317,0.11704591739847435,0.08132553614884723,0.15830484905057432,0.7991733333333333,0.00686154233299117,0.8790449945275313,0.005688231598186592,1430.81,494.25,831.44,0.01980000000000002,0.9802
acs_income,random_forest,sex,eod_violation,0.18,1.0,100,0.11766417982294962,0.025272285551143317,0.11704591739847435,0.08132553614884723,0.15830484905057432,0.7991733333333333,0.00686154233299117,0.8790449945275313,0.005688231598186592,1430.81,494.25,831.44,0.0,1.0
acs_income,random_forest,sex,eod_violation,0.19,1.0,100,0.11766417982294962,0.025272285551143317,0.11704591739847435,0.08132553614884723,0.15830484905057432,0.7991733333333333,0.00686154233299117,0.8790449945275313,0.005688231598186592,1430.81,494.25,831.44,0.0,1.0
acs_income,random_forest,sex,eod_violation,0.2,1.0,100,0.11766417982294962,0.025272285551143317,0.11704591739847435,0.08132553614884723,0.15830484905057432,0.7991733333333333,0.00686154233299117,0.8790449945275313,0.005688231598186592,1430.81,494.25,831.44,0.0,1.0
acs_income,random_forest,sex,eod_violation,0.21,1.0,100,0.11766417982294962,0.025272285551143317,0.11704591739847435,0.08132553614884723,0.15830484905057432,0.7991733333333333,0.00686154233299117,0.8790449945275313,0.005688231598186592,1430.81,494.25,831.44,0.0,1.0
acs_income,random_forest,sex,eod_violation,0.22,1.0,100,0.11766417982294962,0.025272285551143317,0.11704591739847435,0.08132553614884723,0.15830484905057432,0.7991733333333333,0.00686154233299117,0.8790449945275313,0.005688231598186592,1430.81,494.25,831.44,0.0,1.0
acs_income,random_forest,sex,eod_violation,0.23,1.0,100,0.11766417982294962,0.025272285551143317,0.11704591739847435,0.08132553614884723,0.15830484905057432,0.7991733333333333,0.00686154233299117,0.8790449945275313,0.005688231598186592,1430.81,494.25,831.44,0.0,1.0
acs_income,random_forest,sex,eod_violation,0.24,1.0,100,0.11766417982294962,0.025272285551143317,0.11704591739847435,0.08132553614884723,0.15830484905057432,0.7991733333333333,0.00686154233299117,0.8790449945275313,0.005688231598186592,1430.81,494.25,831.44,0.0,1.0
acs_income,random_forest,sex,eod_violation,0.25,1.0,100,0.11766417982294962,0.025272285551143317,0.11704591739847435,0.08132553614884723,0.15830484905057432,0.7991733333333333,0.00686154233299117,0.8790449945275313,0.005688231598186592,1430.81,494.25,831.44,0.0,1.0
acs_income,random_forest,sex,eod_violation,0.26,1.0,100,0.11766417982294962,0.025272285551143317,0.11704591739847435,0.08132553614884723,0.15830484905057432,0.7991733333333333,0.00686154233299117,0.8790449945275313,0.005688231598186592,1430.81,494.25,831.44,0.0,1.0
acs_income,random_forest,sex,eod_violation,0.27,1.0,100,0.11766417982294962,0.025272285551143317,0.11704591739847435,0.08132553614884723,0.15830484905057432,0.7991733333333333,0.00686154233299117,0.8790449945275313,0.005688231598186592,1430.81,494.25,831.44,0.0,1.0
acs_income,random_forest,sex,eod_violation,0.28,1.0,100,0.11766417982294962,0.025272285551143317,0.11704591739847435,0.08132553614884723,0.15830484905057432,0.7991733333333333,0.00686154233299117,0.8790449945275313,0.005688231598186592,1430.81,494.25,831.44,0.0,1.0
acs_income,random_forest,sex,eod_violation,0.29,1.0,100,0.11766417982294962,0.025272285551143317,0.11704591739847435,0.08132553614884723,0.15830484905057432,0.7991733333333333,0.00686154233299117,0.8790449945275313,0.005688231598186592,1430.81,494.25,831.44,0.0,1.0
acs_income,random_forest,sex,eod_violation,0.3,1.0,100,0.11766417982294962,0.025272285551143317,0.11704591739847435,0.08132553614884723,0.15830484905057432,0.7991733333333333,0.00686154233299117,0.8790449945275313,0.005688231598186592,1430.81,494.25,831.44,0.0,1.0
acs_income,random_forest,sex,equalized_odds_violation,0.0,0.0,100,0.11827429469693675,0.024670334066299638,0.11704591739847435,0.08495249741144907,0.15830484905057432,0.7991733333333333,0.00686154233299117,0.8790449945275313,0.005688231598186592,1430.81,494.25,831.44,0.0,1.0
acs_income,random_forest,sex,equalized_odds_violation,0.01,0.0,100,0.11827429469693675,0.024670334066299638,0.11704591739847435,0.08495249741144907,0.15830484905057432,0.7991733333333333,0.00686154233299117,0.8790449945275313,0.005688231598186592,1430.81,494.25,831.44,0.0,1.0
acs_income,random_forest,sex,equalized_odds_violation,0.02,0.0,100,0.11827429469693675,0.024670334066299638,0.11704591739847435,0.08495249741144907,0.15830484905057432,0.7991733333333333,0.00686154233299117,0.8790449945275313,0.005688231598186592,1430.81,494.25,831.44,0.0,1.0
acs_income,random_forest,sex,equalized_odds_violation,0.03,0.0,100,0.11827429469693675,0.024670334066299638,0.11704591739847435,0.08495249741144907,0.15830484905057432,0.7991733333333333,0.00686154233299117,0.8790449945275313,0.005688231598186592,1430.81,494.25,831.44,0.0,1.0
acs_income,random_forest,sex,equalized_odds_violation,0.04,0.0,100,0.11827429469693675,0.024670334066299638,0.11704591739847435,0.08495249741144907,0.15830484905057432,0.7991733333333333,0.00686154233299117,0.8790449945275313,0.005688231598186592,1430.81,494.25,831.44,0.0,1.0
acs_income,random_forest,sex,equalized_odds_violation,0.05,0.0,100,0.11827429469693675,0.024670334066299638,0.11704591739847435,0.08495249741144907,0.15830484905057432,0.7991733333333333,0.00686154233299117,0.8790449945275313,0.005688231598186592,1430.81,494.25,831.44,0.0,1.0
acs_income,random_forest,sex,equalized_odds_violation,0.06,0.01,100,0.11827429469693675,0.024670334066299638,0.11704591739847435,0.08495249741144907,0.15830484905057432,0.7991733333333333,0.00686154233299117,0.8790449945275313,0.005688231598186592,1430.81,494.25,831.44,0.0198,0.9802
acs_income,random_forest,sex,equalized_odds_violation,0.07,0.02,100,0.11827429469693675,0.024670334066299638,0.11704591739847435,0.08495249741144907,0.15830484905057432,0.7991733333333333,0.00686154233299117,0.8790449945275313,0.005688231598186592,1430.81,494.25,831.44,0.0392,0.9608
acs_income,random_forest,sex,equalized_odds_violation,0.08,0.03,100,0.11827429469693675,0.024670334066299638,0.11704591739847435,0.08495249741144907,0.15830484905057432,0.7991733333333333,0.00686154233299117,0.8790449945275313,0.005688231598186592,1430.81,494.25,831.44,0.058199999999999995,0.9418
acs_income,random_forest,sex,equalized_odds_violation,0.09,0.15,100,0.11827429469693675,0.024670334066299638,0.11704591739847435,0.08495249741144907,0.15830484905057432,0.7991733333333333,0.00686154233299117,0.8790449945275313,0.005688231598186592,1430.81,494.25,831.44,0.255,0.745
acs_income,random_forest,sex,equalized_odds_violation,0.1,0.29,100,0.11827429469693675,0.024670334066299638,0.11704591739847435,0.08495249741144907,0.15830484905057432,0.7991733333333333,0.00686154233299117,0.8790449945275313,0.005688231598186592,1430.81,494.25,831.44,0.41179999999999994,0.5882000000000001
acs_income,random_forest,sex,equalized_odds_violation,0.11,0.39,100,0.11827429469693675,0.024670334066299638,0.11704591739847435,0.08495249741144907,0.15830484905057432,0.7991733333333333,0.00686154233299117,0.8790449945275313,0.005688231598186592,1430.81,494.25,831.44,0.4758,0.5242
acs_income,random_forest,sex,equalized_odds_violation,0.12,0.56,100,0.11827429469693675,0.024670334066299638,0.11704591739847435,0.08495249741144907,0.15830484905057432,0.7991733333333333,0.00686154233299117,0.8790449945275313,0.005688231598186592,1430.81,494.25,831.44,0.49279999999999996,0.5072000000000001
acs_income,random_forest,sex,equalized_odds_violation,0.13,0.66,100,0.11827429469693675,0.024670334066299638,0.11704591739847435,0.08495249741144907,0.15830484905057432,0.7991733333333333,0.00686154233299117,0.8790449945275313,0.005688231598186592,1430.81,494.25,831.44,0.4488,0.5512
acs_income,random_forest,sex,equalized_odds_violation,0.14,0.8,100,0.11827429469693675,0.024670334066299638,0.11704591739847435,0.08495249741144907,0.15830484905057432,0.7991733333333333,0.00686154233299117,0.8790449945275313,0.005688231598186592,1430.81,494.25,831.44,0.31999999999999995,0.68
acs_income,random_forest,sex,equalized_odds_violation,0.15,0.89,100,0.11827429469693675,0.024670334066299638,0.11704591739847435,0.08495249741144907,0.15830484905057432,0.7991733333333333,0.00686154233299117,0.8790449945275313,0.005688231598186592,1430.81,494.25,831.44,0.19579999999999997,0.8042
acs_income,random_forest,sex,equalized_odds_violation,0.16,0.95,100,0.11827429469693675,0.024670334066299638,0.11704591739847435,0.08495249741144907,0.15830484905057432,0.7991733333333333,0.00686154233299117,0.8790449945275313,0.005688231598186592,1430.81,494.25,831.44,0.09500000000000008,0.9049999999999999
acs_income,random_forest,sex,equalized_odds_violation,0.17,0.99,100,0.11827429469693675,0.024670334066299638,0.11704591739847435,0.08495249741144907,0.15830484905057432,0.7991733333333333,0.00686154233299117,0.8790449945275313,0.005688231598186592,1430.81,494.25,831.44,0.01980000000000002,0.9802
acs_income,random_forest,sex,equalized_odds_violation,0.18,1.0,100,0.11827429469693675,0.024670334066299638,0.11704591739847435,0.08495249741144907,0.15830484905057432,0.7991733333333333,0.00686154233299117,0.8790449945275313,0.005688231598186592,1430.81,494.25,831.44,0.0,1.0
acs_income,random_forest,sex,equalized_odds_violation,0.19,1.0,100,0.11827429469693675,0.024670334066299638,0.11704591739847435,0.08495249741144907,0.15830484905057432,0.7991733333333333,0.00686154233299117,0.8790449945275313,0.005688231598186592,1430.81,494.25,831.44,0.0,1.0
acs_income,random_forest,sex,equalized_odds_violation,0.2,1.0,100,0.11827429469693675,0.024670334066299638,0.11704591739847435,0.08495249741144907,0.15830484905057432,0.7991733333333333,0.00686154233299117,0.8790449945275313,0.005688231598186592,1430.81,494.25,831.44,0.0,1.0
acs_income,random_forest,sex,equalized_odds_violation,0.21,1.0,100,0.11827429469693675,0.024670334066299638,0.11704591739847435,0.08495249741144907,0.15830484905057432,0.7991733333333333,0.00686154233299117,0.8790449945275313,0.005688231598186592,1430.81,494.25,831.44,0.0,1.0
acs_income,random_forest,sex,equalized_odds_violation,0.22,1.0,100,0.11827429469693675,0.024670334066299638,0.11704591739847435,0.08495249741144907,0.15830484905057432,0.7991733333333333,0.00686154233299117,0.8790449945275313,0.005688231598186592,1430.81,494.25,831.44,0.0,1.0
acs_income,random_forest,sex,equalized_odds_violation,0.23,1.0,100,0.11827429469693675,0.024670334066299638,0.11704591739847435,0.08495249741144907,0.15830484905057432,0.7991733333333333,0.00686154233299117,0.8790449945275313,0.005688231598186592,1430.81,494.25,831.44,0.0,1.0
acs_income,random_forest,sex,equalized_odds_violation,0.24,1.0,100,0.11827429469693675,0.024670334066299638,0.11704591739847435,0.08495249741144907,0.15830484905057432,0.7991733333333333,0.00686154233299117,0.8790449945275313,0.005688231598186592,1430.81,494.25,831.44,0.0,1.0
acs_income,random_forest,sex,equalized_odds_violation,0.25,1.0,100,0.11827429469693675,0.024670334066299638,0.11704591739847435,0.08495249741144907,0.15830484905057432,0.7991733333333333,0.00686154233299117,0.8790449945275313,0.005688231598186592,1430.81,494.25,831.44,0.0,1.0
acs_income,random_forest,sex,equalized_odds_violation,0.26,1.0,100,0.11827429469693675,0.024670334066299638,0.11704591739847435,0.08495249741144907,0.15830484905057432,0.7991733333333333,0.00686154233299117,0.8790449945275313,0.005688231598186592,1430.81,494.25,831.44,0.0,1.0
acs_income,random_forest,sex,equalized_odds_violation,0.27,1.0,100,0.11827429469693675,0.024670334066299638,0.11704591739847435,0.08495249741144907,0.15830484905057432,0.7991733333333333,0.00686154233299117,0.8790449945275313,0.005688231598186592,1430.81,494.25,831.44,0.0,1.0
acs_income,random_forest,sex,equalized_odds_violation,0.28,1.0,100,0.11827429469693675,0.024670334066299638,0.11704591739847435,0.08495249741144907,0.15830484905057432,0.7991733333333333,0.00686154233299117,0.8790449945275313,0.005688231598186592,1430.81,494.25,831.44,0.0,1.0
acs_income,random_forest,sex,equalized_odds_violation,0.29,1.0,100,0.11827429469693675,0.024670334066299638,0.11704591739847435,0.08495249741144907,0.15830484905057432,0.7991733333333333,0.00686154233299117,0.8790449945275313,0.005688231598186592,1430.81,494.25,831.44,0.0,1.0
acs_income,random_forest,sex,equalized_odds_violation,0.3,1.0,100,0.11827429469693675,0.024670334066299638,0.11704591739847435,0.08495249741144907,0.15830484905057432,0.7991733333333333,0.00686154233299117,0.8790449945275313,0.005688231598186592,1430.81,494.25,831.44,0.0,1.0
adult,hist_gradient_boosting,race,dpd_violation,0.0,0.0,100,0.09429640191708163,0.009686457946100709,0.0948486687443014,0.08030054195181967,0.10980773821011737,0.8730489968609254,0.0034579154054290985,0.9282129589318511,0.003141167026040745,1062.38,162.01,900.37,0.0,1.0
adult,hist_gradient_boosting,race,dpd_violation,0.01,0.0,100,0.09429640191708163,0.009686457946100709,0.0948486687443014,0.08030054195181967,0.10980773821011737,0.8730489968609254,0.0034579154054290985,0.9282129589318511,0.003141167026040745,1062.38,162.01,900.37,0.0,1.0
adult,hist_gradient_boosting,race,dpd_violation,0.02,0.0,100,0.09429640191708163,0.009686457946100709,0.0948486687443014,0.08030054195181967,0.10980773821011737,0.8730489968609254,0.0034579154054290985,0.9282129589318511,0.003141167026040745,1062.38,162.01,900.37,0.0,1.0
adult,hist_gradient_boosting,race,dpd_violation,0.03,0.0,100,0.09429640191708163,0.009686457946100709,0.0948486687443014,0.08030054195181967,0.10980773821011737,0.8730489968609254,0.0034579154054290985,0.9282129589318511,0.003141167026040745,1062.38,162.01,900.37,0.0,1.0
adult,hist_gradient_boosting,race,dpd_violation,0.04,0.0,100,0.09429640191708163,0.009686457946100709,0.0948486687443014,0.08030054195181967,0.10980773821011737,0.8730489968609254,0.0034579154054290985,0.9282129589318511,0.003141167026040745,1062.38,162.01,900.37,0.0,1.0
adult,hist_gradient_boosting,race,dpd_violation,0.05,0.0,100,0.09429640191708163,0.009686457946100709,0.0948486687443014,0.08030054195181967,0.10980773821011737,0.8730489968609254,0.0034579154054290985,0.9282129589318511,0.003141167026040745,1062.38,162.01,900.37,0.0,1.0
adult,hist_gradient_boosting,race,dpd_violation,0.06,0.0,100,0.09429640191708163,0.009686457946100709,0.0948486687443014,0.08030054195181967,0.10980773821011737,0.8730489968609254,0.0034579154054290985,0.9282129589318511,0.003141167026040745,1062.38,162.01,900.37,0.0,1.0
adult,hist_gradient_boosting,race,dpd_violation,0.07,0.01,100,0.09429640191708163,0.009686457946100709,0.0948486687443014,0.08030054195181967,0.10980773821011737,0.8730489968609254,0.0034579154054290985,0.9282129589318511,0.003141167026040745,1062.38,162.01,900.37,0.0198,0.9802
adult,hist_gradient_boosting,race,dpd_violation,0.08,0.05,100,0.09429640191708163,0.009686457946100709,0.0948486687443014,0.08030054195181967,0.10980773821011737,0.8730489968609254,0.0034579154054290985,0.9282129589318511,0.003141167026040745,1062.38,162.01,900.37,0.095,0.905
adult,hist_gradient_boosting,race,dpd_violation,0.09,0.37,100,0.09429640191708163,0.009686457946100709,0.0948486687443014,0.08030054195181967,0.10980773821011737,0.8730489968609254,0.0034579154054290985,0.9282129589318511,0.003141167026040745,1062.38,162.01,900.37,0.4662,0.5338
adult,hist_gradient_boosting,race,dpd_violation,0.1,0.77,100,0.09429640191708163,0.009686457946100709,0.0948486687443014,0.08030054195181967,0.10980773821011737,0.8730489968609254,0.0034579154054290985,0.9282129589318511,0.003141167026040745,1062.38,162.01,900.37,0.35419999999999996,0.6458
adult,hist_gradient_boosting,race,dpd_violation,0.11,0.95,100,0.09429640191708163,0.009686457946100709,0.0948486687443014,0.08030054195181967,0.10980773821011737,0.8730489968609254,0.0034579154054290985,0.9282129589318511,0.003141167026040745,1062.38,162.01,900.37,0.09500000000000008,0.9049999999999999
adult,hist_gradient_boosting,race,dpd_violation,0.12,1.0,100,0.09429640191708163,0.009686457946100709,0.0948486687443014,0.08030054195181967,0.10980773821011737,0.8730489968609254,0.0034579154054290985,0.9282129589318511,0.003141167026040745,1062.38,162.01,900.37,0.0,1.0
adult,hist_gradient_boosting,race,dpd_violation,0.13,1.0,100,0.09429640191708163,0.009686457946100709,0.0948486687443014,0.08030054195181967,0.10980773821011737,0.8730489968609254,0.0034579154054290985,0.9282129589318511,0.003141167026040745,1062.38,162.01,900.37,0.0,1.0
adult,hist_gradient_boosting,race,dpd_violation,0.14,1.0,100,0.09429640191708163,0.009686457946100709,0.0948486687443014,0.08030054195181967,0.10980773821011737,0.8730489968609254,0.0034579154054290985,0.9282129589318511,0.003141167026040745,1062.38,162.01,900.37,0.0,1.0
adult,hist_gradient_boosting,race,dpd_violation,0.15,1.0,100,0.09429640191708163,0.009686457946100709,0.0948486687443014,0.08030054195181967,0.10980773821011737,0.8730489968609254,0.0034579154054290985,0.9282129589318511,0.003141167026040745,1062.38,162.01,900.37,0.0,1.0
adult,hist_gradient_boosting,race,dpd_violation,0.16,1.0,100,0.09429640191708163,0.009686457946100709,0.0948486687443014,0.08030054195181967,0.10980773821011737,0.8730489968609254,0.0034579154054290985,0.9282129589318511,0.003141167026040745,1062.38,162.01,900.37,0.0,1.0
adult,hist_gradient_boosting,race,dpd_violation,0.17,1.0,100,0.09429640191708163,0.009686457946100709,0.0948486687443014,0.08030054195181967,0.10980773821011737,0.8730489968609254,0.0034579154054290985,0.9282129589318511,0.003141167026040745,1062.38,162.01,900.37,0.0,1.0
adult,hist_gradient_boosting,race,dpd_violation,0.18,1.0,100,0.09429640191708163,0.009686457946100709,0.0948486687443014,0.08030054195181967,0.10980773821011737,0.8730489968609254,0.0034579154054290985,0.9282129589318511,0.003141167026040745,1062.38,162.01,900.37,0.0,1.0
adult,hist_gradient_boosting,race,dpd_violation,0.19,1.0,100,0.09429640191708163,0.009686457946100709,0.0948486687443014,0.08030054195181967,0.10980773821011737,0.8730489968609254,0.0034579154054290985,0.9282129589318511,0.003141167026040745,1062.38,162.01,900.37,0.0,1.0
adult,hist_gradient_boosting,race,dpd_violation,0.2,1.0,100,0.09429640191708163,0.009686457946100709,0.0948486687443014,0.08030054195181967,0.10980773821011737,0.8730489968609254,0.0034579154054290985,0.9282129589318511,0.003141167026040745,1062.38,162.01,900.37,0.0,1.0
adult,hist_gradient_boosting,race,dpd_violation,0.21,1.0,100,0.09429640191708163,0.009686457946100709,0.0948486687443014,0.08030054195181967,0.10980773821011737,0.8730489968609254,0.0034579154054290985,0.9282129589318511,0.003141167026040745,1062.38,162.01,900.37,0.0,1.0
adult,hist_gradient_boosting,race,dpd_violation,0.22,1.0,100,0.09429640191708163,0.009686457946100709,0.0948486687443014,0.08030054195181967,0.10980773821011737,0.8730489968609254,0.0034579154054290985,0.9282129589318511,0.003141167026040745,1062.38,162.01,900.37,0.0,1.0
adult,hist_gradient_boosting,race,dpd_violation,0.23,1.0,100,0.09429640191708163,0.009686457946100709,0.0948486687443014,0.08030054195181967,0.10980773821011737,0.8730489968609254,0.0034579154054290985,0.9282129589318511,0.003141167026040745,1062.38,162.01,900.37,0.0,1.0
adult,hist_gradient_boosting,race,dpd_violation,0.24,1.0,100,0.09429640191708163,0.009686457946100709,0.0948486687443014,0.08030054195181967,0.10980773821011737,0.8730489968609254,0.0034579154054290985,0.9282129589318511,0.003141167026040745,1062.38,162.01,900.37,0.0,1.0
adult,hist_gradient_boosting,race,dpd_violation,0.25,1.0,100,0.09429640191708163,0.009686457946100709,0.0948486687443014,0.08030054195181967,0.10980773821011737,0.8730489968609254,0.0034579154054290985,0.9282129589318511,0.003141167026040745,1062.38,162.01,900.37,0.0,1.0
adult,hist_gradient_boosting,race,dpd_violation,0.26,1.0,100,0.09429640191708163,0.009686457946100709,0.0948486687443014,0.08030054195181967,0.10980773821011737,0.8730489968609254,0.0034579154054290985,0.9282129589318511,0.003141167026040745,1062.38,162.01,900.37,0.0,1.0
adult,hist_gradient_boosting,race,dpd_violation,0.27,1.0,100,0.09429640191708163,0.009686457946100709,0.0948486687443014,0.08030054195181967,0.10980773821011737,0.8730489968609254,0.0034579154054290985,0.9282129589318511,0.003141167026040745,1062.38,162.01,900.37,0.0,1.0
adult,hist_gradient_boosting,race,dpd_violation,0.28,1.0,100,0.09429640191708163,0.009686457946100709,0.0948486687443014,0.08030054195181967,0.10980773821011737,0.8730489968609254,0.0034579154054290985,0.9282129589318511,0.003141167026040745,1062.38,162.01,900.37,0.0,1.0
adult,hist_gradient_boosting,race,dpd_violation,0.29,1.0,100,0.09429640191708163,0.009686457946100709,0.0948486687443014,0.08030054195181967,0.10980773821011737,0.8730489968609254,0.0034579154054290985,0.9282129589318511,0.003141167026040745,1062.38,162.01,900.37,0.0,1.0
adult,hist_gradient_boosting,race,dpd_violation,0.3,1.0,100,0.09429640191708163,0.009686457946100709,0.0948486687443014,0.08030054195181967,0.10980773821011737,0.8730489968609254,0.0034579154054290985,0.9282129589318511,0.003141167026040745,1062.38,162.01,900.37,0.0,1.0
adult,hist_gradient_boosting,race,dpr_violation,0.0,0.0,100,0.4415160411353912,0.04259004705235465,0.4443979354585138,0.37089724372333055,0.5100900311823837,0.8730489968609254,0.0034579154054290985,0.9282129589318511,0.003141167026040745,1062.38,162.01,900.37,0.0,1.0
adult,hist_gradient_boosting,race,dpr_violation,0.010000000000000009,0.0,100,0.4415160411353912,0.04259004705235465,0.4443979354585138,0.37089724372333055,0.5100900311823837,0.8730489968609254,0.0034579154054290985,0.9282129589318511,0.003141167026040745,1062.38,162.01,900.37,0.0,1.0
adult,hist_gradient_boosting,race,dpr_violation,0.020000000000000018,0.0,100,0.4415160411353912,0.04259004705235465,0.4443979354585138,0.37089724372333055,0.5100900311823837,0.8730489968609254,0.0034579154054290985,0.9282129589318511,0.003141167026040745,1062.38,162.01,900.37,0.0,1.0
adult,hist_gradient_boosting,race,dpr_violation,0.030000000000000027,0.0,100,0.4415160411353912,0.04259004705235465,0.4443979354585138,0.37089724372333055,0.5100900311823837,0.8730489968609254,0.0034579154054290985,0.9282129589318511,0.003141167026040745,1062.38,162.01,900.37,0.0,1.0
adult,hist_gradient_boosting,race,dpr_violation,0.040000000000000036,0.0,100,0.4415160411353912,0.04259004705235465,0.4443979354585138,0.37089724372333055,0.5100900311823837,0.8730489968609254,0.0034579154054290985,0.9282129589318511,0.003141167026040745,1062.38,162.01,900.37,0.0,1.0
adult,hist_gradient_boosting,race,dpr_violation,0.050000000000000044,0.0,100,0.4415160411353912,0.04259004705235465,0.4443979354585138,0.37089724372333055,0.5100900311823837,0.8730489968609254,0.0034579154054290985,0.9282129589318511,0.003141167026040745,1062.38,162.01,900.37,0.0,1.0
adult,hist_gradient_boosting,race,dpr_violation,0.06000000000000005,0.0,100,0.4415160411353912,0.04259004705235465,0.4443979354585138,0.37089724372333055,0.5100900311823837,0.8730489968609254,0.0034579154054290985,0.9282129589318511,0.003141167026040745,1062.38,162.01,900.37,0.0,1.0
adult,hist_gradient_boosting,race,dpr_violation,0.06999999999999995,0.0,100,0.4415160411353912,0.04259004705235465,0.4443979354585138,0.37089724372333055,0.5100900311823837,0.8730489968609254,0.0034579154054290985,0.9282129589318511,0.003141167026040745,1062.38,162.01,900.37,0.0,1.0
adult,hist_gradient_boosting,race,dpr_violation,0.07999999999999996,0.0,100,0.4415160411353912,0.04259004705235465,0.4443979354585138,0.37089724372333055,0.5100900311823837,0.8730489968609254,0.0034579154054290985,0.9282129589318511,0.003141167026040745,1062.38,162.01,900.37,0.0,1.0
adult,hist_gradient_boosting,race,dpr_violation,0.08999999999999997,0.0,100,0.4415160411353912,0.04259004705235465,0.4443979354585138,0.37089724372333055,0.5100900311823837,0.8730489968609254,0.0034579154054290985,0.9282129589318511,0.003141167026040745,1062.38,162.01,900.37,0.0,1.0
adult,hist_gradient_boosting,race,dpr_violation,0.09999999999999998,0.0,100,0.4415160411353912,0.04259004705235465,0.4443979354585138,0.37089724372333055,0.5100900311823837,0.8730489968609254,0.0034579154054290985,0.9282129589318511,0.003141167026040745,1062.38,162.01,900.37,0.0,1.0
adult,hist_gradient_boosting,race,dpr_violation,0.10999999999999999,0.0,100,0.4415160411353912,0.04259004705235465,0.4443979354585138,0.37089724372333055,0.5100900311823837,0.8730489968609254,0.0034579154054290985,0.9282129589318511,0.003141167026040745,1062.38,162.01,900.37,0.0,1.0
adult,hist_gradient_boosting,race,dpr_violation,0.12,0.0,100,0.4415160411353912,0.04259004705235465,0.4443979354585138,0.37089724372333055,0.5100900311823837,0.8730489968609254,0.0034579154054290985,0.9282129589318511,0.003141167026040745,1062.38,162.01,900.37,0.0,1.0
adult,hist_gradient_boosting,race,dpr_violation,0.13,0.0,100,0.4415160411353912,0.04259004705235465,0.4443979354585138,0.37089724372333055,0.5100900311823837,0.8730489968609254,0.0034579154054290985,0.9282129589318511,0.003141167026040745,1062.38,162.01,900.37,0.0,1.0
adult,hist_gradient_boosting,race,dpr_violation,0.14,0.0,100,0.4415160411353912,0.04259004705235465,0.4443979354585138,0.37089724372333055,0.5100900311823837,0.8730489968609254,0.0034579154054290985,0.9282129589318511,0.003141167026040745,1062.38,162.01,900.37,0.0,1.0
adult,hist_gradient_boosting,race,dpr_violation,0.15000000000000002,0.0,100,0.4415160411353912,0.04259004705235465,0.4443979354585138,0.37089724372333055,0.5100900311823837,0.8730489968609254,0.0034579154054290985,0.9282129589318511,0.003141167026040745,1062.38,162.01,900.37,0.0,1.0
adult,hist_gradient_boosting,race,dpr_violation,0.16000000000000003,0.0,100,0.4415160411353912,0.04259004705235465,0.4443979354585138,0.37089724372333055,0.5100900311823837,0.8730489968609254,0.0034579154054290985,0.9282129589318511,0.003141167026040745,1062.38,162.01,900.37,0.0,1.0
adult,hist_gradient_boosting,race,dpr_violation,0.17000000000000004,0.0,100,0.4415160411353912,0.04259004705235465,0.4443979354585138,0.37089724372333055,0.5100900311823837,0.8730489968609254,0.0034579154054290985,0.9282129589318511,0.003141167026040745,1062.38,162.01,900.37,0.0,1.0
adult,hist_gradient_boosting,race,dpr_violation,0.18000000000000005,0.0,100,0.4415160411353912,0.04259004705235465,0.4443979354585138,0.37089724372333055,0.5100900311823837,0.8730489968609254,0.0034579154054290985,0.9282129589318511,0.003141167026040745,1062.38,162.01,900.37,0.0,1.0
adult,hist_gradient_boosting,race,dpr_violation,0.18999999999999995,0.0,100,0.4415160411353912,0.04259004705235465,0.4443979354585138,0.37089724372333055,0.5100900311823837,0.8730489968609254,0.0034579154054290985,0.9282129589318511,0.003141167026040745,1062.38,162.01,900.37,0.0,1.0
adult,hist_gradient_boosting,race,dpr_violation,0.19999999999999996,0.0,100,0.4415160411353912,0.04259004705235465,0.4443979354585138,0.37089724372333055,0.5100900311823837,0.8730489968609254,0.0034579154054290985,0.9282129589318511,0.003141167026040745,1062.38,162.01,900.37,0.0,1.0
adult,hist_gradient_boosting,race,dpr_violation,0.20999999999999996,0.0,100,0.4415160411353912,0.04259004705235465,0.4443979354585138,0.37089724372333055,0.5100900311823837,0.8730489968609254,0.0034579154054290985,0.9282129589318511,0.003141167026040745,1062.38,162.01,900.37,0.0,1.0
adult,hist_gradient_boosting,race,dpr_violation,0.21999999999999997,0.0,100,0.4415160411353912,0.04259004705235465,0.4443979354585138,0.37089724372333055,0.5100900311823837,0.8730489968609254,0.0034579154054290985,0.9282129589318511,0.003141167026040745,1062.38,162.01,900.37,0.0,1.0
adult,hist_gradient_boosting,race,dpr_violation,0.22999999999999998,0.0,100,0.4415160411353912,0.04259004705235465,0.4443979354585138,0.37089724372333055,0.5100900311823837,0.8730489968609254,0.0034579154054290985,0.9282129589318511,0.003141167026040745,1062.38,162.01,900.37,0.0,1.0
adult,hist_gradient_boosting,race,dpr_violation,0.24,0.0,100,0.4415160411353912,0.04259004705235465,0.4443979354585138,0.37089724372333055,0.5100900311823837,0.8730489968609254,0.0034579154054290985,0.9282129589318511,0.003141167026040745,1062.38,162.01,900.37,0.0,1.0
adult,hist_gradient_boosting,race,dpr_violation,0.25,0.0,100,0.4415160411353912,0.04259004705235465,0.4443979354585138,0.37089724372333055,0.5100900311823837,0.8730489968609254,0.0034579154054290985,0.9282129589318511,0.003141167026040745,1062.38,162.01,900.37,0.0,1.0
adult,hist_gradient_boosting,race,dpr_violation,0.26,0.0,100,0.4415160411353912,0.04259004705235465,0.4443979354585138,0.37089724372333055,0.5100900311823837,0.8730489968609254,0.0034579154054290985,0.9282129589318511,0.003141167026040745,1062.38,162.01,900.37,0.0,1.0
adult,hist_gradient_boosting,race,dpr_violation,0.27,0.0,100,0.4415160411353912,0.04259004705235465,0.4443979354585138,0.37089724372333055,0.5100900311823837,0.8730489968609254,0.0034579154054290985,0.9282129589318511,0.003141167026040745,1062.38,162.01,900.37,0.0,1.0
adult,hist_gradient_boosting,race,dpr_violation,0.28,0.0,100,0.4415160411353912,0.04259004705235465,0.4443979354585138,0.37089724372333055,0.5100900311823837,0.8730489968609254,0.0034579154054290985,0.9282129589318511,0.003141167026040745,1062.38,162.01,900.37,0.0,1.0
adult,hist_gradient_boosting,race,dpr_violation,0.29000000000000004,0.0,100,0.4415160411353912,0.04259004705235465,0.4443979354585138,0.37089724372333055,0.5100900311823837,0.8730489968609254,0.0034579154054290985,0.9282129589318511,0.003141167026040745,1062.38,162.01,900.37,0.0,1.0
adult,hist_gradient_boosting,race,dpr_violation,0.30000000000000004,0.01,100,0.4415160411353912,0.04259004705235465,0.4443979354585138,0.37089724372333055,0.5100900311823837,0.8730489968609254,0.0034579154054290985,0.9282129589318511,0.003141167026040745,1062.38,162.01,900.37,0.0198,0.9802
adult,hist_gradient_boosting,race,dpr_violation,0.31000000000000005,0.01,100,0.4415160411353912,0.04259004705235465,0.4443979354585138,0.37089724372333055,0.5100900311823837,0.8730489968609254,0.0034579154054290985,0.9282129589318511,0.003141167026040745,1062.38,162.01,900.37,0.0198,0.9802
adult,hist_gradient_boosting,race,dpr_violation,0.31999999999999995,0.01,100,0.4415160411353912,0.04259004705235465,0.4443979354585138,0.37089724372333055,0.5100900311823837,0.8730489968609254,0.0034579154054290985,0.9282129589318511,0.003141167026040745,1062.38,162.01,900.37,0.0198,0.9802
adult,hist_gradient_boosting,race,dpr_violation,0.32999999999999996,0.01,100,0.4415160411353912,0.04259004705235465,0.4443979354585138,0.37089724372333055,0.5100900311823837,0.8730489968609254,0.0034579154054290985,0.9282129589318511,0.003141167026040745,1062.38,162.01,900.37,0.0198,0.9802
adult,hist_gradient_boosting,race,dpr_violation,0.33999999999999997,0.01,100,0.4415160411353912,0.04259004705235465,0.4443979354585138,0.37089724372333055,0.5100900311823837,0.8730489968609254,0.0034579154054290985,0.9282129589318511,0.003141167026040745,1062.38,162.01,900.37,0.0198,0.9802
adult,hist_gradient_boosting,race,dpr_violation,0.35,0.02,100,0.4415160411353912,0.04259004705235465,0.4443979354585138,0.37089724372333055,0.5100900311823837,0.8730489968609254,0.0034579154054290985,0.9282129589318511,0.003141167026040745,1062.38,162.01,900.37,0.0392,0.9608
adult,hist_gradient_boosting,race,dpr_violation,0.36,0.03,100,0.4415160411353912,0.04259004705235465,0.4443979354585138,0.37089724372333055,0.5100900311823837,0.8730489968609254,0.0034579154054290985,0.9282129589318511,0.003141167026040745,1062.38,162.01,900.37,0.058199999999999995,0.9418
adult,hist_gradient_boosting,race,dpr_violation,0.37,0.05,100,0.4415160411353912,0.04259004705235465,0.4443979354585138,0.37089724372333055,0.5100900311823837,0.8730489968609254,0.0034579154054290985,0.9282129589318511,0.003141167026040745,1062.38,162.01,900.37,0.095,0.905
adult,hist_gradient_boosting,race,dpr_violation,0.38,0.07,100,0.4415160411353912,0.04259004705235465,0.4443979354585138,0.37089724372333055,0.5100900311823837,0.8730489968609254,0.0034579154054290985,0.9282129589318511,0.003141167026040745,1062.38,162.01,900.37,0.1302,0.8698
adult,hist_gradient_boosting,race,dpr_violation,0.39,0.1,100,0.4415160411353912,0.04259004705235465,0.4443979354585138,0.37089724372333055,0.5100900311823837,0.8730489968609254,0.0034579154054290985,0.9282129589318511,0.003141167026040745,1062.38,162.01,900.37,0.18000000000000002,0.82
adult,hist_gradient_boosting,race,dpr_violation,0.4,0.15,100,0.4415160411353912,0.04259004705235465,0.4443979354585138,0.37089724372333055,0.5100900311823837,0.8730489968609254,0.0034579154054290985,0.9282129589318511,0.003141167026040745,1062.38,162.01,900.37,0.255,0.745
adult,hist_gradient_boosting,race,eod_violation,0.0,0.0,100,0.06712149975831863,0.03384101068339994,0.0624770835477139,0.013496230423158504,0.12953123246304157,0.8730489968609254,0.0034579154054290985,0.9282129589318511,0.003141167026040745,1062.38,162.01,900.37,0.0,1.0
adult,hist_gradient_boosting,race,eod_violation,0.01,0.04,100,0.06712149975831863,0.03384101068339994,0.0624770835477139,0.013496230423158504,0.12953123246304157,0.8730489968609254,0.0034579154054290985,0.9282129589318511,0.003141167026040745,1062.38,162.01,900.37,0.0768,0.9232
adult,hist_gradient_boosting,race,eod_violation,0.02,0.08,100,0.06712149975831863,0.03384101068339994,0.0624770835477139,0.013496230423158504,0.12953123246304157,0.8730489968609254,0.0034579154054290985,0.9282129589318511,0.003141167026040745,1062.38,162.01,900.37,0.1472,0.8528
adult,hist_gradient_boosting,race,eod_violation,0.03,0.11,100,0.06712149975831863,0.03384101068339994,0.0624770835477139,0.013496230423158504,0.12953123246304157,0.8730489968609254,0.0034579154054290985,0.9282129589318511,0.003141167026040745,1062.38,162.01,900.37,0.1958,0.8042
adult,hist_gradient_boosting,race,eod_violation,0.04,0.2,100,0.06712149975831863,0.03384101068339994,0.0624770835477139,0.013496230423158504,0.12953123246304157,0.8730489968609254,0.0034579154054290985,0.9282129589318511,0.003141167026040745,1062.38,162.01,900.37,0.32000000000000006,0.6799999999999999
adult,hist_gradient_boosting,race,eod_violation,0.05,0.33,100,0.06712149975831863,0.03384101068339994,0.0624770835477139,0.013496230423158504,0.12953123246304157,0.8730489968609254,0.0034579154054290985,0.9282129589318511,0.003141167026040745,1062.38,162.01,900.37,0.4422,0.5578000000000001
adult,hist_gradient_boosting,race,eod_violation,0.06,0.47,100,0.06712149975831863,0.03384101068339994,0.0624770835477139,0.013496230423158504,0.12953123246304157,0.8730489968609254,0.0034579154054290985,0.9282129589318511,0.003141167026040745,1062.38,162.01,900.37,0.4982,0.5018
adult,hist_gradient_boosting,race,eod_violation,0.07,0.62,100,0.06712149975831863,0.03384101068339994,0.0624770835477139,0.013496230423158504,0.12953123246304157,0.8730489968609254,0.0034579154054290985,0.9282129589318511,0.003141167026040745,1062.38,162.01,900.37,0.4712,0.5287999999999999
adult,hist_gradient_boosting,race,eod_violation,0.08,0.69,100,0.06712149975831863,0.03384101068339994,0.0624770835477139,0.013496230423158504,0.12953123246304157,0.8730489968609254,0.0034579154054290985,0.9282129589318511,0.003141167026040745,1062.38,162.01,900.37,0.4278,0.5722
adult,hist_gradient_boosting,race,eod_violation,0.09,0.76,100,0.06712149975831863,0.03384101068339994,0.0624770835477139,0.013496230423158504,0.12953123246304157,0.8730489968609254,0.0034579154054290985,0.9282129589318511,0.003141167026040745,1062.38,162.01,900.37,0.3648,0.6352
adult,hist_gradient_boosting,race,eod_violation,0.1,0.83,100,0.06712149975831863,0.03384101068339994,0.0624770835477139,0.013496230423158504,0.12953123246304157,0.8730489968609254,0.0034579154054290985,0.9282129589318511,0.003141167026040745,1062.38,162.01,900.37,0.28220000000000006,0.7178
adult,hist_gradient_boosting,race,eod_violation,0.11,0.87,100,0.06712149975831863,0.03384101068339994,0.0624770835477139,0.013496230423158504,0.12953123246304157,0.8730489968609254,0.0034579154054290985,0.9282129589318511,0.003141167026040745,1062.38,162.01,900.37,0.2262,0.7738
adult,hist_gradient_boosting,race,eod_violation,0.12,0.92,100,0.06712149975831863,0.03384101068339994,0.0624770835477139,0.013496230423158504,0.12953123246304157,0.8730489968609254,0.0034579154054290985,0.9282129589318511,0.003141167026040745,1062.38,162.01,900.37,0.14719999999999994,0.8528
adult,hist_gradient_boosting,race,eod_violation,0.13,0.95,100,0.06712149975831863,0.03384101068339994,0.0624770835477139,0.013496230423158504,0.12953123246304157,0.8730489968609254,0.0034579154054290985,0.9282129589318511,0.003141167026040745,1062.38,162.01,900.37,0.09500000000000008,0.9049999999999999
adult,hist_gradient_boosting,race,eod_violation,0.14,0.96,100,0.06712149975831863,0.03384101068339994,0.0624770835477139,0.013496230423158504,0.12953123246304157,0.8730489968609254,0.0034579154054290985,0.9282129589318511,0.003141167026040745,1062.38,162.01,900.37,0.07680000000000006,0.9231999999999999
adult,hist_gradient_boosting,race,eod_violation,0.15,0.99,100,0.06712149975831863,0.03384101068339994,0.0624770835477139,0.013496230423158504,0.12953123246304157,0.8730489968609254,0.0034579154054290985,0.9282129589318511,0.003141167026040745,1062.38,162.01,900.37,0.01980000000000002,0.9802
adult,hist_gradient_boosting,race,eod_violation,0.16,1.0,100,0.06712149975831863,0.03384101068339994,0.0624770835477139,0.013496230423158504,0.12953123246304157,0.8730489968609254,0.0034579154054290985,0.9282129589318511,0.003141167026040745,1062.38,162.01,900.37,0.0,1.0
adult,hist_gradient_boosting,race,eod_violation,0.17,1.0,100,0.06712149975831863,0.03384101068339994,0.0624770835477139,0.013496230423158504,0.12953123246304157,0.8730489968609254,0.0034579154054290985,0.9282129589318511,0.003141167026040745,1062.38,162.01,900.37,0.0,1.0
adult,hist_gradient_boosting,race,eod_violation,0.18,1.0,100,0.06712149975831863,0.03384101068339994,0.0624770835477139,0.013496230423158504,0.12953123246304157,0.8730489968609254,0.0034579154054290985,0.9282129589318511,0.003141167026040745,1062.38,162.01,900.37,0.0,1.0
adult,hist_gradient_boosting,race,eod_violation,0.19,1.0,100,0.06712149975831863,0.03384101068339994,0.0624770835477139,0.013496230423158504,0.12953123246304157,0.8730489968609254,0.0034579154054290985,0.9282129589318511,0.003141167026040745,1062.38,162.01,900.37,0.0,1.0
adult,hist_gradient_boosting,race,eod_violation,0.2,1.0,100,0.06712149975831863,0.03384101068339994,0.0624770835477139,0.013496230423158504,0.12953123246304157,0.8730489968609254,0.0034579154054290985,0.9282129589318511,0.003141167026040745,1062.38,162.01,900.37,0.0,1.0
adult,hist_gradient_boosting,race,eod_violation,0.21,1.0,100,0.06712149975831863,0.03384101068339994,0.0624770835477139,0.013496230423158504,0.12953123246304157,0.8730489968609254,0.0034579154054290985,0.9282129589318511,0.003141167026040745,1062.38,162.01,900.37,0.0,1.0
adult,hist_gradient_boosting,race,eod_violation,0.22,1.0,100,0.06712149975831863,0.03384101068339994,0.0624770835477139,0.013496230423158504,0.12953123246304157,0.8730489968609254,0.0034579154054290985,0.9282129589318511,0.003141167026040745,1062.38,162.01,900.37,0.0,1.0
adult,hist_gradient_boosting,race,eod_violation,0.23,1.0,100,0.06712149975831863,0.03384101068339994,0.0624770835477139,0.013496230423158504,0.12953123246304157,0.8730489968609254,0.0034579154054290985,0.9282129589318511,0.003141167026040745,1062.38,162.01,900.37,0.0,1.0
adult,hist_gradient_boosting,race,eod_violation,0.24,1.0,100,0.06712149975831863,0.03384101068339994,0.0624770835477139,0.013496230423158504,0.12953123246304157,0.8730489968609254,0.0034579154054290985,0.9282129589318511,0.003141167026040745,1062.38,162.01,900.37,0.0,1.0
adult,hist_gradient_boosting,race,eod_violation,0.25,1.0,100,0.06712149975831863,0.03384101068339994,0.0624770835477139,0.013496230423158504,0.12953123246304157,0.8730489968609254,0.0034579154054290985,0.9282129589318511,0.003141167026040745,1062.38,162.01,900.37,0.0,1.0
adult,hist_gradient_boosting,race,eod_violation,0.26,1.0,100,0.06712149975831863,0.03384101068339994,0.0624770835477139,0.013496230423158504,0.12953123246304157,0.8730489968609254,0.0034579154054290985,0.9282129589318511,0.003141167026040745,1062.38,162.01,900.37,0.0,1.0
adult,hist_gradient_boosting,race,eod_violation,0.27,1.0,100,0.06712149975831863,0.03384101068339994,0.0624770835477139,0.013496230423158504,0.12953123246304157,0.8730489968609254,0.0034579154054290985,0.9282129589318511,0.003141167026040745,1062.38,162.01,900.37,0.0,1.0
adult,hist_gradient_boosting,race,eod_violation,0.28,1.0,100,0.06712149975831863,0.03384101068339994,0.0624770835477139,0.013496230423158504,0.12953123246304157,0.8730489968609254,0.0034579154054290985,0.9282129589318511,0.003141167026040745,1062.38,162.01,900.37,0.0,1.0
adult,hist_gradient_boosting,race,eod_violation,0.29,1.0,100,0.06712149975831863,0.03384101068339994,0.0624770835477139,0.013496230423158504,0.12953123246304157,0.8730489968609254,0.0034579154054290985,0.9282129589318511,0.003141167026040745,1062.38,162.01,900.37,0.0,1.0
adult,hist_gradient_boosting,race,eod_violation,0.3,1.0,100,0.06712149975831863,0.03384101068339994,0.0624770835477139,0.013496230423158504,0.12953123246304157,0.8730489968609254,0.0034579154054290985,0.9282129589318511,0.003141167026040745,1062.38,162.01,900.37,0.0,1.0
adult,hist_gradient_boosting,race,equalized_odds_violation,0.0,0.0,100,0.06857912064991094,0.03161712510619991,0.0624770835477139,0.0277487090359914,0.12953123246304157,0.8730489968609254,0.0034579154054290985,0.9282129589318511,0.003141167026040745,1062.38,162.01,900.37,0.0,1.0
adult,hist_gradient_boosting,race,equalized_odds_violation,0.01,0.0,100,0.06857912064991094,0.03161712510619991,0.0624770835477139,0.0277487090359914,0.12953123246304157,0.8730489968609254,0.0034579154054290985,0.9282129589318511,0.003141167026040745,1062.38,162.01,900.37,0.0,1.0
adult,hist_gradient_boosting,race,equalized_odds_violation,0.02,0.0,100,0.06857912064991094,0.03161712510619991,0.0624770835477139,0.0277487090359914,0.12953123246304157,0.8730489968609254,0.0034579154054290985,0.9282129589318511,0.003141167026040745,1062.38,162.01,900.37,0.0,1.0
adult,hist_gradient_boosting,race,equalized_odds_violation,0.03,0.08,100,0.06857912064991094,0.03161712510619991,0.0624770835477139,0.0277487090359914,0.12953123246304157,0.8730489968609254,0.0034579154054290985,0.9282129589318511,0.003141167026040745,1062.38,162.01,900.37,0.1472,0.8528
adult,hist_gradient_boosting,race,equalized_odds_violation,0.04,0.2,100,0.06857912064991094,0.03161712510619991,0.0624770835477139,0.0277487090359914,0.12953123246304157,0.8730489968609254,0.0034579154054290985,0.9282129589318511,0.003141167026040745,1062.38,162.01,900.37,0.32000000000000006,0.6799999999999999
adult,hist_gradient_boosting,race,equalized_odds_violation,0.05,0.33,100,0.06857912064991094,0.03161712510619991,0.0624770835477139,0.0277487090359914,0.12953123246304157,0.8730489968609254,0.0034579154054290985,0.9282129589318511,0.003141167026040745,1062.38,162.01,900.37,0.4422,0.5578000000000001
adult,hist_gradient_boosting,race,equalized_odds_violation,0.06,0.47,100,0.06857912064991094,0.03161712510619991,0.0624770835477139,0.0277487090359914,0.12953123246304157,0.8730489968609254,0.0034579154054290985,0.9282129589318511,0.003141167026040745,1062.38,162.01,900.37,0.4982,0.5018
adult,hist_gradient_boosting,race,equalized_odds_violation,0.07,0.62,100,0.06857912064991094,0.03161712510619991,0.0624770835477139,0.0277487090359914,0.12953123246304157,0.8730489968609254,0.0034579154054290985,0.9282129589318511,0.003141167026040745,1062.38,162.01,900.37,0.4712,0.5287999999999999
adult,hist_gradient_boosting,race,equalized_odds_violation,0.08,0.69,100,0.06857912064991094,0.03161712510619991,0.0624770835477139,0.0277487090359914,0.12953123246304157,0.8730489968609254,0.0034579154054290985,0.9282129589318511,0.003141167026040745,1062.38,162.01,900.37,0.4278,0.5722
adult,hist_gradient_boosting,race,equalized_odds_violation,0.09,0.76,100,0.06857912064991094,0.03161712510619991,0.0624770835477139,0.0277487090359914,0.12953123246304157,0.8730489968609254,0.0034579154054290985,0.9282129589318511,0.003141167026040745,1062.38,162.01,900.37,0.3648,0.6352
adult,hist_gradient_boosting,race,equalized_odds_violation,0.1,0.83,100,0.06857912064991094,0.03161712510619991,0.0624770835477139,0.0277487090359914,0.12953123246304157,0.8730489968609254,0.0034579154054290985,0.9282129589318511,0.003141167026040745,1062.38,162.01,900.37,0.28220000000000006,0.7178
adult,hist_gradient_boosting,race,equalized_odds_violation,0.11,0.87,100,0.06857912064991094,0.03161712510619991,0.0624770835477139,0.0277487090359914,0.12953123246304157,0.8730489968609254,0.0034579154054290985,0.9282129589318511,0.003141167026040745,1062.38,162.01,900.37,0.2262,0.7738
adult,hist_gradient_boosting,race,equalized_odds_violation,0.12,0.92,100,0.06857912064991094,0.03161712510619991,0.0624770835477139,0.0277487090359914,0.12953123246304157,0.8730489968609254,0.0034579154054290985,0.9282129589318511,0.003141167026040745,1062.38,162.01,900.37,0.14719999999999994,0.8528
adult,hist_gradient_boosting,race,equalized_odds_violation,0.13,0.95,100,0.06857912064991094,0.03161712510619991,0.0624770835477139,0.0277487090359914,0.12953123246304157,0.8730489968609254,0.0034579154054290985,0.9282129589318511,0.003141167026040745,1062.38,162.01,900.37,0.09500000000000008,0.9049999999999999
adult,hist_gradient_boosting,race,equalized_odds_violation,0.14,0.96,100,0.06857912064991094,0.03161712510619991,0.0624770835477139,0.0277487090359914,0.12953123246304157,0.8730489968609254,0.0034579154054290985,0.9282129589318511,0.003141167026040745,1062.38,162.01,900.37,0.07680000000000006,0.9231999999999999
adult,hist_gradient_boosting,race,equalized_odds_violation,0.15,0.99,100,0.06857912064991094,0.03161712510619991,0.0624770835477139,0.0277487090359914,0.12953123246304157,0.8730489968609254,0.0034579154054290985,0.9282129589318511,0.003141167026040745,1062.38,162.01,900.37,0.01980000000000002,0.9802
adult,hist_gradient_boosting,race,equalized_odds_violation,0.16,1.0,100,0.06857912064991094,0.03161712510619991,0.0624770835477139,0.0277487090359914,0.12953123246304157,0.8730489968609254,0.0034579154054290985,0.9282129589318511,0.003141167026040745,1062.38,162.01,900.37,0.0,1.0
adult,hist_gradient_boosting,race,equalized_odds_violation,0.17,1.0,100,0.06857912064991094,0.03161712510619991,0.0624770835477139,0.0277487090359914,0.12953123246304157,0.8730489968609254,0.0034579154054290985,0.9282129589318511,0.003141167026040745,1062.38,162.01,900.37,0.0,1.0
adult,hist_gradient_boosting,race,equalized_odds_violation,0.18,1.0,100,0.06857912064991094,0.03161712510619991,0.0624770835477139,0.0277487090359914,0.12953123246304157,0.8730489968609254,0.0034579154054290985,0.9282129589318511,0.003141167026040745,1062.38,162.01,900.37,0.0,1.0
adult,hist_gradient_boosting,race,equalized_odds_violation,0.19,1.0,100,0.06857912064991094,0.03161712510619991,0.0624770835477139,0.0277487090359914,0.12953123246304157,0.8730489968609254,0.0034579154054290985,0.9282129589318511,0.003141167026040745,1062.38,162.01,900.37,0.0,1.0
adult,hist_gradient_boosting,race,equalized_odds_violation,0.2,1.0,100,0.06857912064991094,0.03161712510619991,0.0624770835477139,0.0277487090359914,0.12953123246304157,0.8730489968609254,0.0034579154054290985,0.9282129589318511,0.003141167026040745,1062.38,162.01,900.37,0.0,1.0
adult,hist_gradient_boosting,race,equalized_odds_violation,0.21,1.0,100,0.06857912064991094,0.03161712510619991,0.0624770835477139,0.0277487090359914,0.12953123246304157,0.8730489968609254,0.0034579154054290985,0.9282129589318511,0.003141167026040745,1062.38,162.01,900.37,0.0,1.0
adult,hist_gradient_boosting,race,equalized_odds_violation,0.22,1.0,100,0.06857912064991094,0.03161712510619991,0.0624770835477139,0.0277487090359914,0.12953123246304157,0.8730489968609254,0.0034579154054290985,0.9282129589318511,0.003141167026040745,1062.38,162.01,900.37,0.0,1.0
adult,hist_gradient_boosting,race,equalized_odds_violation,0.23,1.0,100,0.06857912064991094,0.03161712510619991,0.0624770835477139,0.0277487090359914,0.12953123246304157,0.8730489968609254,0.0034579154054290985,0.9282129589318511,0.003141167026040745,1062.38,162.01,900.37,0.0,1.0
adult,hist_gradient_boosting,race,equalized_odds_violation,0.24,1.0,100,0.06857912064991094,0.03161712510619991,0.0624770835477139,0.0277487090359914,0.12953123246304157,0.8730489968609254,0.0034579154054290985,0.9282129589318511,0.003141167026040745,1062.38,162.01,900.37,0.0,1.0
adult,hist_gradient_boosting,race,equalized_odds_violation,0.25,1.0,100,0.06857912064991094,0.03161712510619991,0.0624770835477139,0.0277487090359914,0.12953123246304157,0.8730489968609254,0.0034579154054290985,0.9282129589318511,0.003141167026040745,1062.38,162.01,900.37,0.0,1.0
adult,hist_gradient_boosting,race,equalized_odds_violation,0.26,1.0,100,0.06857912064991094,0.03161712510619991,0.0624770835477139,0.0277487090359914,0.12953123246304157,0.8730489968609254,0.0034579154054290985,0.9282129589318511,0.003141167026040745,1062.38,162.01,900.37,0.0,1.0
adult,hist_gradient_boosting,race,equalized_odds_violation,0.27,1.0,100,0.06857912064991094,0.03161712510619991,0.0624770835477139,0.0277487090359914,0.12953123246304157,0.8730489968609254,0.0034579154054290985,0.9282129589318511,0.003141167026040745,1062.38,162.01,900.37,0.0,1.0
adult,hist_gradient_boosting,race,equalized_odds_violation,0.28,1.0,100,0.06857912064991094,0.03161712510619991,0.0624770835477139,0.0277487090359914,0.12953123246304157,0.8730489968609254,0.0034579154054290985,0.9282129589318511,0.003141167026040745,1062.38,162.01,900.37,0.0,1.0
adult,hist_gradient_boosting,race,equalized_odds_violation,0.29,1.0,100,0.06857912064991094,0.03161712510619991,0.0624770835477139,0.0277487090359914,0.12953123246304157,0.8730489968609254,0.0034579154054290985,0.9282129589318511,0.003141167026040745,1062.38,162.01,900.37,0.0,1.0
adult,hist_gradient_boosting,race,equalized_odds_violation,0.3,1.0,100,0.06857912064991094,0.03161712510619991,0.0624770835477139,0.0277487090359914,0.12953123246304157,0.8730489968609254,0.0034579154054290985,0.9282129589318511,0.003141167026040745,1062.38,162.01,900.37,0.0,1.0
adult,hist_gradient_boosting,sex,dpd_violation,0.0,0.0,100,0.17954924963258578,0.008847249991734262,0.18029359417179391,0.16542622475336619,0.19323247134341648,0.8730489968609254,0.0034579154054290985,0.9282129589318511,0.003141167026040745,2429.11,265.05,2164.06,0.0,1.0
adult,hist_gradient_boosting,sex,dpd_violation,0.01,0.0,100,0.17954924963258578,0.008847249991734262,0.18029359417179391,0.16542622475336619,0.19323247134341648,0.8730489968609254,0.0034579154054290985,0.9282129589318511,0.003141167026040745,2429.11,265.05,2164.06,0.0,1.0
adult,hist_gradient_boosting,sex,dpd_violation,0.02,0.0,100,0.17954924963258578,0.008847249991734262,0.18029359417179391,0.16542622475336619,0.19323247134341648,0.8730489968609254,0.0034579154054290985,0.9282129589318511,0.003141167026040745,2429.11,265.05,2164.06,0.0,1.0
adult,hist_gradient_boosting,sex,dpd_violation,0.03,0.0,100,0.17954924963258578,0.008847249991734262,0.18029359417179391,0.16542622475336619,0.19323247134341648,0.8730489968609254,0.0034579154054290985,0.9282129589318511,0.003141167026040745,2429.11,265.05,2164.06,0.0,1.0
adult,hist_gradient_boosting,sex,dpd_violation,0.04,0.0,100,0.17954924963258578,0.008847249991734262,0.18029359417179391,0.16542622475336619,0.19323247134341648,0.8730489968609254,0.0034579154054290985,0.9282129589318511,0.003141167026040745,2429.11,265.05,2164.06,0.0,1.0
adult,hist_gradient_boosting,sex,dpd_violation,0.05,0.0,100,0.17954924963258578,0.008847249991734262,0.18029359417179391,0.16542622475336619,0.19323247134341648,0.8730489968609254,0.0034579154054290985,0.9282129589318511,0.003141167026040745,2429.11,265.05,2164.06,0.0,1.0
adult,hist_gradient_boosting,sex,dpd_violation,0.06,0.0,100,0.17954924963258578,0.008847249991734262,0.18029359417179391,0.16542622475336619,0.19323247134341648,0.8730489968609254,0.0034579154054290985,0.9282129589318511,0.003141167026040745,2429.11,265.05,2164.06,0.0,1.0
adult,hist_gradient_boosting,sex,dpd_violation,0.07,0.0,100,0.17954924963258578,0.008847249991734262,0.18029359417179391,0.16542622475336619,0.19323247134341648,0.8730489968609254,0.0034579154054290985,0.9282129589318511,0.003141167026040745,2429.11,265.05,2164.06,0.0,1.0
adult,hist_gradient_boosting,sex,dpd_violation,0.08,0.0,100,0.17954924963258578,0.008847249991734262,0.18029359417179391,0.16542622475336619,0.19323247134341648,0.8730489968609254,0.0034579154054290985,0.9282129589318511,0.003141167026040745,2429.11,265.05,2164.06,0.0,1.0
adult,hist_gradient_boosting,sex,dpd_violation,0.09,0.0,100,0.17954924963258578,0.008847249991734262,0.18029359417179391,0.16542622475336619,0.19323247134341648,0.8730489968609254,0.0034579154054290985,0.9282129589318511,0.003141167026040745,2429.11,265.05,2164.06,0.0,1.0
adult,hist_gradient_boosting,sex,dpd_violation,0.1,0.0,100,0.17954924963258578,0.008847249991734262,0.18029359417179391,0.16542622475336619,0.19323247134341648,0.8730489968609254,0.0034579154054290985,0.9282129589318511,0.003141167026040745,2429.11,265.05,2164.06,0.0,1.0
adult,hist_gradient_boosting,sex,dpd_violation,0.11,0.0,100,0.17954924963258578,0.008847249991734262,0.18029359417179391,0.16542622475336619,0.19323247134341648,0.8730489968609254,0.0034579154054290985,0.9282129589318511,0.003141167026040745,2429.11,265.05,2164.06,0.0,1.0
adult,hist_gradient_boosting,sex,dpd_violation,0.12,0.0,100,0.17954924963258578,0.008847249991734262,0.18029359417179391,0.16542622475336619,0.19323247134341648,0.8730489968609254,0.0034579154054290985,0.9282129589318511,0.003141167026040745,2429.11,265.05,2164.06,0.0,1.0
adult,hist_gradient_boosting,sex,dpd_violation,0.13,0.0,100,0.17954924963258578,0.008847249991734262,0.18029359417179391,0.16542622475336619,0.19323247134341648,0.8730489968609254,0.0034579154054290985,0.9282129589318511,0.003141167026040745,2429.11,265.05,2164.06,0.0,1.0
adult,hist_gradient_boosting,sex,dpd_violation,0.14,0.0,100,0.17954924963258578,0.008847249991734262,0.18029359417179391,0.16542622475336619,0.19323247134341648,0.8730489968609254,0.0034579154054290985,0.9282129589318511,0.003141167026040745,2429.11,265.05,2164.06,0.0,1.0
adult,hist_gradient_boosting,sex,dpd_violation,0.15,0.0,100,0.17954924963258578,0.008847249991734262,0.18029359417179391,0.16542622475336619,0.19323247134341648,0.8730489968609254,0.0034579154054290985,0.9282129589318511,0.003141167026040745,2429.11,265.05,2164.06,0.0,1.0
adult,hist_gradient_boosting,sex,dpd_violation,0.16,0.02,100,0.17954924963258578,0.008847249991734262,0.18029359417179391,0.16542622475336619,0.19323247134341648,0.8730489968609254,0.0034579154054290985,0.9282129589318511,0.003141167026040745,2429.11,265.05,2164.06,0.0392,0.9608
adult,hist_gradient_boosting,sex,dpd_violation,0.17,0.14,100,0.17954924963258578,0.008847249991734262,0.18029359417179391,0.16542622475336619,0.19323247134341648,0.8730489968609254,0.0034579154054290985,0.9282129589318511,0.003141167026040745,2429.11,265.05,2164.06,0.24080000000000001,0.7592
adult,hist_gradient_boosting,sex,dpd_violation,0.18,0.5,100,0.17954924963258578,0.008847249991734262,0.18029359417179391,0.16542622475336619,0.19323247134341648,0.8730489968609254,0.0034579154054290985,0.9282129589318511,0.003141167026040745,2429.11,265.05,2164.06,0.5,0.5
adult,hist_gradient_boosting,sex,dpd_violation,0.19,0.91,100,0.17954924963258578,0.008847249991734262,0.18029359417179391,0.16542622475336619,0.19323247134341648,0.8730489968609254,0.0034579154054290985,0.9282129589318511,0.003141167026040745,2429.11,265.05,2164.06,0.16379999999999995,0.8362
adult,hist_gradient_boosting,sex,dpd_violation,0.2,0.99,100,0.17954924963258578,0.008847249991734262,0.18029359417179391,0.16542622475336619,0.19323247134341648,0.8730489968609254,0.0034579154054290985,0.9282129589318511,0.003141167026040745,2429.11,265.05,2164.06,0.01980000000000002,0.9802
adult,hist_gradient_boosting,sex,dpd_violation,0.21,1.0,100,0.17954924963258578,0.008847249991734262,0.18029359417179391,0.16542622475336619,0.19323247134341648,0.8730489968609254,0.0034579154054290985,0.9282129589318511,0.003141167026040745,2429.11,265.05,2164.06,0.0,1.0
adult,hist_gradient_boosting,sex,dpd_violation,0.22,1.0,100,0.17954924963258578,0.008847249991734262,0.18029359417179391,0.16542622475336619,0.19323247134341648,0.8730489968609254,0.0034579154054290985,0.9282129589318511,0.003141167026040745,2429.11,265.05,2164.06,0.0,1.0
adult,hist_gradient_boosting,sex,dpd_violation,0.23,1.0,100,0.17954924963258578,0.008847249991734262,0.18029359417179391,0.16542622475336619,0.19323247134341648,0.8730489968609254,0.0034579154054290985,0.9282129589318511,0.003141167026040745,2429.11,265.05,2164.06,0.0,1.0
adult,hist_gradient_boosting,sex,dpd_violation,0.24,1.0,100,0.17954924963258578,0.008847249991734262,0.18029359417179391,0.16542622475336619,0.19323247134341648,0.8730489968609254,0.0034579154054290985,0.9282129589318511,0.003141167026040745,2429.11,265.05,2164.06,0.0,1.0
adult,hist_gradient_boosting,sex,dpd_violation,0.25,1.0,100,0.17954924963258578,0.008847249991734262,0.18029359417179391,0.16542622475336619,0.19323247134341648,0.8730489968609254,0.0034579154054290985,0.9282129589318511,0.003141167026040745,2429.11,265.05,2164.06,0.0,1.0
adult,hist_gradient_boosting,sex,dpd_violation,0.26,1.0,100,0.17954924963258578,0.008847249991734262,0.18029359417179391,0.16542622475336619,0.19323247134341648,0.8730489968609254,0.0034579154054290985,0.9282129589318511,0.003141167026040745,2429.11,265.05,2164.06,0.0,1.0
adult,hist_gradient_boosting,sex,dpd_violation,0.27,1.0,100,0.17954924963258578,0.008847249991734262,0.18029359417179391,0.16542622475336619,0.19323247134341648,0.8730489968609254,0.0034579154054290985,0.9282129589318511,0.003141167026040745,2429.11,265.05,2164.06,0.0,1.0
adult,hist_gradient_boosting,sex,dpd_violation,0.28,1.0,100,0.17954924963258578,0.008847249991734262,0.18029359417179391,0.16542622475336619,0.19323247134341648,0.8730489968609254,0.0034579154054290985,0.9282129589318511,0.003141167026040745,2429.11,265.05,2164.06,0.0,1.0
adult,hist_gradient_boosting,sex,dpd_violation,0.29,1.0,100,0.17954924963258578,0.008847249991734262,0.18029359417179391,0.16542622475336619,0.19323247134341648,0.8730489968609254,0.0034579154054290985,0.9282129589318511,0.003141167026040745,2429.11,265.05,2164.06,0.0,1.0
adult,hist_gradient_boosting,sex,dpd_violation,0.3,1.0,100,0.17954924963258578,0.008847249991734262,0.18029359417179391,0.16542622475336619,0.19323247134341648,0.8730489968609254,0.0034579154054290985,0.9282129589318511,0.003141167026040745,2429.11,265.05,2164.06,0.0,1.0
adult,hist_gradient_boosting,sex,dpr_violation,0.0,0.0,100,0.6920954724763,0.024338197597144666,0.6931941806356292,0.6510106715741785,0.7291622142566775,0.8730489968609254,0.0034579154054290985,0.9282129589318511,0.003141167026040745,2429.11,265.05,2164.06,0.0,1.0
adult,hist_gradient_boosting,sex,dpr_violation,0.010000000000000009,0.0,100,0.6920954724763,0.024338197597144666,0.6931941806356292,0.6510106715741785,0.7291622142566775,0.8730489968609254,0.0034579154054290985,0.9282129589318511,0.003141167026040745,2429.11,265.05,2164.06,0.0,1.0
adult,hist_gradient_boosting,sex,dpr_violation,0.020000000000000018,0.0,100,0.6920954724763,0.024338197597144666,0.6931941806356292,0.6510106715741785,0.7291622142566775,0.8730489968609254,0.0034579154054290985,0.9282129589318511,0.003141167026040745,2429.11,265.05,2164.06,0.0,1.0
adult,hist_gradient_boosting,sex,dpr_violation,0.030000000000000027,0.0,100,0.6920954724763,0.024338197597144666,0.6931941806356292,0.6510106715741785,0.7291622142566775,0.8730489968609254,0.0034579154054290985,0.9282129589318511,0.003141167026040745,2429.11,265.05,2164.06,0.0,1.0
adult,hist_gradient_boosting,sex,dpr_violation,0.040000000000000036,0.0,100,0.6920954724763,0.024338197597144666,0.6931941806356292,0.6510106715741785,0.7291622142566775,0.8730489968609254,0.0034579154054290985,0.9282129589318511,0.003141167026040745,2429.11,265.05,2164.06,0.0,1.0
adult,hist_gradient_boosting,sex,dpr_violation,0.050000000000000044,0.0,100,0.6920954724763,0.024338197597144666,0.6931941806356292,0.6510106715741785,0.7291622142566775,0.8730489968609254,0.0034579154054290985,0.9282129589318511,0.003141167026040745,2429.11,265.05,2164.06,0.0,1.0
adult,hist_gradient_boosting,sex,dpr_violation,0.06000000000000005,0.0,100,0.6920954724763,0.024338197597144666,0.6931941806356292,0.6510106715741785,0.7291622142566775,0.8730489968609254,0.0034579154054290985,0.9282129589318511,0.003141167026040745,2429.11,265.05,2164.06,0.0,1.0
adult,hist_gradient_boosting,sex,dpr_violation,0.06999999999999995,0.0,100,0.6920954724763,0.024338197597144666,0.6931941806356292,0.6510106715741785,0.7291622142566775,0.8730489968609254,0.0034579154054290985,0.9282129589318511,0.003141167026040745,2429.11,265.05,2164.06,0.0,1.0
adult,hist_gradient_boosting,sex,dpr_violation,0.07999999999999996,0.0,100,0.6920954724763,0.024338197597144666,0.6931941806356292,0.6510106715741785,0.7291622142566775,0.8730489968609254,0.0034579154054290985,0.9282129589318511,0.003141167026040745,2429.11,265.05,2164.06,0.0,1.0
adult,hist_gradient_boosting,sex,dpr_violation,0.08999999999999997,0.0,100,0.6920954724763,0.024338197597144666,0.6931941806356292,0.6510106715741785,0.7291622142566775,0.8730489968609254,0.0034579154054290985,0.9282129589318511,0.003141167026040745,2429.11,265.05,2164.06,0.0,1.0
adult,hist_gradient_boosting,sex,dpr_violation,0.09999999999999998,0.0,100,0.6920954724763,0.024338197597144666,0.6931941806356292,0.6510106715741785,0.7291622142566775,0.8730489968609254,0.0034579154054290985,0.9282129589318511,0.003141167026040745,2429.11,265.05,2164.06,0.0,1.0
adult,hist_gradient_boosting,sex,dpr_violation,0.10999999999999999,0.0,100,0.6920954724763,0.024338197597144666,0.6931941806356292,0.6510106715741785,0.7291622142566775,0.8730489968609254,0.0034579154054290985,0.9282129589318511,0.003141167026040745,2429.11,265.05,2164.06,0.0,1.0
adult,hist_gradient_boosting,sex,dpr_violation,0.12,0.0,100,0.6920954724763,0.024338197597144666,0.6931941806356292,0.6510106715741785,0.7291622142566775,0.8730489968609254,0.0034579154054290985,0.9282129589318511,0.003141167026040745,2429.11,265.05,2164.06,0.0,1.0
adult,hist_gradient_boosting,sex,dpr_violation,0.13,0.0,100,0.6920954724763,0.024338197597144666,0.6931941806356292,0.6510106715741785,0.7291622142566775,0.8730489968609254,0.0034579154054290985,0.9282129589318511,0.003141167026040745,2429.11,265.05,2164.06,0.0,1.0
adult,hist_gradient_boosting,sex,dpr_violation,0.14,0.0,100,0.6920954724763,0.024338197597144666,0.6931941806356292,0.6510106715741785,0.7291622142566775,0.8730489968609254,0.0034579154054290985,0.9282129589318511,0.003141167026040745,2429.11,265.05,2164.06,0.0,1.0
adult,hist_gradient_boosting,sex,dpr_violation,0.15000000000000002,0.0,100,0.6920954724763,0.024338197597144666,0.6931941806356292,0.6510106715741785,0.7291622142566775,0.8730489968609254,0.0034579154054290985,0.9282129589318511,0.003141167026040745,2429.11,265.05,2164.06,0.0,1.0
adult,hist_gradient_boosting,sex,dpr_violation,0.16000000000000003,0.0,100,0.6920954724763,0.024338197597144666,0.6931941806356292,0.6510106715741785,0.7291622142566775,0.8730489968609254,0.0034579154054290985,0.9282129589318511,0.003141167026040745,2429.11,265.05,2164.06,0.0,1.0
adult,hist_gradient_boosting,sex,dpr_violation,0.17000000000000004,0.0,100,0.6920954724763,0.024338197597144666,0.6931941806356292,0.6510106715741785,0.7291622142566775,0.8730489968609254,0.0034579154054290985,0.9282129589318511,0.003141167026040745,2429.11,265.05,2164.06,0.0,1.0
adult,hist_gradient_boosting,sex,dpr_violation,0.18000000000000005,0.0,100,0.6920954724763,0.024338197597144666,0.6931941806356292,0.6510106715741785,0.7291622142566775,0.8730489968609254,0.0034579154054290985,0.9282129589318511,0.003141167026040745,2429.11,265.05,2164.06,0.0,1.0
adult,hist_gradient_boosting,sex,dpr_violation,0.18999999999999995,0.0,100,0.6920954724763,0.024338197597144666,0.6931941806356292,0.6510106715741785,0.7291622142566775,0.8730489968609254,0.0034579154054290985,0.9282129589318511,0.003141167026040745,2429.11,265.05,2164.06,0.0,1.0
adult,hist_gradient_boosting,sex,dpr_violation,0.19999999999999996,0.0,100,0.6920954724763,0.024338197597144666,0.6931941806356292,0.6510106715741785,0.7291622142566775,0.8730489968609254,0.0034579154054290985,0.9282129589318511,0.003141167026040745,2429.11,265.05,2164.06,0.0,1.0
adult,hist_gradient_boosting,sex,dpr_violation,0.20999999999999996,0.0,100,0.6920954724763,0.024338197597144666,0.6931941806356292,0.6510106715741785,0.7291622142566775,0.8730489968609254,0.0034579154054290985,0.9282129589318511,0.003141167026040745,2429.11,265.05,2164.06,0.0,1.0
adult,hist_gradient_boosting,sex,dpr_violation,0.21999999999999997,0.0,100,0.6920954724763,0.024338197597144666,0.6931941806356292,0.6510106715741785,0.7291622142566775,0.8730489968609254,0.0034579154054290985,0.9282129589318511,0.003141167026040745,2429.11,265.05,2164.06,0.0,1.0
adult,hist_gradient_boosting,sex,dpr_violation,0.22999999999999998,0.0,100,0.6920954724763,0.024338197597144666,0.6931941806356292,0.6510106715741785,0.7291622142566775,0.8730489968609254,0.0034579154054290985,0.9282129589318511,0.003141167026040745,2429.11,265.05,2164.06,0.0,1.0
adult,hist_gradient_boosting,sex,dpr_violation,0.24,0.0,100,0.6920954724763,0.024338197597144666,0.6931941806356292,0.6510106715741785,0.7291622142566775,0.8730489968609254,0.0034579154054290985,0.9282129589318511,0.003141167026040745,2429.11,265.05,2164.06,0.0,1.0
adult,hist_gradient_boosting,sex,dpr_violation,0.25,0.0,100,0.6920954724763,0.024338197597144666,0.6931941806356292,0.6510106715741785,0.7291622142566775,0.8730489968609254,0.0034579154054290985,0.9282129589318511,0.003141167026040745,2429.11,265.05,2164.06,0.0,1.0
adult,hist_gradient_boosting,sex,dpr_violation,0.26,0.0,100,0.6920954724763,0.024338197597144666,0.6931941806356292,0.6510106715741785,0.7291622142566775,0.8730489968609254,0.0034579154054290985,0.9282129589318511,0.003141167026040745,2429.11,265.05,2164.06,0.0,1.0
adult,hist_gradient_boosting,sex,dpr_violation,0.27,0.0,100,0.6920954724763,0.024338197597144666,0.6931941806356292,0.6510106715741785,0.7291622142566775,0.8730489968609254,0.0034579154054290985,0.9282129589318511,0.003141167026040745,2429.11,265.05,2164.06,0.0,1.0
adult,hist_gradient_boosting,sex,dpr_violation,0.28,0.0,100,0.6920954724763,0.024338197597144666,0.6931941806356292,0.6510106715741785,0.7291622142566775,0.8730489968609254,0.0034579154054290985,0.9282129589318511,0.003141167026040745,2429.11,265.05,2164.06,0.0,1.0
adult,hist_gradient_boosting,sex,dpr_violation,0.29000000000000004,0.0,100,0.6920954724763,0.024338197597144666,0.6931941806356292,0.6510106715741785,0.7291622142566775,0.8730489968609254,0.0034579154054290985,0.9282129589318511,0.003141167026040745,2429.11,265.05,2164.06,0.0,1.0
adult,hist_gradient_boosting,sex,dpr_violation,0.30000000000000004,0.0,100,0.6920954724763,0.024338197597144666,0.6931941806356292,0.6510106715741785,0.7291622142566775,0.8730489968609254,0.0034579154054290985,0.9282129589318511,0.003141167026040745,2429.11,265.05,2164.06,0.0,1.0
adult,hist_gradient_boosting,sex,dpr_violation,0.31000000000000005,0.0,100,0.6920954724763,0.024338197597144666,0.6931941806356292,0.6510106715741785,0.7291622142566775,0.8730489968609254,0.0034579154054290985,0.9282129589318511,0.003141167026040745,2429.11,265.05,2164.06,0.0,1.0
adult,hist_gradient_boosting,sex,dpr_violation,0.31999999999999995,0.0,100,0.6920954724763,0.024338197597144666,0.6931941806356292,0.6510106715741785,0.7291622142566775,0.8730489968609254,0.0034579154054290985,0.9282129589318511,0.003141167026040745,2429.11,265.05,2164.06,0.0,1.0
adult,hist_gradient_boosting,sex,dpr_violation,0.32999999999999996,0.0,100,0.6920954724763,0.024338197597144666,0.6931941806356292,0.6510106715741785,0.7291622142566775,0.8730489968609254,0.0034579154054290985,0.9282129589318511,0.003141167026040745,2429.11,265.05,2164.06,0.0,1.0
adult,hist_gradient_boosting,sex,dpr_violation,0.33999999999999997,0.0,100,0.6920954724763,0.024338197597144666,0.6931941806356292,0.6510106715741785,0.7291622142566775,0.8730489968609254,0.0034579154054290985,0.9282129589318511,0.003141167026040745,2429.11,265.05,2164.06,0.0,1.0
adult,hist_gradient_boosting,sex,dpr_violation,0.35,0.0,100,0.6920954724763,0.024338197597144666,0.6931941806356292,0.6510106715741785,0.7291622142566775,0.8730489968609254,0.0034579154054290985,0.9282129589318511,0.003141167026040745,2429.11,265.05,2164.06,0.0,1.0
adult,hist_gradient_boosting,sex,dpr_violation,0.36,0.0,100,0.6920954724763,0.024338197597144666,0.6931941806356292,0.6510106715741785,0.7291622142566775,0.8730489968609254,0.0034579154054290985,0.9282129589318511,0.003141167026040745,2429.11,265.05,2164.06,0.0,1.0
adult,hist_gradient_boosting,sex,dpr_violation,0.37,0.0,100,0.6920954724763,0.024338197597144666,0.6931941806356292,0.6510106715741785,0.7291622142566775,0.8730489968609254,0.0034579154054290985,0.9282129589318511,0.003141167026040745,2429.11,265.05,2164.06,0.0,1.0
adult,hist_gradient_boosting,sex,dpr_violation,0.38,0.0,100,0.6920954724763,0.024338197597144666,0.6931941806356292,0.6510106715741785,0.7291622142566775,0.8730489968609254,0.0034579154054290985,0.9282129589318511,0.003141167026040745,2429.11,265.05,2164.06,0.0,1.0
adult,hist_gradient_boosting,sex,dpr_violation,0.39,0.0,100,0.6920954724763,0.024338197597144666,0.6931941806356292,0.6510106715741785,0.7291622142566775,0.8730489968609254,0.0034579154054290985,0.9282129589318511,0.003141167026040745,2429.11,265.05,2164.06,0.0,1.0
adult,hist_gradient_boosting,sex,dpr_violation,0.4,0.0,100,0.6920954724763,0.024338197597144666,0.6931941806356292,0.6510106715741785,0.7291622142566775,0.8730489968609254,0.0034579154054290985,0.9282129589318511,0.003141167026040745,2429.11,265.05,2164.06,0.0,1.0
adult,hist_gradient_boosting,sex,eod_violation,0.0,0.0,100,0.08687487276474583,0.035305776957607796,0.0878301410281857,0.029742254284168237,0.14785794580723433,0.8730489968609254,0.0034579154054290985,0.9282129589318511,0.003141167026040745,2429.11,265.05,2164.06,0.0,1.0
adult,hist_gradient_boosting,sex,eod_violation,0.01,0.02,100,0.08687487276474583,0.035305776957607796,0.0878301410281857,0.029742254284168237,0.14785794580723433,0.8730489968609254,0.0034579154054290985,0.9282129589318511,0.003141167026040745,2429.11,265.05,2164.06,0.0392,0.9608
adult,hist_gradient_boosting,sex,eod_violation,0.02,0.02,100,0.08687487276474583,0.035305776957607796,0.0878301410281857,0.029742254284168237,0.14785794580723433,0.8730489968609254,0.0034579154054290985,0.9282129589318511,0.003141167026040745,2429.11,265.05,2164.06,0.0392,0.9608
adult,hist_gradient_boosting,sex,eod_violation,0.03,0.07,100,0.08687487276474583,0.035305776957607796,0.0878301410281857,0.029742254284168237,0.14785794580723433,0.8730489968609254,0.0034579154054290985,0.9282129589318511,0.003141167026040745,2429.11,265.05,2164.06,0.1302,0.8698
adult,hist_gradient_boosting,sex,eod_violation,0.04,0.1,100,0.08687487276474583,0.035305776957607796,0.0878301410281857,0.029742254284168237,0.14785794580723433,0.8730489968609254,0.0034579154054290985,0.9282129589318511,0.003141167026040745,2429.11,265.05,2164.06,0.18000000000000002,0.82
adult,hist_gradient_boosting,sex,eod_violation,0.05,0.17,100,0.08687487276474583,0.035305776957607796,0.0878301410281857,0.029742254284168237,0.14785794580723433,0.8730489968609254,0.0034579154054290985,0.9282129589318511,0.003141167026040745,2429.11,265.05,2164.06,0.2822,0.7178
adult,hist_gradient_boosting,sex,eod_violation,0.06,0.2,100,0.08687487276474583,0.035305776957607796,0.0878301410281857,0.029742254284168237,0.14785794580723433,0.8730489968609254,0.0034579154054290985,0.9282129589318511,0.003141167026040745,2429.11,265.05,2164.06,0.32000000000000006,0.6799999999999999
adult,hist_gradient_boosting,sex,eod_violation,0.07,0.27,100,0.08687487276474583,0.035305776957607796,0.0878301410281857,0.029742254284168237,0.14785794580723433,0.8730489968609254,0.0034579154054290985,0.9282129589318511,0.003141167026040745,2429.11,265.05,2164.06,0.3942,0.6058
adult,hist_gradient_boosting,sex,eod_violation,0.08,0.4,100,0.08687487276474583,0.035305776957607796,0.0878301410281857,0.029742254284168237,0.14785794580723433,0.8730489968609254,0.0034579154054290985,0.9282129589318511,0.003141167026040745,2429.11,265.05,2164.06,0.48,0.52
adult,hist_gradient_boosting,sex,eod_violation,0.09,0.52,100,0.08687487276474583,0.035305776957607796,0.0878301410281857,0.029742254284168237,0.14785794580723433,0.8730489968609254,0.0034579154054290985,0.9282129589318511,0.003141167026040745,2429.11,265.05,2164.06,0.4992,0.5008
adult,hist_gradient_boosting,sex,eod_violation,0.1,0.67,100,0.08687487276474583,0.035305776957607796,0.0878301410281857,0.029742254284168237,0.14785794580723433,0.8730489968609254,0.0034579154054290985,0.9282129589318511,0.003141167026040745,2429.11,265.05,2164.06,0.4422,0.5578000000000001
adult,hist_gradient_boosting,sex,eod_violation,0.11,0.78,100,0.08687487276474583,0.035305776957607796,0.0878301410281857,0.029742254284168237,0.14785794580723433,0.8730489968609254,0.0034579154054290985,0.9282129589318511,0.003141167026040745,2429.11,265.05,2164.06,0.34319999999999995,0.6568
adult,hist_gradient_boosting,sex,eod_violation,0.12,0.87,100,0.08687487276474583,0.035305776957607796,0.0878301410281857,0.029742254284168237,0.14785794580723433,0.8730489968609254,0.0034579154054290985,0.9282129589318511,0.003141167026040745,2429.11,265.05,2164.06,0.2262,0.7738
adult,hist_gradient_boosting,sex,eod_violation,0.13,0.9,100,0.08687487276474583,0.035305776957607796,0.0878301410281857,0.029742254284168237,0.14785794580723433,0.8730489968609254,0.0034579154054290985,0.9282129589318511,0.003141167026040745,2429.11,265.05,2164.06,0.17999999999999997,0.8200000000000001
adult,hist_gradient_boosting,sex,eod_violation,0.14,0.93,100,0.08687487276474583,0.035305776957607796,0.0878301410281857,0.029742254284168237,0.14785794580723433,0.8730489968609254,0.0034579154054290985,0.9282129589318511,0.003141167026040745,2429.11,265.05,2164.06,0.13019999999999993,0.8698000000000001
adult,hist_gradient_boosting,sex,eod_violation,0.15,0.95,100,0.08687487276474583,0.035305776957607796,0.0878301410281857,0.029742254284168237,0.14785794580723433,0.8730489968609254,0.0034579154054290985,0.9282129589318511,0.003141167026040745,2429.11,265.05,2164.06,0.09500000000000008,0.9049999999999999
adult,hist_gradient_boosting,sex,eod_violation,0.16,0.97,100,0.08687487276474583,0.035305776957607796,0.0878301410281857,0.029742254284168237,0.14785794580723433,0.8730489968609254,0.0034579154054290985,0.9282129589318511,0.003141167026040745,2429.11,265.05,2164.06,0.05820000000000005,0.9418
adult,hist_gradient_boosting,sex,eod_violation,0.17,0.99,100,0.08687487276474583,0.035305776957607796,0.0878301410281857,0.029742254284168237,0.14785794580723433,0.8730489968609254,0.0034579154054290985,0.9282129589318511,0.003141167026040745,2429.11,265.05,2164.06,0.01980000000000002,0.9802
adult,hist_gradient_boosting,sex,eod_violation,0.18,0.99,100,0.08687487276474583,0.035305776957607796,0.0878301410281857,0.029742254284168237,0.14785794580723433,0.8730489968609254,0.0034579154054290985,0.9282129589318511,0.003141167026040745,2429.11,265.05,2164.06,0.01980000000000002,0.9802
adult,hist_gradient_boosting,sex,eod_violation,0.19,0.99,100,0.08687487276474583,0.035305776957607796,0.0878301410281857,0.029742254284168237,0.14785794580723433,0.8730489968609254,0.0034579154054290985,0.9282129589318511,0.003141167026040745,2429.11,265.05,2164.06,0.01980000000000002,0.9802
adult,hist_gradient_boosting,sex,eod_violation,0.2,0.99,100,0.08687487276474583,0.035305776957607796,0.0878301410281857,0.029742254284168237,0.14785794580723433,0.8730489968609254,0.0034579154054290985,0.9282129589318511,0.003141167026040745,2429.11,265.05,2164.06,0.01980000000000002,0.9802
adult,hist_gradient_boosting,sex,eod_violation,0.21,1.0,100,0.08687487276474583,0.035305776957607796,0.0878301410281857,0.029742254284168237,0.14785794580723433,0.8730489968609254,0.0034579154054290985,0.9282129589318511,0.003141167026040745,2429.11,265.05,2164.06,0.0,1.0
adult,hist_gradient_boosting,sex,eod_violation,0.22,1.0,100,0.08687487276474583,0.035305776957607796,0.0878301410281857,0.029742254284168237,0.14785794580723433,0.8730489968609254,0.0034579154054290985,0.9282129589318511,0.003141167026040745,2429.11,265.05,2164.06,0.0,1.0
adult,hist_gradient_boosting,sex,eod_violation,0.23,1.0,100,0.08687487276474583,0.035305776957607796,0.0878301410281857,0.029742254284168237,0.14785794580723433,0.8730489968609254,0.0034579154054290985,0.9282129589318511,0.003141167026040745,2429.11,265.05,2164.06,0.0,1.0
adult,hist_gradient_boosting,sex,eod_violation,0.24,1.0,100,0.08687487276474583,0.035305776957607796,0.0878301410281857,0.029742254284168237,0.14785794580723433,0.8730489968609254,0.0034579154054290985,0.9282129589318511,0.003141167026040745,2429.11,265.05,2164.06,0.0,1.0
adult,hist_gradient_boosting,sex,eod_violation,0.25,1.0,100,0.08687487276474583,0.035305776957607796,0.0878301410281857,0.029742254284168237,0.14785794580723433,0.8730489968609254,0.0034579154054290985,0.9282129589318511,0.003141167026040745,2429.11,265.05,2164.06,0.0,1.0
adult,hist_gradient_boosting,sex,eod_violation,0.26,1.0,100,0.08687487276474583,0.035305776957607796,0.0878301410281857,0.029742254284168237,0.14785794580723433,0.8730489968609254,0.0034579154054290985,0.9282129589318511,0.003141167026040745,2429.11,265.05,2164.06,0.0,1.0
adult,hist_gradient_boosting,sex,eod_violation,0.27,1.0,100,0.08687487276474583,0.035305776957607796,0.0878301410281857,0.029742254284168237,0.14785794580723433,0.8730489968609254,0.0034579154054290985,0.9282129589318511,0.003141167026040745,2429.11,265.05,2164.06,0.0,1.0
adult,hist_gradient_boosting,sex,eod_violation,0.28,1.0,100,0.08687487276474583,0.035305776957607796,0.0878301410281857,0.029742254284168237,0.14785794580723433,0.8730489968609254,0.0034579154054290985,0.9282129589318511,0.003141167026040745,2429.11,265.05,2164.06,0.0,1.0
adult,hist_gradient_boosting,sex,eod_violation,0.29,1.0,100,0.08687487276474583,0.035305776957607796,0.0878301410281857,0.029742254284168237,0.14785794580723433,0.8730489968609254,0.0034579154054290985,0.9282129589318511,0.003141167026040745,2429.11,265.05,2164.06,0.0,1.0
adult,hist_gradient_boosting,sex,eod_violation,0.3,1.0,100,0.08687487276474583,0.035305776957607796,0.0878301410281857,0.029742254284168237,0.14785794580723433,0.8730489968609254,0.0034579154054290985,0.9282129589318511,0.003141167026040745,2429.11,265.05,2164.06,0.0,1.0
adult,hist_gradient_boosting,sex,equalized_odds_violation,0.0,0.0,100,0.09181006364770594,0.028551359118432002,0.0878301410281857,0.056534321558312214,0.14785794580723433,0.8730489968609254,0.0034579154054290985,0.9282129589318511,0.003141167026040745,2429.11,265.05,2164.06,0.0,1.0
adult,hist_gradient_boosting,sex,equalized_odds_violation,0.01,0.0,100,0.09181006364770594,0.028551359118432002,0.0878301410281857,0.056534321558312214,0.14785794580723433,0.8730489968609254,0.0034579154054290985,0.9282129589318511,0.003141167026040745,2429.11,265.05,2164.06,0.0,1.0
adult,hist_gradient_boosting,sex,equalized_odds_violation,0.02,0.0,100,0.09181006364770594,0.028551359118432002,0.0878301410281857,0.056534321558312214,0.14785794580723433,0.8730489968609254,0.0034579154054290985,0.9282129589318511,0.003141167026040745,2429.11,265.05,2164.06,0.0,1.0
adult,hist_gradient_boosting,sex,equalized_odds_violation,0.03,0.0,100,0.09181006364770594,0.028551359118432002,0.0878301410281857,0.056534321558312214,0.14785794580723433,0.8730489968609254,0.0034579154054290985,0.9282129589318511,0.003141167026040745,2429.11,265.05,2164.06,0.0,1.0
adult,hist_gradient_boosting,sex,equalized_odds_violation,0.04,0.0,100,0.09181006364770594,0.028551359118432002,0.0878301410281857,0.056534321558312214,0.14785794580723433,0.8730489968609254,0.0034579154054290985,0.9282129589318511,0.003141167026040745,2429.11,265.05,2164.06,0.0,1.0
adult,hist_gradient_boosting,sex,equalized_odds_violation,0.05,0.0,100,0.09181006364770594,0.028551359118432002,0.0878301410281857,0.056534321558312214,0.14785794580723433,0.8730489968609254,0.0034579154054290985,0.9282129589318511,0.003141167026040745,2429.11,265.05,2164.06,0.0,1.0
adult,hist_gradient_boosting,sex,equalized_odds_violation,0.06,0.07,100,0.09181006364770594,0.028551359118432002,0.0878301410281857,0.056534321558312214,0.14785794580723433,0.8730489968609254,0.0034579154054290985,0.9282129589318511,0.003141167026040745,2429.11,265.05,2164.06,0.1302,0.8698
adult,hist_gradient_boosting,sex,equalized_odds_violation,0.07,0.24,100,0.09181006364770594,0.028551359118432002,0.0878301410281857,0.056534321558312214,0.14785794580723433,0.8730489968609254,0.0034579154054290985,0.9282129589318511,0.003141167026040745,2429.11,265.05,2164.06,0.3648,0.6352
adult,hist_gradient_boosting,sex,equalized_odds_violation,0.08,0.4,100,0.09181006364770594,0.028551359118432002,0.0878301410281857,0.056534321558312214,0.14785794580723433,0.8730489968609254,0.0034579154054290985,0.9282129589318511,0.003141167026040745,2429.11,265.05,2164.06,0.48,0.52
adult,hist_gradient_boosting,sex,equalized_odds_violation,0.09,0.52,100,0.09181006364770594,0.028551359118432002,0.0878301410281857,0.056534321558312214,0.14785794580723433,0.8730489968609254,0.0034579154054290985,0.9282129589318511,0.003141167026040745,2429.11,265.05,2164.06,0.4992,0.5008
adult,hist_gradient_boosting,sex,equalized_odds_violation,0.1,0.67,100,0.09181006364770594,0.028551359118432002,0.0878301410281857,0.056534321558312214,0.14785794580723433,0.8730489968609254,0.0034579154054290985,0.9282129589318511,0.003141167026040745,2429.11,265.05,2164.06,0.4422,0.5578000000000001
adult,hist_gradient_boosting,sex,equalized_odds_violation,0.11,0.78,100,0.09181006364770594,0.028551359118432002,0.0878301410281857,0.056534321558312214,0.14785794580723433,0.8730489968609254,0.0034579154054290985,0.9282129589318511,0.003141167026040745,2429.11,265.05,2164.06,0.34319999999999995,0.6568
adult,hist_gradient_boosting,sex,equalized_odds_violation,0.12,0.87,100,0.09181006364770594,0.028551359118432002,0.0878301410281857,0.056534321558312214,0.14785794580723433,0.8730489968609254,0.0034579154054290985,0.9282129589318511,0.003141167026040745,2429.11,265.05,2164.06,0.2262,0.7738
adult,hist_gradient_boosting,sex,equalized_odds_violation,0.13,0.9,100,0.09181006364770594,0.028551359118432002,0.0878301410281857,0.056534321558312214,0.14785794580723433,0.8730489968609254,0.0034579154054290985,0.9282129589318511,0.003141167026040745,2429.11,265.05,2164.06,0.17999999999999997,0.8200000000000001
adult,hist_gradient_boosting,sex,equalized_odds_violation,0.14,0.93,100,0.09181006364770594,0.028551359118432002,0.0878301410281857,0.056534321558312214,0.14785794580723433,0.8730489968609254,0.0034579154054290985,0.9282129589318511,0.003141167026040745,2429.11,265.05,2164.06,0.13019999999999993,0.8698000000000001
adult,hist_gradient_boosting,sex,equalized_odds_violation,0.15,0.95,100,0.09181006364770594,0.028551359118432002,0.0878301410281857,0.056534321558312214,0.14785794580723433,0.8730489968609254,0.0034579154054290985,0.9282129589318511,0.003141167026040745,2429.11,265.05,2164.06,0.09500000000000008,0.9049999999999999
adult,hist_gradient_boosting,sex,equalized_odds_violation,0.16,0.97,100,0.09181006364770594,0.028551359118432002,0.0878301410281857,0.056534321558312214,0.14785794580723433,0.8730489968609254,0.0034579154054290985,0.9282129589318511,0.003141167026040745,2429.11,265.05,2164.06,0.05820000000000005,0.9418
adult,hist_gradient_boosting,sex,equalized_odds_violation,0.17,0.99,100,0.09181006364770594,0.028551359118432002,0.0878301410281857,0.056534321558312214,0.14785794580723433,0.8730489968609254,0.0034579154054290985,0.9282129589318511,0.003141167026040745,2429.11,265.05,2164.06,0.01980000000000002,0.9802
adult,hist_gradient_boosting,sex,equalized_odds_violation,0.18,0.99,100,0.09181006364770594,0.028551359118432002,0.0878301410281857,0.056534321558312214,0.14785794580723433,0.8730489968609254,0.0034579154054290985,0.9282129589318511,0.003141167026040745,2429.11,265.05,2164.06,0.01980000000000002,0.9802
adult,hist_gradient_boosting,sex,equalized_odds_violation,0.19,0.99,100,0.09181006364770594,0.028551359118432002,0.0878301410281857,0.056534321558312214,0.14785794580723433,0.8730489968609254,0.0034579154054290985,0.9282129589318511,0.003141167026040745,2429.11,265.05,2164.06,0.01980000000000002,0.9802
adult,hist_gradient_boosting,sex,equalized_odds_violation,0.2,0.99,100,0.09181006364770594,0.028551359118432002,0.0878301410281857,0.056534321558312214,0.14785794580723433,0.8730489968609254,0.0034579154054290985,0.9282129589318511,0.003141167026040745,2429.11,265.05,2164.06,0.01980000000000002,0.9802
adult,hist_gradient_boosting,sex,equalized_odds_violation,0.21,1.0,100,0.09181006364770594,0.028551359118432002,0.0878301410281857,0.056534321558312214,0.14785794580723433,0.8730489968609254,0.0034579154054290985,0.9282129589318511,0.003141167026040745,2429.11,265.05,2164.06,0.0,1.0
adult,hist_gradient_boosting,sex,equalized_odds_violation,0.22,1.0,100,0.09181006364770594,0.028551359118432002,0.0878301410281857,0.056534321558312214,0.14785794580723433,0.8730489968609254,0.0034579154054290985,0.9282129589318511,0.003141167026040745,2429.11,265.05,2164.06,0.0,1.0
adult,hist_gradient_boosting,sex,equalized_odds_violation,0.23,1.0,100,0.09181006364770594,0.028551359118432002,0.0878301410281857,0.056534321558312214,0.14785794580723433,0.8730489968609254,0.0034579154054290985,0.9282129589318511,0.003141167026040745,2429.11,265.05,2164.06,0.0,1.0
adult,hist_gradient_boosting,sex,equalized_odds_violation,0.24,1.0,100,0.09181006364770594,0.028551359118432002,0.0878301410281857,0.056534321558312214,0.14785794580723433,0.8730489968609254,0.0034579154054290985,0.9282129589318511,0.003141167026040745,2429.11,265.05,2164.06,0.0,1.0
adult,hist_gradient_boosting,sex,equalized_odds_violation,0.25,1.0,100,0.09181006364770594,0.028551359118432002,0.0878301410281857,0.056534321558312214,0.14785794580723433,0.8730489968609254,0.0034579154054290985,0.9282129589318511,0.003141167026040745,2429.11,265.05,2164.06,0.0,1.0
adult,hist_gradient_boosting,sex,equalized_odds_violation,0.26,1.0,100,0.09181006364770594,0.028551359118432002,0.0878301410281857,0.056534321558312214,0.14785794580723433,0.8730489968609254,0.0034579154054290985,0.9282129589318511,0.003141167026040745,2429.11,265.05,2164.06,0.0,1.0
adult,hist_gradient_boosting,sex,equalized_odds_violation,0.27,1.0,100,0.09181006364770594,0.028551359118432002,0.0878301410281857,0.056534321558312214,0.14785794580723433,0.8730489968609254,0.0034579154054290985,0.9282129589318511,0.003141167026040745,2429.11,265.05,2164.06,0.0,1.0
adult,hist_gradient_boosting,sex,equalized_odds_violation,0.28,1.0,100,0.09181006364770594,0.028551359118432002,0.0878301410281857,0.056534321558312214,0.14785794580723433,0.8730489968609254,0.0034579154054290985,0.9282129589318511,0.003141167026040745,2429.11,265.05,2164.06,0.0,1.0
adult,hist_gradient_boosting,sex,equalized_odds_violation,0.29,1.0,100,0.09181006364770594,0.028551359118432002,0.0878301410281857,0.056534321558312214,0.14785794580723433,0.8730489968609254,0.0034579154054290985,0.9282129589318511,0.003141167026040745,2429.11,265.05,2164.06,0.0,1.0
adult,hist_gradient_boosting,sex,equalized_odds_violation,0.3,1.0,100,0.09181006364770594,0.028551359118432002,0.0878301410281857,0.056534321558312214,0.14785794580723433,0.8730489968609254,0.0034579154054290985,0.9282129589318511,0.003141167026040745,2429.11,265.05,2164.06,0.0,1.0
adult,logistic_regression,race,dpd_violation,0.0,0.0,100,0.09517188364025342,0.009898387189471575,0.09520133997145949,0.07877922654802631,0.10977283943888884,0.8511737409581002,0.0037110446276756677,0.9054021042608591,0.0035951609715343578,1062.38,162.01,900.37,0.0,1.0
adult,logistic_regression,race,dpd_violation,0.01,0.0,100,0.09517188364025342,0.009898387189471575,0.09520133997145949,0.07877922654802631,0.10977283943888884,0.8511737409581002,0.0037110446276756677,0.9054021042608591,0.0035951609715343578,1062.38,162.01,900.37,0.0,1.0
adult,logistic_regression,race,dpd_violation,0.02,0.0,100,0.09517188364025342,0.009898387189471575,0.09520133997145949,0.07877922654802631,0.10977283943888884,0.8511737409581002,0.0037110446276756677,0.9054021042608591,0.0035951609715343578,1062.38,162.01,900.37,0.0,1.0
adult,logistic_regression,race,dpd_violation,0.03,0.0,100,0.09517188364025342,0.009898387189471575,0.09520133997145949,0.07877922654802631,0.10977283943888884,0.8511737409581002,0.0037110446276756677,0.9054021042608591,0.0035951609715343578,1062.38,162.01,900.37,0.0,1.0
adult,logistic_regression,race,dpd_violation,0.04,0.0,100,0.09517188364025342,0.009898387189471575,0.09520133997145949,0.07877922654802631,0.10977283943888884,0.8511737409581002,0.0037110446276756677,0.9054021042608591,0.0035951609715343578,1062.38,162.01,900.37,0.0,1.0
adult,logistic_regression,race,dpd_violation,0.05,0.0,100,0.09517188364025342,0.009898387189471575,0.09520133997145949,0.07877922654802631,0.10977283943888884,0.8511737409581002,0.0037110446276756677,0.9054021042608591,0.0035951609715343578,1062.38,162.01,900.37,0.0,1.0
adult,logistic_regression,race,dpd_violation,0.06,0.0,100,0.09517188364025342,0.009898387189471575,0.09520133997145949,0.07877922654802631,0.10977283943888884,0.8511737409581002,0.0037110446276756677,0.9054021042608591,0.0035951609715343578,1062.38,162.01,900.37,0.0,1.0
adult,logistic_regression,race,dpd_violation,0.07,0.01,100,0.09517188364025342,0.009898387189471575,0.09520133997145949,0.07877922654802631,0.10977283943888884,0.8511737409581002,0.0037110446276756677,0.9054021042608591,0.0035951609715343578,1062.38,162.01,900.37,0.0198,0.9802
adult,logistic_regression,race,dpd_violation,0.08,0.09,100,0.09517188364025342,0.009898387189471575,0.09520133997145949,0.07877922654802631,0.10977283943888884,0.8511737409581002,0.0037110446276756677,0.9054021042608591,0.0035951609715343578,1062.38,162.01,900.37,0.1638,0.8362
adult,logistic_regression,race,dpd_violation,0.09,0.3,100,0.09517188364025342,0.009898387189471575,0.09520133997145949,0.07877922654802631,0.10977283943888884,0.8511737409581002,0.0037110446276756677,0.9054021042608591,0.0035951609715343578,1062.38,162.01,900.37,0.42,0.5800000000000001
adult,logistic_regression,race,dpd_violation,0.1,0.65,100,0.09517188364025342,0.009898387189471575,0.09520133997145949,0.07877922654802631,0.10977283943888884,0.8511737409581002,0.0037110446276756677,0.9054021042608591,0.0035951609715343578,1062.38,162.01,900.37,0.45499999999999996,0.545
adult,logistic_regression,race,dpd_violation,0.11,0.95,100,0.09517188364025342,0.009898387189471575,0.09520133997145949,0.07877922654802631,0.10977283943888884,0.8511737409581002,0.0037110446276756677,0.9054021042608591,0.0035951609715343578,1062.38,162.01,900.37,0.09500000000000008,0.9049999999999999
adult,logistic_regression,race,dpd_violation,0.12,1.0,100,0.09517188364025342,0.009898387189471575,0.09520133997145949,0.07877922654802631,0.10977283943888884,0.8511737409581002,0.0037110446276756677,0.9054021042608591,0.0035951609715343578,1062.38,162.01,900.37,0.0,1.0
adult,logistic_regression,race,dpd_violation,0.13,1.0,100,0.09517188364025342,0.009898387189471575,0.09520133997145949,0.07877922654802631,0.10977283943888884,0.8511737409581002,0.0037110446276756677,0.9054021042608591,0.0035951609715343578,1062.38,162.01,900.37,0.0,1.0
adult,logistic_regression,race,dpd_violation,0.14,1.0,100,0.09517188364025342,0.009898387189471575,0.09520133997145949,0.07877922654802631,0.10977283943888884,0.8511737409581002,0.0037110446276756677,0.9054021042608591,0.0035951609715343578,1062.38,162.01,900.37,0.0,1.0
adult,logistic_regression,race,dpd_violation,0.15,1.0,100,0.09517188364025342,0.009898387189471575,0.09520133997145949,0.07877922654802631,0.10977283943888884,0.8511737409581002,0.0037110446276756677,0.9054021042608591,0.0035951609715343578,1062.38,162.01,900.37,0.0,1.0
adult,logistic_regression,race,dpd_violation,0.16,1.0,100,0.09517188364025342,0.009898387189471575,0.09520133997145949,0.07877922654802631,0.10977283943888884,0.8511737409581002,0.0037110446276756677,0.9054021042608591,0.0035951609715343578,1062.38,162.01,900.37,0.0,1.0
adult,logistic_regression,race,dpd_violation,0.17,1.0,100,0.09517188364025342,0.009898387189471575,0.09520133997145949,0.07877922654802631,0.10977283943888884,0.8511737409581002,0.0037110446276756677,0.9054021042608591,0.0035951609715343578,1062.38,162.01,900.37,0.0,1.0
adult,logistic_regression,race,dpd_violation,0.18,1.0,100,0.09517188364025342,0.009898387189471575,0.09520133997145949,0.07877922654802631,0.10977283943888884,0.8511737409581002,0.0037110446276756677,0.9054021042608591,0.0035951609715343578,1062.38,162.01,900.37,0.0,1.0
adult,logistic_regression,race,dpd_violation,0.19,1.0,100,0.09517188364025342,0.009898387189471575,0.09520133997145949,0.07877922654802631,0.10977283943888884,0.8511737409581002,0.0037110446276756677,0.9054021042608591,0.0035951609715343578,1062.38,162.01,900.37,0.0,1.0
adult,logistic_regression,race,dpd_violation,0.2,1.0,100,0.09517188364025342,0.009898387189471575,0.09520133997145949,0.07877922654802631,0.10977283943888884,0.8511737409581002,0.0037110446276756677,0.9054021042608591,0.0035951609715343578,1062.38,162.01,900.37,0.0,1.0
adult,logistic_regression,race,dpd_violation,0.21,1.0,100,0.09517188364025342,0.009898387189471575,0.09520133997145949,0.07877922654802631,0.10977283943888884,0.8511737409581002,0.0037110446276756677,0.9054021042608591,0.0035951609715343578,1062.38,162.01,900.37,0.0,1.0
adult,logistic_regression,race,dpd_violation,0.22,1.0,100,0.09517188364025342,0.009898387189471575,0.09520133997145949,0.07877922654802631,0.10977283943888884,0.8511737409581002,0.0037110446276756677,0.9054021042608591,0.0035951609715343578,1062.38,162.01,900.37,0.0,1.0
adult,logistic_regression,race,dpd_violation,0.23,1.0,100,0.09517188364025342,0.009898387189471575,0.09520133997145949,0.07877922654802631,0.10977283943888884,0.8511737409581002,0.0037110446276756677,0.9054021042608591,0.0035951609715343578,1062.38,162.01,900.37,0.0,1.0
adult,logistic_regression,race,dpd_violation,0.24,1.0,100,0.09517188364025342,0.009898387189471575,0.09520133997145949,0.07877922654802631,0.10977283943888884,0.8511737409581002,0.0037110446276756677,0.9054021042608591,0.0035951609715343578,1062.38,162.01,900.37,0.0,1.0
adult,logistic_regression,race,dpd_violation,0.25,1.0,100,0.09517188364025342,0.009898387189471575,0.09520133997145949,0.07877922654802631,0.10977283943888884,0.8511737409581002,0.0037110446276756677,0.9054021042608591,0.0035951609715343578,1062.38,162.01,900.37,0.0,1.0
adult,logistic_regression,race,dpd_violation,0.26,1.0,100,0.09517188364025342,0.009898387189471575,0.09520133997145949,0.07877922654802631,0.10977283943888884,0.8511737409581002,0.0037110446276756677,0.9054021042608591,0.0035951609715343578,1062.38,162.01,900.37,0.0,1.0
adult,logistic_regression,race,dpd_violation,0.27,1.0,100,0.09517188364025342,0.009898387189471575,0.09520133997145949,0.07877922654802631,0.10977283943888884,0.8511737409581002,0.0037110446276756677,0.9054021042608591,0.0035951609715343578,1062.38,162.01,900.37,0.0,1.0
adult,logistic_regression,race,dpd_violation,0.28,1.0,100,0.09517188364025342,0.009898387189471575,0.09520133997145949,0.07877922654802631,0.10977283943888884,0.8511737409581002,0.0037110446276756677,0.9054021042608591,0.0035951609715343578,1062.38,162.01,900.37,0.0,1.0
adult,logistic_regression,race,dpd_violation,0.29,1.0,100,0.09517188364025342,0.009898387189471575,0.09520133997145949,0.07877922654802631,0.10977283943888884,0.8511737409581002,0.0037110446276756677,0.9054021042608591,0.0035951609715343578,1062.38,162.01,900.37,0.0,1.0
adult,logistic_regression,race,dpd_violation,0.3,1.0,100,0.09517188364025342,0.009898387189471575,0.09520133997145949,0.07877922654802631,0.10977283943888884,0.8511737409581002,0.0037110446276756677,0.9054021042608591,0.0035951609715343578,1062.38,162.01,900.37,0.0,1.0
adult,logistic_regression,race,dpr_violation,0.0,0.0,100,0.45661608348436117,0.04390183725783425,0.45544393649968495,0.3822124539084368,0.525684804722853,0.8511737409581002,0.0037110446276756677,0.9054021042608591,0.0035951609715343578,1062.38,162.01,900.37,0.0,1.0
adult,logistic_regression,race,dpr_violation,0.010000000000000009,0.0,100,0.45661608348436117,0.04390183725783425,0.45544393649968495,0.3822124539084368,0.525684804722853,0.8511737409581002,0.0037110446276756677,0.9054021042608591,0.0035951609715343578,1062.38,162.01,900.37,0.0,1.0
adult,logistic_regression,race,dpr_violation,0.020000000000000018,0.0,100,0.45661608348436117,0.04390183725783425,0.45544393649968495,0.3822124539084368,0.525684804722853,0.8511737409581002,0.0037110446276756677,0.9054021042608591,0.0035951609715343578,1062.38,162.01,900.37,0.0,1.0
adult,logistic_regression,race,dpr_violation,0.030000000000000027,0.0,100,0.45661608348436117,0.04390183725783425,0.45544393649968495,0.3822124539084368,0.525684804722853,0.8511737409581002,0.0037110446276756677,0.9054021042608591,0.0035951609715343578,1062.38,162.01,900.37,0.0,1.0
adult,logistic_regression,race,dpr_violation,0.040000000000000036,0.0,100,0.45661608348436117,0.04390183725783425,0.45544393649968495,0.3822124539084368,0.525684804722853,0.8511737409581002,0.0037110446276756677,0.9054021042608591,0.0035951609715343578,1062.38,162.01,900.37,0.0,1.0
adult,logistic_regression,race,dpr_violation,0.050000000000000044,0.0,100,0.45661608348436117,0.04390183725783425,0.45544393649968495,0.3822124539084368,0.525684804722853,0.8511737409581002,0.0037110446276756677,0.9054021042608591,0.0035951609715343578,1062.38,162.01,900.37,0.0,1.0
adult,logistic_regression,race,dpr_violation,0.06000000000000005,0.0,100,0.45661608348436117,0.04390183725783425,0.45544393649968495,0.3822124539084368,0.525684804722853,0.8511737409581002,0.0037110446276756677,0.9054021042608591,0.0035951609715343578,1062.38,162.01,900.37,0.0,1.0
adult,logistic_regression,race,dpr_violation,0.06999999999999995,0.0,100,0.45661608348436117,0.04390183725783425,0.45544393649968495,0.3822124539084368,0.525684804722853,0.8511737409581002,0.0037110446276756677,0.9054021042608591,0.0035951609715343578,1062.38,162.01,900.37,0.0,1.0
adult,logistic_regression,race,dpr_violation,0.07999999999999996,0.0,100,0.45661608348436117,0.04390183725783425,0.45544393649968495,0.3822124539084368,0.525684804722853,0.8511737409581002,0.0037110446276756677,0.9054021042608591,0.0035951609715343578,1062.38,162.01,900.37,0.0,1.0
adult,logistic_regression,race,dpr_violation,0.08999999999999997,0.0,100,0.45661608348436117,0.04390183725783425,0.45544393649968495,0.3822124539084368,0.525684804722853,0.8511737409581002,0.0037110446276756677,0.9054021042608591,0.0035951609715343578,1062.38,162.01,900.37,0.0,1.0
adult,logistic_regression,race,dpr_violation,0.09999999999999998,0.0,100,0.45661608348436117,0.04390183725783425,0.45544393649968495,0.3822124539084368,0.525684804722853,0.8511737409581002,0.0037110446276756677,0.9054021042608591,0.0035951609715343578,1062.38,162.01,900.37,0.0,1.0
adult,logistic_regression,race,dpr_violation,0.10999999999999999,0.0,100,0.45661608348436117,0.04390183725783425,0.45544393649968495,0.3822124539084368,0.525684804722853,0.8511737409581002,0.0037110446276756677,0.9054021042608591,0.0035951609715343578,1062.38,162.01,900.37,0.0,1.0
adult,logistic_regression,race,dpr_violation,0.12,0.0,100,0.45661608348436117,0.04390183725783425,0.45544393649968495,0.3822124539084368,0.525684804722853,0.8511737409581002,0.0037110446276756677,0.9054021042608591,0.0035951609715343578,1062.38,162.01,900.37,0.0,1.0
adult,logistic_regression,race,dpr_violation,0.13,0.0,100,0.45661608348436117,0.04390183725783425,0.45544393649968495,0.3822124539084368,0.525684804722853,0.8511737409581002,0.0037110446276756677,0.9054021042608591,0.0035951609715343578,1062.38,162.01,900.37,0.0,1.0
adult,logistic_regression,race,dpr_violation,0.14,0.0,100,0.45661608348436117,0.04390183725783425,0.45544393649968495,0.3822124539084368,0.525684804722853,0.8511737409581002,0.0037110446276756677,0.9054021042608591,0.0035951609715343578,1062.38,162.01,900.37,0.0,1.0
adult,logistic_regression,race,dpr_violation,0.15000000000000002,0.0,100,0.45661608348436117,0.04390183725783425,0.45544393649968495,0.3822124539084368,0.525684804722853,0.8511737409581002,0.0037110446276756677,0.9054021042608591,0.0035951609715343578,1062.38,162.01,900.37,0.0,1.0
adult,logistic_regression,race,dpr_violation,0.16000000000000003,0.0,100,0.45661608348436117,0.04390183725783425,0.45544393649968495,0.3822124539084368,0.525684804722853,0.8511737409581002,0.0037110446276756677,0.9054021042608591,0.0035951609715343578,1062.38,162.01,900.37,0.0,1.0
adult,logistic_regression,race,dpr_violation,0.17000000000000004,0.0,100,0.45661608348436117,0.04390183725783425,0.45544393649968495,0.3822124539084368,0.525684804722853,0.8511737409581002,0.0037110446276756677,0.9054021042608591,0.0035951609715343578,1062.38,162.01,900.37,0.0,1.0
adult,logistic_regression,race,dpr_violation,0.18000000000000005,0.0,100,0.45661608348436117,0.04390183725783425,0.45544393649968495,0.3822124539084368,0.525684804722853,0.8511737409581002,0.0037110446276756677,0.9054021042608591,0.0035951609715343578,1062.38,162.01,900.37,0.0,1.0
adult,logistic_regression,race,dpr_violation,0.18999999999999995,0.0,100,0.45661608348436117,0.04390183725783425,0.45544393649968495,0.3822124539084368,0.525684804722853,0.8511737409581002,0.0037110446276756677,0.9054021042608591,0.0035951609715343578,1062.38,162.01,900.37,0.0,1.0
adult,logistic_regression,race,dpr_violation,0.19999999999999996,0.0,100,0.45661608348436117,0.04390183725783425,0.45544393649968495,0.3822124539084368,0.525684804722853,0.8511737409581002,0.0037110446276756677,0.9054021042608591,0.0035951609715343578,1062.38,162.01,900.37,0.0,1.0
adult,logistic_regression,race,dpr_violation,0.20999999999999996,0.0,100,0.45661608348436117,0.04390183725783425,0.45544393649968495,0.3822124539084368,0.525684804722853,0.8511737409581002,0.0037110446276756677,0.9054021042608591,0.0035951609715343578,1062.38,162.01,900.37,0.0,1.0
adult,logistic_regression,race,dpr_violation,0.21999999999999997,0.0,100,0.45661608348436117,0.04390183725783425,0.45544393649968495,0.3822124539084368,0.525684804722853,0.8511737409581002,0.0037110446276756677,0.9054021042608591,0.0035951609715343578,1062.38,162.01,900.37,0.0,1.0
adult,logistic_regression,race,dpr_violation,0.22999999999999998,0.0,100,0.45661608348436117,0.04390183725783425,0.45544393649968495,0.3822124539084368,0.525684804722853,0.8511737409581002,0.0037110446276756677,0.9054021042608591,0.0035951609715343578,1062.38,162.01,900.37,0.0,1.0
adult,logistic_regression,race,dpr_violation,0.24,0.0,100,0.45661608348436117,0.04390183725783425,0.45544393649968495,0.3822124539084368,0.525684804722853,0.8511737409581002,0.0037110446276756677,0.9054021042608591,0.0035951609715343578,1062.38,162.01,900.37,0.0,1.0
adult,logistic_regression,race,dpr_violation,0.25,0.0,100,0.45661608348436117,0.04390183725783425,0.45544393649968495,0.3822124539084368,0.525684804722853,0.8511737409581002,0.0037110446276756677,0.9054021042608591,0.0035951609715343578,1062.38,162.01,900.37,0.0,1.0
adult,logistic_regression,race,dpr_violation,0.26,0.0,100,0.45661608348436117,0.04390183725783425,0.45544393649968495,0.3822124539084368,0.525684804722853,0.8511737409581002,0.0037110446276756677,0.9054021042608591,0.0035951609715343578,1062.38,162.01,900.37,0.0,1.0
adult,logistic_regression,race,dpr_violation,0.27,0.0,100,0.45661608348436117,0.04390183725783425,0.45544393649968495,0.3822124539084368,0.525684804722853,0.8511737409581002,0.0037110446276756677,0.9054021042608591,0.0035951609715343578,1062.38,162.01,900.37,0.0,1.0
adult,logistic_regression,race,dpr_violation,0.28,0.0,100,0.45661608348436117,0.04390183725783425,0.45544393649968495,0.3822124539084368,0.525684804722853,0.8511737409581002,0.0037110446276756677,0.9054021042608591,0.0035951609715343578,1062.38,162.01,900.37,0.0,1.0
adult,logistic_regression,race,dpr_violation,0.29000000000000004,0.0,100,0.45661608348436117,0.04390183725783425,0.45544393649968495,0.3822124539084368,0.525684804722853,0.8511737409581002,0.0037110446276756677,0.9054021042608591,0.0035951609715343578,1062.38,162.01,900.37,0.0,1.0
adult,logistic_regression,race,dpr_violation,0.30000000000000004,0.0,100,0.45661608348436117,0.04390183725783425,0.45544393649968495,0.3822124539084368,0.525684804722853,0.8511737409581002,0.0037110446276756677,0.9054021042608591,0.0035951609715343578,1062.38,162.01,900.37,0.0,1.0
adult,logistic_regression,race,dpr_violation,0.31000000000000005,0.0,100,0.45661608348436117,0.04390183725783425,0.45544393649968495,0.3822124539084368,0.525684804722853,0.8511737409581002,0.0037110446276756677,0.9054021042608591,0.0035951609715343578,1062.38,162.01,900.37,0.0,1.0
adult,logistic_regression,race,dpr_violation,0.31999999999999995,0.01,100,0.45661608348436117,0.04390183725783425,0.45544393649968495,0.3822124539084368,0.525684804722853,0.8511737409581002,0.0037110446276756677,0.9054021042608591,0.0035951609715343578,1062.38,162.01,900.37,0.0198,0.9802
adult,logistic_regression,race,dpr_violation,0.32999999999999996,0.01,100,0.45661608348436117,0.04390183725783425,0.45544393649968495,0.3822124539084368,0.525684804722853,0.8511737409581002,0.0037110446276756677,0.9054021042608591,0.0035951609715343578,1062.38,162.01,900.37,0.0198,0.9802
adult,logistic_regression,race,dpr_violation,0.33999999999999997,0.01,100,0.45661608348436117,0.04390183725783425,0.45544393649968495,0.3822124539084368,0.525684804722853,0.8511737409581002,0.0037110446276756677,0.9054021042608591,0.0035951609715343578,1062.38,162.01,900.37,0.0198,0.9802
adult,logistic_regression,race,dpr_violation,0.35,0.01,100,0.45661608348436117,0.04390183725783425,0.45544393649968495,0.3822124539084368,0.525684804722853,0.8511737409581002,0.0037110446276756677,0.9054021042608591,0.0035951609715343578,1062.38,162.01,900.37,0.0198,0.9802
adult,logistic_regression,race,dpr_violation,0.36,0.01,100,0.45661608348436117,0.04390183725783425,0.45544393649968495,0.3822124539084368,0.525684804722853,0.8511737409581002,0.0037110446276756677,0.9054021042608591,0.0035951609715343578,1062.38,162.01,900.37,0.0198,0.9802
adult,logistic_regression,race,dpr_violation,0.37,0.02,100,0.45661608348436117,0.04390183725783425,0.45544393649968495,0.3822124539084368,0.525684804722853,0.8511737409581002,0.0037110446276756677,0.9054021042608591,0.0035951609715343578,1062.38,162.01,900.37,0.0392,0.9608
adult,logistic_regression,race,dpr_violation,0.38,0.05,100,0.45661608348436117,0.04390183725783425,0.45544393649968495,0.3822124539084368,0.525684804722853,0.8511737409581002,0.0037110446276756677,0.9054021042608591,0.0035951609715343578,1062.38,162.01,900.37,0.095,0.905
adult,logistic_regression,race,dpr_violation,0.39,0.09,100,0.45661608348436117,0.04390183725783425,0.45544393649968495,0.3822124539084368,0.525684804722853,0.8511737409581002,0.0037110446276756677,0.9054021042608591,0.0035951609715343578,1062.38,162.01,900.37,0.1638,0.8362
adult,logistic_regression,race,dpr_violation,0.4,0.13,100,0.45661608348436117,0.04390183725783425,0.45544393649968495,0.3822124539084368,0.525684804722853,0.8511737409581002,0.0037110446276756677,0.9054021042608591,0.0035951609715343578,1062.38,162.01,900.37,0.2262,0.7738
adult,logistic_regression,race,eod_violation,0.0,0.0,100,0.07174586302033008,0.034287175546517876,0.07351336005963449,0.01270228334847179,0.12002406812550656,0.8511737409581002,0.0037110446276756677,0.9054021042608591,0.0035951609715343578,1062.38,162.01,900.37,0.0,1.0
adult,logistic_regression,race,eod_violation,0.01,0.04,100,0.07174586302033008,0.034287175546517876,0.07351336005963449,0.01270228334847179,0.12002406812550656,0.8511737409581002,0.0037110446276756677,0.9054021042608591,0.0035951609715343578,1062.38,162.01,900.37,0.0768,0.9232
adult,logistic_regression,race,eod_violation,0.02,0.09,100,0.07174586302033008,0.034287175546517876,0.07351336005963449,0.01270228334847179,0.12002406812550656,0.8511737409581002,0.0037110446276756677,0.9054021042608591,0.0035951609715343578,1062.38,162.01,900.37,0.1638,0.8362
adult,logistic_regression,race,eod_violation,0.03,0.14,100,0.07174586302033008,0.034287175546517876,0.07351336005963449,0.01270228334847179,0.12002406812550656,0.8511737409581002,0.0037110446276756677,0.9054021042608591,0.0035951609715343578,1062.38,162.01,900.37,0.24080000000000001,0.7592
adult,logistic_regression,race,eod_violation,0.04,0.17,100,0.07174586302033008,0.034287175546517876,0.07351336005963449,0.01270228334847179,0.12002406812550656,0.8511737409581002,0.0037110446276756677,0.9054021042608591,0.0035951609715343578,1062.38,162.01,900.37,0.2822,0.7178
adult,logistic_regression,race,eod_violation,0.05,0.25,100,0.07174586302033008,0.034287175546517876,0.07351336005963449,0.01270228334847179,0.12002406812550656,0.8511737409581002,0.0037110446276756677,0.9054021042608591,0.0035951609715343578,1062.38,162.01,900.37,0.375,0.625
adult,logistic_regression,race,eod_violation,0.06,0.37,100,0.07174586302033008,0.034287175546517876,0.07351336005963449,0.01270228334847179,0.12002406812550656,0.8511737409581002,0.0037110446276756677,0.9054021042608591,0.0035951609715343578,1062.38,162.01,900.37,0.4662,0.5338
adult,logistic_regression,race,eod_violation,0.07,0.46,100,0.07174586302033008,0.034287175546517876,0.07351336005963449,0.01270228334847179,0.12002406812550656,0.8511737409581002,0.0037110446276756677,0.9054021042608591,0.0035951609715343578,1062.38,162.01,900.37,0.4968000000000001,0.5031999999999999
adult,logistic_regression,race,eod_violation,0.08,0.56,100,0.07174586302033008,0.034287175546517876,0.07351336005963449,0.01270228334847179,0.12002406812550656,0.8511737409581002,0.0037110446276756677,0.9054021042608591,0.0035951609715343578,1062.38,162.01,900.37,0.49279999999999996,0.5072000000000001
adult,logistic_regression,race,eod_violation,0.09,0.67,100,0.07174586302033008,0.034287175546517876,0.07351336005963449,0.01270228334847179,0.12002406812550656,0.8511737409581002,0.0037110446276756677,0.9054021042608591,0.0035951609715343578,1062.38,162.01,900.37,0.4422,0.5578000000000001
adult,logistic_regression,race,eod_violation,0.1,0.81,100,0.07174586302033008,0.034287175546517876,0.07351336005963449,0.01270228334847179,0.12002406812550656,0.8511737409581002,0.0037110446276756677,0.9054021042608591,0.0035951609715343578,1062.38,162.01,900.37,0.3077999999999999,0.6922000000000001
adult,logistic_regression,race,eod_violation,0.11,0.87,100,0.07174586302033008,0.034287175546517876,0.07351336005963449,0.01270228334847179,0.12002406812550656,0.8511737409581002,0.0037110446276756677,0.9054021042608591,0.0035951609715343578,1062.38,162.01,900.37,0.2262,0.7738
adult,logistic_regression,race,eod_violation,0.12,0.95,100,0.07174586302033008,0.034287175546517876,0.07351336005963449,0.01270228334847179,0.12002406812550656,0.8511737409581002,0.0037110446276756677,0.9054021042608591,0.0035951609715343578,1062.38,162.01,900.37,0.09500000000000008,0.9049999999999999
adult,logistic_regression,race,eod_violation,0.13,0.96,100,0.07174586302033008,0.034287175546517876,0.07351336005963449,0.01270228334847179,0.12002406812550656,0.8511737409581002,0.0037110446276756677,0.9054021042608591,0.0035951609715343578,1062.38,162.01,900.37,0.07680000000000006,0.9231999999999999
adult,logistic_regression,race,eod_violation,0.14,0.98,100,0.07174586302033008,0.034287175546517876,0.07351336005963449,0.01270228334847179,0.12002406812550656,0.8511737409581002,0.0037110446276756677,0.9054021042608591,0.0035951609715343578,1062.38,162.01,900.37,0.03920000000000003,0.9608
adult,logistic_regression,race,eod_violation,0.15,0.99,100,0.07174586302033008,0.034287175546517876,0.07351336005963449,0.01270228334847179,0.12002406812550656,0.8511737409581002,0.0037110446276756677,0.9054021042608591,0.0035951609715343578,1062.38,162.01,900.37,0.01980000000000002,0.9802
adult,logistic_regression,race,eod_violation,0.16,0.99,100,0.07174586302033008,0.034287175546517876,0.07351336005963449,0.01270228334847179,0.12002406812550656,0.8511737409581002,0.0037110446276756677,0.9054021042608591,0.0035951609715343578,1062.38,162.01,900.37,0.01980000000000002,0.9802
adult,logistic_regression,race,eod_violation,0.17,1.0,100,0.07174586302033008,0.034287175546517876,0.07351336005963449,0.01270228334847179,0.12002406812550656,0.8511737409581002,0.0037110446276756677,0.9054021042608591,0.0035951609715343578,1062.38,162.01,900.37,0.0,1.0
adult,logistic_regression,race,eod_violation,0.18,1.0,100,0.07174586302033008,0.034287175546517876,0.07351336005963449,0.01270228334847179,0.12002406812550656,0.8511737409581002,0.0037110446276756677,0.9054021042608591,0.0035951609715343578,1062.38,162.01,900.37,0.0,1.0
adult,logistic_regression,race,eod_violation,0.19,1.0,100,0.07174586302033008,0.034287175546517876,0.07351336005963449,0.01270228334847179,0.12002406812550656,0.8511737409581002,0.0037110446276756677,0.9054021042608591,0.0035951609715343578,1062.38,162.01,900.37,0.0,1.0
adult,logistic_regression,race,eod_violation,0.2,1.0,100,0.07174586302033008,0.034287175546517876,0.07351336005963449,0.01270228334847179,0.12002406812550656,0.8511737409581002,0.0037110446276756677,0.9054021042608591,0.0035951609715343578,1062.38,162.01,900.37,0.0,1.0
adult,logistic_regression,race,eod_violation,0.21,1.0,100,0.07174586302033008,0.034287175546517876,0.07351336005963449,0.01270228334847179,0.12002406812550656,0.8511737409581002,0.0037110446276756677,0.9054021042608591,0.0035951609715343578,1062.38,162.01,900.37,0.0,1.0
adult,logistic_regression,race,eod_violation,0.22,1.0,100,0.07174586302033008,0.034287175546517876,0.07351336005963449,0.01270228334847179,0.12002406812550656,0.8511737409581002,0.0037110446276756677,0.9054021042608591,0.0035951609715343578,1062.38,162.01,900.37,0.0,1.0
adult,logistic_regression,race,eod_violation,0.23,1.0,100,0.07174586302033008,0.034287175546517876,0.07351336005963449,0.01270228334847179,0.12002406812550656,0.8511737409581002,0.0037110446276756677,0.9054021042608591,0.0035951609715343578,1062.38,162.01,900.37,0.0,1.0
adult,logistic_regression,race,eod_violation,0.24,1.0,100,0.07174586302033008,0.034287175546517876,0.07351336005963449,0.01270228334847179,0.12002406812550656,0.8511737409581002,0.0037110446276756677,0.9054021042608591,0.0035951609715343578,1062.38,162.01,900.37,0.0,1.0
adult,logistic_regression,race,eod_violation,0.25,1.0,100,0.07174586302033008,0.034287175546517876,0.07351336005963449,0.01270228334847179,0.12002406812550656,0.8511737409581002,0.0037110446276756677,0.9054021042608591,0.0035951609715343578,1062.38,162.01,900.37,0.0,1.0
adult,logistic_regression,race,eod_violation,0.26,1.0,100,0.07174586302033008,0.034287175546517876,0.07351336005963449,0.01270228334847179,0.12002406812550656,0.8511737409581002,0.0037110446276756677,0.9054021042608591,0.0035951609715343578,1062.38,162.01,900.37,0.0,1.0
adult,logistic_regression,race,eod_violation,0.27,1.0,100,0.07174586302033008,0.034287175546517876,0.07351336005963449,0.01270228334847179,0.12002406812550656,0.8511737409581002,0.0037110446276756677,0.9054021042608591,0.0035951609715343578,1062.38,162.01,900.37,0.0,1.0
adult,logistic_regression,race,eod_violation,0.28,1.0,100,0.07174586302033008,0.034287175546517876,0.07351336005963449,0.01270228334847179,0.12002406812550656,0.8511737409581002,0.0037110446276756677,0.9054021042608591,0.0035951609715343578,1062.38,162.01,900.37,0.0,1.0
adult,logistic_regression,race,eod_violation,0.29,1.0,100,0.07174586302033008,0.034287175546517876,0.07351336005963449,0.01270228334847179,0.12002406812550656,0.8511737409581002,0.0037110446276756677,0.9054021042608591,0.0035951609715343578,1062.38,162.01,900.37,0.0,1.0
adult,logistic_regression,race,eod_violation,0.3,1.0,100,0.07174586302033008,0.034287175546517876,0.07351336005963449,0.01270228334847179,0.12002406812550656,0.8511737409581002,0.0037110446276756677,0.9054021042608591,0.0035951609715343578,1062.38,162.01,900.37,0.0,1.0
adult,logistic_regression,race,equalized_odds_violation,0.0,0.0,100,0.07472616675213925,0.02965189217927175,0.07351336005963449,0.034321172022654466,0.12002406812550656,0.8511737409581002,0.0037110446276756677,0.9054021042608591,0.0035951609715343578,1062.38,162.01,900.37,0.0,1.0
adult,logistic_regression,race,equalized_odds_violation,0.01,0.0,100,0.07472616675213925,0.02965189217927175,0.07351336005963449,0.034321172022654466,0.12002406812550656,0.8511737409581002,0.0037110446276756677,0.9054021042608591,0.0035951609715343578,1062.38,162.01,900.37,0.0,1.0
adult,logistic_regression,race,equalized_odds_violation,0.02,0.0,100,0.07472616675213925,0.02965189217927175,0.07351336005963449,0.034321172022654466,0.12002406812550656,0.8511737409581002,0.0037110446276756677,0.9054021042608591,0.0035951609715343578,1062.38,162.01,900.37,0.0,1.0
adult,logistic_regression,race,equalized_odds_violation,0.03,0.01,100,0.07472616675213925,0.02965189217927175,0.07351336005963449,0.034321172022654466,0.12002406812550656,0.8511737409581002,0.0037110446276756677,0.9054021042608591,0.0035951609715343578,1062.38,162.01,900.37,0.0198,0.9802
adult,logistic_regression,race,equalized_odds_violation,0.04,0.16,100,0.07472616675213925,0.02965189217927175,0.07351336005963449,0.034321172022654466,0.12002406812550656,0.8511737409581002,0.0037110446276756677,0.9054021042608591,0.0035951609715343578,1062.38,162.01,900.37,0.2688,0.7312000000000001
adult,logistic_regression,race,equalized_odds_violation,0.05,0.25,100,0.07472616675213925,0.02965189217927175,0.07351336005963449,0.034321172022654466,0.12002406812550656,0.8511737409581002,0.0037110446276756677,0.9054021042608591,0.0035951609715343578,1062.38,162.01,900.37,0.375,0.625
adult,logistic_regression,race,equalized_odds_violation,0.06,0.37,100,0.07472616675213925,0.02965189217927175,0.07351336005963449,0.034321172022654466,0.12002406812550656,0.8511737409581002,0.0037110446276756677,0.9054021042608591,0.0035951609715343578,1062.38,162.01,900.37,0.4662,0.5338
adult,logistic_regression,race,equalized_odds_violation,0.07,0.46,100,0.07472616675213925,0.02965189217927175,0.07351336005963449,0.034321172022654466,0.12002406812550656,0.8511737409581002,0.0037110446276756677,0.9054021042608591,0.0035951609715343578,1062.38,162.01,900.37,0.4968000000000001,0.5031999999999999
adult,logistic_regression,race,equalized_odds_violation,0.08,0.56,100,0.07472616675213925,0.02965189217927175,0.07351336005963449,0.034321172022654466,0.12002406812550656,0.8511737409581002,0.0037110446276756677,0.9054021042608591,0.0035951609715343578,1062.38,162.01,900.37,0.49279999999999996,0.5072000000000001
adult,logistic_regression,race,equalized_odds_violation,0.09,0.67,100,0.07472616675213925,0.02965189217927175,0.07351336005963449,0.034321172022654466,0.12002406812550656,0.8511737409581002,0.0037110446276756677,0.9054021042608591,0.0035951609715343578,1062.38,162.01,900.37,0.4422,0.5578000000000001
adult,logistic_regression,race,equalized_odds_violation,0.1,0.81,100,0.07472616675213925,0.02965189217927175,0.07351336005963449,0.034321172022654466,0.12002406812550656,0.8511737409581002,0.0037110446276756677,0.9054021042608591,0.0035951609715343578,1062.38,162.01,900.37,0.3077999999999999,0.6922000000000001
adult,logistic_regression,race,equalized_odds_violation,0.11,0.87,100,0.07472616675213925,0.02965189217927175,0.07351336005963449,0.034321172022654466,0.12002406812550656,0.8511737409581002,0.0037110446276756677,0.9054021042608591,0.0035951609715343578,1062.38,162.01,900.37,0.2262,0.7738
adult,logistic_regression,race,equalized_odds_violation,0.12,0.95,100,0.07472616675213925,0.02965189217927175,0.07351336005963449,0.034321172022654466,0.12002406812550656,0.8511737409581002,0.0037110446276756677,0.9054021042608591,0.0035951609715343578,1062.38,162.01,900.37,0.09500000000000008,0.9049999999999999
adult,logistic_regression,race,equalized_odds_violation,0.13,0.96,100,0.07472616675213925,0.02965189217927175,0.07351336005963449,0.034321172022654466,0.12002406812550656,0.8511737409581002,0.0037110446276756677,0.9054021042608591,0.0035951609715343578,1062.38,162.01,900.37,0.07680000000000006,0.9231999999999999
adult,logistic_regression,race,equalized_odds_violation,0.14,0.98,100,0.07472616675213925,0.02965189217927175,0.07351336005963449,0.034321172022654466,0.12002406812550656,0.8511737409581002,0.0037110446276756677,0.9054021042608591,0.0035951609715343578,1062.38,162.01,900.37,0.03920000000000003,0.9608
adult,logistic_regression,race,equalized_odds_violation,0.15,0.99,100,0.07472616675213925,0.02965189217927175,0.07351336005963449,0.034321172022654466,0.12002406812550656,0.8511737409581002,0.0037110446276756677,0.9054021042608591,0.0035951609715343578,1062.38,162.01,900.37,0.01980000000000002,0.9802
adult,logistic_regression,race,equalized_odds_violation,0.16,0.99,100,0.07472616675213925,0.02965189217927175,0.07351336005963449,0.034321172022654466,0.12002406812550656,0.8511737409581002,0.0037110446276756677,0.9054021042608591,0.0035951609715343578,1062.38,162.01,900.37,0.01980000000000002,0.9802
adult,logistic_regression,race,equalized_odds_violation,0.17,1.0,100,0.07472616675213925,0.02965189217927175,0.07351336005963449,0.034321172022654466,0.12002406812550656,0.8511737409581002,0.0037110446276756677,0.9054021042608591,0.0035951609715343578,1062.38,162.01,900.37,0.0,1.0
adult,logistic_regression,race,equalized_odds_violation,0.18,1.0,100,0.07472616675213925,0.02965189217927175,0.07351336005963449,0.034321172022654466,0.12002406812550656,0.8511737409581002,0.0037110446276756677,0.9054021042608591,0.0035951609715343578,1062.38,162.01,900.37,0.0,1.0
adult,logistic_regression,race,equalized_odds_violation,0.19,1.0,100,0.07472616675213925,0.02965189217927175,0.07351336005963449,0.034321172022654466,0.12002406812550656,0.8511737409581002,0.0037110446276756677,0.9054021042608591,0.0035951609715343578,1062.38,162.01,900.37,0.0,1.0
adult,logistic_regression,race,equalized_odds_violation,0.2,1.0,100,0.07472616675213925,0.02965189217927175,0.07351336005963449,0.034321172022654466,0.12002406812550656,0.8511737409581002,0.0037110446276756677,0.9054021042608591,0.0035951609715343578,1062.38,162.01,900.37,0.0,1.0
adult,logistic_regression,race,equalized_odds_violation,0.21,1.0,100,0.07472616675213925,0.02965189217927175,0.07351336005963449,0.034321172022654466,0.12002406812550656,0.8511737409581002,0.0037110446276756677,0.9054021042608591,0.0035951609715343578,1062.38,162.01,900.37,0.0,1.0
adult,logistic_regression,race,equalized_odds_violation,0.22,1.0,100,0.07472616675213925,0.02965189217927175,0.07351336005963449,0.034321172022654466,0.12002406812550656,0.8511737409581002,0.0037110446276756677,0.9054021042608591,0.0035951609715343578,1062.38,162.01,900.37,0.0,1.0
adult,logistic_regression,race,equalized_odds_violation,0.23,1.0,100,0.07472616675213925,0.02965189217927175,0.07351336005963449,0.034321172022654466,0.12002406812550656,0.8511737409581002,0.0037110446276756677,0.9054021042608591,0.0035951609715343578,1062.38,162.01,900.37,0.0,1.0
adult,logistic_regression,race,equalized_odds_violation,0.24,1.0,100,0.07472616675213925,0.02965189217927175,0.07351336005963449,0.034321172022654466,0.12002406812550656,0.8511737409581002,0.0037110446276756677,0.9054021042608591,0.0035951609715343578,1062.38,162.01,900.37,0.0,1.0
adult,logistic_regression,race,equalized_odds_violation,0.25,1.0,100,0.07472616675213925,0.02965189217927175,0.07351336005963449,0.034321172022654466,0.12002406812550656,0.8511737409581002,0.0037110446276756677,0.9054021042608591,0.0035951609715343578,1062.38,162.01,900.37,0.0,1.0
adult,logistic_regression,race,equalized_odds_violation,0.26,1.0,100,0.07472616675213925,0.02965189217927175,0.07351336005963449,0.034321172022654466,0.12002406812550656,0.8511737409581002,0.0037110446276756677,0.9054021042608591,0.0035951609715343578,1062.38,162.01,900.37,0.0,1.0
adult,logistic_regression,race,equalized_odds_violation,0.27,1.0,100,0.07472616675213925,0.02965189217927175,0.07351336005963449,0.034321172022654466,0.12002406812550656,0.8511737409581002,0.0037110446276756677,0.9054021042608591,0.0035951609715343578,1062.38,162.01,900.37,0.0,1.0
adult,logistic_regression,race,equalized_odds_violation,0.28,1.0,100,0.07472616675213925,0.02965189217927175,0.07351336005963449,0.034321172022654466,0.12002406812550656,0.8511737409581002,0.0037110446276756677,0.9054021042608591,0.0035951609715343578,1062.38,162.01,900.37,0.0,1.0
adult,logistic_regression,race,equalized_odds_violation,0.29,1.0,100,0.07472616675213925,0.02965189217927175,0.07351336005963449,0.034321172022654466,0.12002406812550656,0.8511737409581002,0.0037110446276756677,0.9054021042608591,0.0035951609715343578,1062.38,162.01,900.37,0.0,1.0
adult,logistic_regression,race,equalized_odds_violation,0.3,1.0,100,0.07472616675213925,0.02965189217927175,0.07351336005963449,0.034321172022654466,0.12002406812550656,0.8511737409581002,0.0037110446276756677,0.9054021042608591,0.0035951609715343578,1062.38,162.01,900.37,0.0,1.0
adult,logistic_regression,sex,dpd_violation,0.0,0.0,100,0.18085392927130683,0.009068776896656892,0.18047160322258693,0.1660519263827648,0.19630698921858752,0.8511737409581002,0.0037110446276756677,0.9054021042608591,0.0035951609715343578,2429.11,265.05,2164.06,0.0,1.0
adult,logistic_regression,sex,dpd_violation,0.01,0.0,100,0.18085392927130683,0.009068776896656892,0.18047160322258693,0.1660519263827648,0.19630698921858752,0.8511737409581002,0.0037110446276756677,0.9054021042608591,0.0035951609715343578,2429.11,265.05,2164.06,0.0,1.0
adult,logistic_regression,sex,dpd_violation,0.02,0.0,100,0.18085392927130683,0.009068776896656892,0.18047160322258693,0.1660519263827648,0.19630698921858752,0.8511737409581002,0.0037110446276756677,0.9054021042608591,0.0035951609715343578,2429.11,265.05,2164.06,0.0,1.0
adult,logistic_regression,sex,dpd_violation,0.03,0.0,100,0.18085392927130683,0.009068776896656892,0.18047160322258693,0.1660519263827648,0.19630698921858752,0.8511737409581002,0.0037110446276756677,0.9054021042608591,0.0035951609715343578,2429.11,265.05,2164.06,0.0,1.0
adult,logistic_regression,sex,dpd_violation,0.04,0.0,100,0.18085392927130683,0.009068776896656892,0.18047160322258693,0.1660519263827648,0.19630698921858752,0.8511737409581002,0.0037110446276756677,0.9054021042608591,0.0035951609715343578,2429.11,265.05,2164.06,0.0,1.0
adult,logistic_regression,sex,dpd_violation,0.05,0.0,100,0.18085392927130683,0.009068776896656892,0.18047160322258693,0.1660519263827648,0.19630698921858752,0.8511737409581002,0.0037110446276756677,0.9054021042608591,0.0035951609715343578,2429.11,265.05,2164.06,0.0,1.0
adult,logistic_regression,sex,dpd_violation,0.06,0.0,100,0.18085392927130683,0.009068776896656892,0.18047160322258693,0.1660519263827648,0.19630698921858752,0.8511737409581002,0.0037110446276756677,0.9054021042608591,0.0035951609715343578,2429.11,265.05,2164.06,0.0,1.0
adult,logistic_regression,sex,dpd_violation,0.07,0.0,100,0.18085392927130683,0.009068776896656892,0.18047160322258693,0.1660519263827648,0.19630698921858752,0.8511737409581002,0.0037110446276756677,0.9054021042608591,0.0035951609715343578,2429.11,265.05,2164.06,0.0,1.0
adult,logistic_regression,sex,dpd_violation,0.08,0.0,100,0.18085392927130683,0.009068776896656892,0.18047160322258693,0.1660519263827648,0.19630698921858752,0.8511737409581002,0.0037110446276756677,0.9054021042608591,0.0035951609715343578,2429.11,265.05,2164.06,0.0,1.0
adult,logistic_regression,sex,dpd_violation,0.09,0.0,100,0.18085392927130683,0.009068776896656892,0.18047160322258693,0.1660519263827648,0.19630698921858752,0.8511737409581002,0.0037110446276756677,0.9054021042608591,0.0035951609715343578,2429.11,265.05,2164.06,0.0,1.0
adult,logistic_regression,sex,dpd_violation,0.1,0.0,100,0.18085392927130683,0.009068776896656892,0.18047160322258693,0.1660519263827648,0.19630698921858752,0.8511737409581002,0.0037110446276756677,0.9054021042608591,0.0035951609715343578,2429.11,265.05,2164.06,0.0,1.0
adult,logistic_regression,sex,dpd_violation,0.11,0.0,100,0.18085392927130683,0.009068776896656892,0.18047160322258693,0.1660519263827648,0.19630698921858752,0.8511737409581002,0.0037110446276756677,0.9054021042608591,0.0035951609715343578,2429.11,265.05,2164.06,0.0,1.0
adult,logistic_regression,sex,dpd_violation,0.12,0.0,100,0.18085392927130683,0.009068776896656892,0.18047160322258693,0.1660519263827648,0.19630698921858752,0.8511737409581002,0.0037110446276756677,0.9054021042608591,0.0035951609715343578,2429.11,265.05,2164.06,0.0,1.0
adult,logistic_regression,sex,dpd_violation,0.13,0.0,100,0.18085392927130683,0.009068776896656892,0.18047160322258693,0.1660519263827648,0.19630698921858752,0.8511737409581002,0.0037110446276756677,0.9054021042608591,0.0035951609715343578,2429.11,265.05,2164.06,0.0,1.0
adult,logistic_regression,sex,dpd_violation,0.14,0.0,100,0.18085392927130683,0.009068776896656892,0.18047160322258693,0.1660519263827648,0.19630698921858752,0.8511737409581002,0.0037110446276756677,0.9054021042608591,0.0035951609715343578,2429.11,265.05,2164.06,0.0,1.0
adult,logistic_regression,sex,dpd_violation,0.15,0.0,100,0.18085392927130683,0.009068776896656892,0.18047160322258693,0.1660519263827648,0.19630698921858752,0.8511737409581002,0.0037110446276756677,0.9054021042608591,0.0035951609715343578,2429.11,265.05,2164.06,0.0,1.0
adult,logistic_regression,sex,dpd_violation,0.16,0.02,100,0.18085392927130683,0.009068776896656892,0.18047160322258693,0.1660519263827648,0.19630698921858752,0.8511737409581002,0.0037110446276756677,0.9054021042608591,0.0035951609715343578,2429.11,265.05,2164.06,0.0392,0.9608
adult,logistic_regression,sex,dpd_violation,0.17,0.11,100,0.18085392927130683,0.009068776896656892,0.18047160322258693,0.1660519263827648,0.19630698921858752,0.8511737409581002,0.0037110446276756677,0.9054021042608591,0.0035951609715343578,2429.11,265.05,2164.06,0.1958,0.8042
adult,logistic_regression,sex,dpd_violation,0.18,0.47,100,0.18085392927130683,0.009068776896656892,0.18047160322258693,0.1660519263827648,0.19630698921858752,0.8511737409581002,0.0037110446276756677,0.9054021042608591,0.0035951609715343578,2429.11,265.05,2164.06,0.4982,0.5018
adult,logistic_regression,sex,dpd_violation,0.19,0.87,100,0.18085392927130683,0.009068776896656892,0.18047160322258693,0.1660519263827648,0.19630698921858752,0.8511737409581002,0.0037110446276756677,0.9054021042608591,0.0035951609715343578,2429.11,265.05,2164.06,0.2262,0.7738
adult,logistic_regression,sex,dpd_violation,0.2,0.99,100,0.18085392927130683,0.009068776896656892,0.18047160322258693,0.1660519263827648,0.19630698921858752,0.8511737409581002,0.0037110446276756677,0.9054021042608591,0.0035951609715343578,2429.11,265.05,2164.06,0.01980000000000002,0.9802
adult,logistic_regression,sex,dpd_violation,0.21,1.0,100,0.18085392927130683,0.009068776896656892,0.18047160322258693,0.1660519263827648,0.19630698921858752,0.8511737409581002,0.0037110446276756677,0.9054021042608591,0.0035951609715343578,2429.11,265.05,2164.06,0.0,1.0
adult,logistic_regression,sex,dpd_violation,0.22,1.0,100,0.18085392927130683,0.009068776896656892,0.18047160322258693,0.1660519263827648,0.19630698921858752,0.8511737409581002,0.0037110446276756677,0.9054021042608591,0.0035951609715343578,2429.11,265.05,2164.06,0.0,1.0
adult,logistic_regression,sex,dpd_violation,0.23,1.0,100,0.18085392927130683,0.009068776896656892,0.18047160322258693,0.1660519263827648,0.19630698921858752,0.8511737409581002,0.0037110446276756677,0.9054021042608591,0.0035951609715343578,2429.11,265.05,2164.06,0.0,1.0
adult,logistic_regression,sex,dpd_violation,0.24,1.0,100,0.18085392927130683,0.009068776896656892,0.18047160322258693,0.1660519263827648,0.19630698921858752,0.8511737409581002,0.0037110446276756677,0.9054021042608591,0.0035951609715343578,2429.11,265.05,2164.06,0.0,1.0
adult,logistic_regression,sex,dpd_violation,0.25,1.0,100,0.18085392927130683,0.009068776896656892,0.18047160322258693,0.1660519263827648,0.19630698921858752,0.8511737409581002,0.0037110446276756677,0.9054021042608591,0.0035951609715343578,2429.11,265.05,2164.06,0.0,1.0
adult,logistic_regression,sex,dpd_violation,0.26,1.0,100,0.18085392927130683,0.009068776896656892,0.18047160322258693,0.1660519263827648,0.19630698921858752,0.8511737409581002,0.0037110446276756677,0.9054021042608591,0.0035951609715343578,2429.11,265.05,2164.06,0.0,1.0
adult,logistic_regression,sex,dpd_violation,0.27,1.0,100,0.18085392927130683,0.009068776896656892,0.18047160322258693,0.1660519263827648,0.19630698921858752,0.8511737409581002,0.0037110446276756677,0.9054021042608591,0.0035951609715343578,2429.11,265.05,2164.06,0.0,1.0
adult,logistic_regression,sex,dpd_violation,0.28,1.0,100,0.18085392927130683,0.009068776896656892,0.18047160322258693,0.1660519263827648,0.19630698921858752,0.8511737409581002,0.0037110446276756677,0.9054021042608591,0.0035951609715343578,2429.11,265.05,2164.06,0.0,1.0
adult,logistic_regression,sex,dpd_violation,0.29,1.0,100,0.18085392927130683,0.009068776896656892,0.18047160322258693,0.1660519263827648,0.19630698921858752,0.8511737409581002,0.0037110446276756677,0.9054021042608591,0.0035951609715343578,2429.11,265.05,2164.06,0.0,1.0
adult,logistic_regression,sex,dpd_violation,0.3,1.0,100,0.18085392927130683,0.009068776896656892,0.18047160322258693,0.1660519263827648,0.19630698921858752,0.8511737409581002,0.0037110446276756677,0.9054021042608591,0.0035951609715343578,2429.11,265.05,2164.06,0.0,1.0
adult,logistic_regression,sex,dpr_violation,0.0,0.0,100,0.7104085591145517,0.02289907295922247,0.7120054987054871,0.6659307231628696,0.7439618881239385,0.8511737409581002,0.0037110446276756677,0.9054021042608591,0.0035951609715343578,2429.11,265.05,2164.06,0.0,1.0
adult,logistic_regression,sex,dpr_violation,0.010000000000000009,0.0,100,0.7104085591145517,0.02289907295922247,0.7120054987054871,0.6659307231628696,0.7439618881239385,0.8511737409581002,0.0037110446276756677,0.9054021042608591,0.0035951609715343578,2429.11,265.05,2164.06,0.0,1.0
adult,logistic_regression,sex,dpr_violation,0.020000000000000018,0.0,100,0.7104085591145517,0.02289907295922247,0.7120054987054871,0.6659307231628696,0.7439618881239385,0.8511737409581002,0.0037110446276756677,0.9054021042608591,0.0035951609715343578,2429.11,265.05,2164.06,0.0,1.0
adult,logistic_regression,sex,dpr_violation,0.030000000000000027,0.0,100,0.7104085591145517,0.02289907295922247,0.7120054987054871,0.6659307231628696,0.7439618881239385,0.8511737409581002,0.0037110446276756677,0.9054021042608591,0.0035951609715343578,2429.11,265.05,2164.06,0.0,1.0
adult,logistic_regression,sex,dpr_violation,0.040000000000000036,0.0,100,0.7104085591145517,0.02289907295922247,0.7120054987054871,0.6659307231628696,0.7439618881239385,0.8511737409581002,0.0037110446276756677,0.9054021042608591,0.0035951609715343578,2429.11,265.05,2164.06,0.0,1.0
adult,logistic_regression,sex,dpr_violation,0.050000000000000044,0.0,100,0.7104085591145517,0.02289907295922247,0.7120054987054871,0.6659307231628696,0.7439618881239385,0.8511737409581002,0.0037110446276756677,0.9054021042608591,0.0035951609715343578,2429.11,265.05,2164.06,0.0,1.0
adult,logistic_regression,sex,dpr_violation,0.06000000000000005,0.0,100,0.7104085591145517,0.02289907295922247,0.7120054987054871,0.6659307231628696,0.7439618881239385,0.8511737409581002,0.0037110446276756677,0.9054021042608591,0.0035951609715343578,2429.11,265.05,2164.06,0.0,1.0
adult,logistic_regression,sex,dpr_violation,0.06999999999999995,0.0,100,0.7104085591145517,0.02289907295922247,0.7120054987054871,0.6659307231628696,0.7439618881239385,0.8511737409581002,0.0037110446276756677,0.9054021042608591,0.0035951609715343578,2429.11,265.05,2164.06,0.0,1.0
adult,logistic_regression,sex,dpr_violation,0.07999999999999996,0.0,100,0.7104085591145517,0.02289907295922247,0.7120054987054871,0.6659307231628696,0.7439618881239385,0.8511737409581002,0.0037110446276756677,0.9054021042608591,0.0035951609715343578,2429.11,265.05,2164.06,0.0,1.0
adult,logistic_regression,sex,dpr_violation,0.08999999999999997,0.0,100,0.7104085591145517,0.02289907295922247,0.7120054987054871,0.6659307231628696,0.7439618881239385,0.8511737409581002,0.0037110446276756677,0.9054021042608591,0.0035951609715343578,2429.11,265.05,2164.06,0.0,1.0
adult,logistic_regression,sex,dpr_violation,0.09999999999999998,0.0,100,0.7104085591145517,0.02289907295922247,0.7120054987054871,0.6659307231628696,0.7439618881239385,0.8511737409581002,0.0037110446276756677,0.9054021042608591,0.0035951609715343578,2429.11,265.05,2164.06,0.0,1.0
adult,logistic_regression,sex,dpr_violation,0.10999999999999999,0.0,100,0.7104085591145517,0.02289907295922247,0.7120054987054871,0.6659307231628696,0.7439618881239385,0.8511737409581002,0.0037110446276756677,0.9054021042608591,0.0035951609715343578,2429.11,265.05,2164.06,0.0,1.0
adult,logistic_regression,sex,dpr_violation,0.12,0.0,100,0.7104085591145517,0.02289907295922247,0.7120054987054871,0.6659307231628696,0.7439618881239385,0.8511737409581002,0.0037110446276756677,0.9054021042608591,0.0035951609715343578,2429.11,265.05,2164.06,0.0,1.0
adult,logistic_regression,sex,dpr_violation,0.13,0.0,100,0.7104085591145517,0.02289907295922247,0.7120054987054871,0.6659307231628696,0.7439618881239385,0.8511737409581002,0.0037110446276756677,0.9054021042608591,0.0035951609715343578,2429.11,265.05,2164.06,0.0,1.0
adult,logistic_regression,sex,dpr_violation,0.14,0.0,100,0.7104085591145517,0.02289907295922247,0.7120054987054871,0.6659307231628696,0.7439618881239385,0.8511737409581002,0.0037110446276756677,0.9054021042608591,0.0035951609715343578,2429.11,265.05,2164.06,0.0,1.0
adult,logistic_regression,sex,dpr_violation,0.15000000000000002,0.0,100,0.7104085591145517,0.02289907295922247,0.7120054987054871,0.6659307231628696,0.7439618881239385,0.8511737409581002,0.0037110446276756677,0.9054021042608591,0.0035951609715343578,2429.11,265.05,2164.06,0.0,1.0
adult,logistic_regression,sex,dpr_violation,0.16000000000000003,0.0,100,0.7104085591145517,0.02289907295922247,0.7120054987054871,0.6659307231628696,0.7439618881239385,0.8511737409581002,0.0037110446276756677,0.9054021042608591,0.0035951609715343578,2429.11,265.05,2164.06,0.0,1.0
adult,logistic_regression,sex,dpr_violation,0.17000000000000004,0.0,100,0.7104085591145517,0.02289907295922247,0.7120054987054871,0.6659307231628696,0.7439618881239385,0.8511737409581002,0.0037110446276756677,0.9054021042608591,0.0035951609715343578,2429.11,265.05,2164.06,0.0,1.0
adult,logistic_regression,sex,dpr_violation,0.18000000000000005,0.0,100,0.7104085591145517,0.02289907295922247,0.7120054987054871,0.6659307231628696,0.7439618881239385,0.8511737409581002,0.0037110446276756677,0.9054021042608591,0.0035951609715343578,2429.11,265.05,2164.06,0.0,1.0
adult,logistic_regression,sex,dpr_violation,0.18999999999999995,0.0,100,0.7104085591145517,0.02289907295922247,0.7120054987054871,0.6659307231628696,0.7439618881239385,0.8511737409581002,0.0037110446276756677,0.9054021042608591,0.0035951609715343578,2429.11,265.05,2164.06,0.0,1.0
adult,logistic_regression,sex,dpr_violation,0.19999999999999996,0.0,100,0.7104085591145517,0.02289907295922247,0.7120054987054871,0.6659307231628696,0.7439618881239385,0.8511737409581002,0.0037110446276756677,0.9054021042608591,0.0035951609715343578,2429.11,265.05,2164.06,0.0,1.0
adult,logistic_regression,sex,dpr_violation,0.20999999999999996,0.0,100,0.7104085591145517,0.02289907295922247,0.7120054987054871,0.6659307231628696,0.7439618881239385,0.8511737409581002,0.0037110446276756677,0.9054021042608591,0.0035951609715343578,2429.11,265.05,2164.06,0.0,1.0
adult,logistic_regression,sex,dpr_violation,0.21999999999999997,0.0,100,0.7104085591145517,0.02289907295922247,0.7120054987054871,0.6659307231628696,0.7439618881239385,0.8511737409581002,0.0037110446276756677,0.9054021042608591,0.0035951609715343578,2429.11,265.05,2164.06,0.0,1.0
adult,logistic_regression,sex,dpr_violation,0.22999999999999998,0.0,100,0.7104085591145517,0.02289907295922247,0.7120054987054871,0.6659307231628696,0.7439618881239385,0.8511737409581002,0.0037110446276756677,0.9054021042608591,0.0035951609715343578,2429.11,265.05,2164.06,0.0,1.0
adult,logistic_regression,sex,dpr_violation,0.24,0.0,100,0.7104085591145517,0.02289907295922247,0.7120054987054871,0.6659307231628696,0.7439618881239385,0.8511737409581002,0.0037110446276756677,0.9054021042608591,0.0035951609715343578,2429.11,265.05,2164.06,0.0,1.0
adult,logistic_regression,sex,dpr_violation,0.25,0.0,100,0.7104085591145517,0.02289907295922247,0.7120054987054871,0.6659307231628696,0.7439618881239385,0.8511737409581002,0.0037110446276756677,0.9054021042608591,0.0035951609715343578,2429.11,265.05,2164.06,0.0,1.0
adult,logistic_regression,sex,dpr_violation,0.26,0.0,100,0.7104085591145517,0.02289907295922247,0.7120054987054871,0.6659307231628696,0.7439618881239385,0.8511737409581002,0.0037110446276756677,0.9054021042608591,0.0035951609715343578,2429.11,265.05,2164.06,0.0,1.0
adult,logistic_regression,sex,dpr_violation,0.27,0.0,100,0.7104085591145517,0.02289907295922247,0.7120054987054871,0.6659307231628696,0.7439618881239385,0.8511737409581002,0.0037110446276756677,0.9054021042608591,0.0035951609715343578,2429.11,265.05,2164.06,0.0,1.0
adult,logistic_regression,sex,dpr_violation,0.28,0.0,100,0.7104085591145517,0.02289907295922247,0.7120054987054871,0.6659307231628696,0.7439618881239385,0.8511737409581002,0.0037110446276756677,0.9054021042608591,0.0035951609715343578,2429.11,265.05,2164.06,0.0,1.0
adult,logistic_regression,sex,dpr_violation,0.29000000000000004,0.0,100,0.7104085591145517,0.02289907295922247,0.7120054987054871,0.6659307231628696,0.7439618881239385,0.8511737409581002,0.0037110446276756677,0.9054021042608591,0.0035951609715343578,2429.11,265.05,2164.06,0.0,1.0
adult,logistic_regression,sex,dpr_violation,0.30000000000000004,0.0,100,0.7104085591145517,0.02289907295922247,0.7120054987054871,0.6659307231628696,0.7439618881239385,0.8511737409581002,0.0037110446276756677,0.9054021042608591,0.0035951609715343578,2429.11,265.05,2164.06,0.0,1.0
adult,logistic_regression,sex,dpr_violation,0.31000000000000005,0.0,100,0.7104085591145517,0.02289907295922247,0.7120054987054871,0.6659307231628696,0.7439618881239385,0.8511737409581002,0.0037110446276756677,0.9054021042608591,0.0035951609715343578,2429.11,265.05,2164.06,0.0,1.0
adult,logistic_regression,sex,dpr_violation,0.31999999999999995,0.0,100,0.7104085591145517,0.02289907295922247,0.7120054987054871,0.6659307231628696,0.7439618881239385,0.8511737409581002,0.0037110446276756677,0.9054021042608591,0.0035951609715343578,2429.11,265.05,2164.06,0.0,1.0
adult,logistic_regression,sex,dpr_violation,0.32999999999999996,0.0,100,0.7104085591145517,0.02289907295922247,0.7120054987054871,0.6659307231628696,0.7439618881239385,0.8511737409581002,0.0037110446276756677,0.9054021042608591,0.0035951609715343578,2429.11,265.05,2164.06,0.0,1.0
adult,logistic_regression,sex,dpr_violation,0.33999999999999997,0.0,100,0.7104085591145517,0.02289907295922247,0.7120054987054871,0.6659307231628696,0.7439618881239385,0.8511737409581002,0.0037110446276756677,0.9054021042608591,0.0035951609715343578,2429.11,265.05,2164.06,0.0,1.0
adult,logistic_regression,sex,dpr_violation,0.35,0.0,100,0.7104085591145517,0.02289907295922247,0.7120054987054871,0.6659307231628696,0.7439618881239385,0.8511737409581002,0.0037110446276756677,0.9054021042608591,0.0035951609715343578,2429.11,265.05,2164.06,0.0,1.0
adult,logistic_regression,sex,dpr_violation,0.36,0.0,100,0.7104085591145517,0.02289907295922247,0.7120054987054871,0.6659307231628696,0.7439618881239385,0.8511737409581002,0.0037110446276756677,0.9054021042608591,0.0035951609715343578,2429.11,265.05,2164.06,0.0,1.0
adult,logistic_regression,sex,dpr_violation,0.37,0.0,100,0.7104085591145517,0.02289907295922247,0.7120054987054871,0.6659307231628696,0.7439618881239385,0.8511737409581002,0.0037110446276756677,0.9054021042608591,0.0035951609715343578,2429.11,265.05,2164.06,0.0,1.0
adult,logistic_regression,sex,dpr_violation,0.38,0.0,100,0.7104085591145517,0.02289907295922247,0.7120054987054871,0.6659307231628696,0.7439618881239385,0.8511737409581002,0.0037110446276756677,0.9054021042608591,0.0035951609715343578,2429.11,265.05,2164.06,0.0,1.0
adult,logistic_regression,sex,dpr_violation,0.39,0.0,100,0.7104085591145517,0.02289907295922247,0.7120054987054871,0.6659307231628696,0.7439618881239385,0.8511737409581002,0.0037110446276756677,0.9054021042608591,0.0035951609715343578,2429.11,265.05,2164.06,0.0,1.0
adult,logistic_regression,sex,dpr_violation,0.4,0.0,100,0.7104085591145517,0.02289907295922247,0.7120054987054871,0.6659307231628696,0.7439618881239385,0.8511737409581002,0.0037110446276756677,0.9054021042608591,0.0035951609715343578,2429.11,265.05,2164.06,0.0,1.0
adult,logistic_regression,sex,eod_violation,0.0,0.0,100,0.11106899288882008,0.034791611891199656,0.11484241963523814,0.054891861219425145,0.1638451470728071,0.8511737409581002,0.0037110446276756677,0.9054021042608591,0.0035951609715343578,2429.11,265.05,2164.06,0.0,1.0
adult,logistic_regression,sex,eod_violation,0.01,0.0,100,0.11106899288882008,0.034791611891199656,0.11484241963523814,0.054891861219425145,0.1638451470728071,0.8511737409581002,0.0037110446276756677,0.9054021042608591,0.0035951609715343578,2429.11,265.05,2164.06,0.0,1.0
adult,logistic_regression,sex,eod_violation,0.02,0.0,100,0.11106899288882008,0.034791611891199656,0.11484241963523814,0.054891861219425145,0.1638451470728071,0.8511737409581002,0.0037110446276756677,0.9054021042608591,0.0035951609715343578,2429.11,265.05,2164.06,0.0,1.0
adult,logistic_regression,sex,eod_violation,0.03,0.01,100,0.11106899288882008,0.034791611891199656,0.11484241963523814,0.054891861219425145,0.1638451470728071,0.8511737409581002,0.0037110446276756677,0.9054021042608591,0.0035951609715343578,2429.11,265.05,2164.06,0.0198,0.9802
adult,logistic_regression,sex,eod_violation,0.04,0.02,100,0.11106899288882008,0.034791611891199656,0.11484241963523814,0.054891861219425145,0.1638451470728071,0.8511737409581002,0.0037110446276756677,0.9054021042608591,0.0035951609715343578,2429.11,265.05,2164.06,0.0392,0.9608
adult,logistic_regression,sex,eod_violation,0.05,0.04,100,0.11106899288882008,0.034791611891199656,0.11484241963523814,0.054891861219425145,0.1638451470728071,0.8511737409581002,0.0037110446276756677,0.9054021042608591,0.0035951609715343578,2429.11,265.05,2164.06,0.0768,0.9232
adult,logistic_regression,sex,eod_violation,0.06,0.07,100,0.11106899288882008,0.034791611891199656,0.11484241963523814,0.054891861219425145,0.1638451470728071,0.8511737409581002,0.0037110446276756677,0.9054021042608591,0.0035951609715343578,2429.11,265.05,2164.06,0.1302,0.8698
adult,logistic_regression,sex,eod_violation,0.07,0.1,100,0.11106899288882008,0.034791611891199656,0.11484241963523814,0.054891861219425145,0.1638451470728071,0.8511737409581002,0.0037110446276756677,0.9054021042608591,0.0035951609715343578,2429.11,265.05,2164.06,0.18000000000000002,0.82
adult,logistic_regression,sex,eod_violation,0.08,0.2,100,0.11106899288882008,0.034791611891199656,0.11484241963523814,0.054891861219425145,0.1638451470728071,0.8511737409581002,0.0037110446276756677,0.9054021042608591,0.0035951609715343578,2429.11,265.05,2164.06,0.32000000000000006,0.6799999999999999
adult,logistic_regression,sex,eod_violation,0.09,0.3,100,0.11106899288882008,0.034791611891199656,0.11484241963523814,0.054891861219425145,0.1638451470728071,0.8511737409581002,0.0037110446276756677,0.9054021042608591,0.0035951609715343578,2429.11,265.05,2164.06,0.42,0.5800000000000001
adult,logistic_regression,sex,eod_violation,0.1,0.38,100,0.11106899288882008,0.034791611891199656,0.11484241963523814,0.054891861219425145,0.1638451470728071,0.8511737409581002,0.0037110446276756677,0.9054021042608591,0.0035951609715343578,2429.11,265.05,2164.06,0.4712,0.5287999999999999
adult,logistic_regression,sex,eod_violation,0.11,0.44,100,0.11106899288882008,0.034791611891199656,0.11484241963523814,0.054891861219425145,0.1638451470728071,0.8511737409581002,0.0037110446276756677,0.9054021042608591,0.0035951609715343578,2429.11,265.05,2164.06,0.49280000000000007,0.5071999999999999
adult,logistic_regression,sex,eod_violation,0.12,0.61,100,0.11106899288882008,0.034791611891199656,0.11484241963523814,0.054891861219425145,0.1638451470728071,0.8511737409581002,0.0037110446276756677,0.9054021042608591,0.0035951609715343578,2429.11,265.05,2164.06,0.4758,0.5242
adult,logistic_regression,sex,eod_violation,0.13,0.75,100,0.11106899288882008,0.034791611891199656,0.11484241963523814,0.054891861219425145,0.1638451470728071,0.8511737409581002,0.0037110446276756677,0.9054021042608591,0.0035951609715343578,2429.11,265.05,2164.06,0.375,0.625
adult,logistic_regression,sex,eod_violation,0.14,0.79,100,0.11106899288882008,0.034791611891199656,0.11484241963523814,0.054891861219425145,0.1638451470728071,0.8511737409581002,0.0037110446276756677,0.9054021042608591,0.0035951609715343578,2429.11,265.05,2164.06,0.3318,0.6682
adult,logistic_regression,sex,eod_violation,0.15,0.86,100,0.11106899288882008,0.034791611891199656,0.11484241963523814,0.054891861219425145,0.1638451470728071,0.8511737409581002,0.0037110446276756677,0.9054021042608591,0.0035951609715343578,2429.11,265.05,2164.06,0.24080000000000001,0.7592
adult,logistic_regression,sex,eod_violation,0.16,0.92,100,0.11106899288882008,0.034791611891199656,0.11484241963523814,0.054891861219425145,0.1638451470728071,0.8511737409581002,0.0037110446276756677,0.9054021042608591,0.0035951609715343578,2429.11,265.05,2164.06,0.14719999999999994,0.8528
adult,logistic_regression,sex,eod_violation,0.17,0.96,100,0.11106899288882008,0.034791611891199656,0.11484241963523814,0.054891861219425145,0.1638451470728071,0.8511737409581002,0.0037110446276756677,0.9054021042608591,0.0035951609715343578,2429.11,265.05,2164.06,0.07680000000000006,0.9231999999999999
adult,logistic_regression,sex,eod_violation,0.18,0.97,100,0.11106899288882008,0.034791611891199656,0.11484241963523814,0.054891861219425145,0.1638451470728071,0.8511737409581002,0.0037110446276756677,0.9054021042608591,0.0035951609715343578,2429.11,265.05,2164.06,0.05820000000000005,0.9418
adult,logistic_regression,sex,eod_violation,0.19,0.98,100,0.11106899288882008,0.034791611891199656,0.11484241963523814,0.054891861219425145,0.1638451470728071,0.8511737409581002,0.0037110446276756677,0.9054021042608591,0.0035951609715343578,2429.11,265.05,2164.06,0.03920000000000003,0.9608
adult,logistic_regression,sex,eod_violation,0.2,0.99,100,0.11106899288882008,0.034791611891199656,0.11484241963523814,0.054891861219425145,0.1638451470728071,0.8511737409581002,0.0037110446276756677,0.9054021042608591,0.0035951609715343578,2429.11,265.05,2164.06,0.01980000000000002,0.9802
adult,logistic_regression,sex,eod_violation,0.21,1.0,100,0.11106899288882008,0.034791611891199656,0.11484241963523814,0.054891861219425145,0.1638451470728071,0.8511737409581002,0.0037110446276756677,0.9054021042608591,0.0035951609715343578,2429.11,265.05,2164.06,0.0,1.0
adult,logistic_regression,sex,eod_violation,0.22,1.0,100,0.11106899288882008,0.034791611891199656,0.11484241963523814,0.054891861219425145,0.1638451470728071,0.8511737409581002,0.0037110446276756677,0.9054021042608591,0.0035951609715343578,2429.11,265.05,2164.06,0.0,1.0
adult,logistic_regression,sex,eod_violation,0.23,1.0,100,0.11106899288882008,0.034791611891199656,0.11484241963523814,0.054891861219425145,0.1638451470728071,0.8511737409581002,0.0037110446276756677,0.9054021042608591,0.0035951609715343578,2429.11,265.05,2164.06,0.0,1.0
adult,logistic_regression,sex,eod_violation,0.24,1.0,100,0.11106899288882008,0.034791611891199656,0.11484241963523814,0.054891861219425145,0.1638451470728071,0.8511737409581002,0.0037110446276756677,0.9054021042608591,0.0035951609715343578,2429.11,265.05,2164.06,0.0,1.0
adult,logistic_regression,sex,eod_violation,0.25,1.0,100,0.11106899288882008,0.034791611891199656,0.11484241963523814,0.054891861219425145,0.1638451470728071,0.8511737409581002,0.0037110446276756677,0.9054021042608591,0.0035951609715343578,2429.11,265.05,2164.06,0.0,1.0
adult,logistic_regression,sex,eod_violation,0.26,1.0,100,0.11106899288882008,0.034791611891199656,0.11484241963523814,0.054891861219425145,0.1638451470728071,0.8511737409581002,0.0037110446276756677,0.9054021042608591,0.0035951609715343578,2429.11,265.05,2164.06,0.0,1.0
adult,logistic_regression,sex,eod_violation,0.27,1.0,100,0.11106899288882008,0.034791611891199656,0.11484241963523814,0.054891861219425145,0.1638451470728071,0.8511737409581002,0.0037110446276756677,0.9054021042608591,0.0035951609715343578,2429.11,265.05,2164.06,0.0,1.0
adult,logistic_regression,sex,eod_violation,0.28,1.0,100,0.11106899288882008,0.034791611891199656,0.11484241963523814,0.054891861219425145,0.1638451470728071,0.8511737409581002,0.0037110446276756677,0.9054021042608591,0.0035951609715343578,2429.11,265.05,2164.06,0.0,1.0
adult,logistic_regression,sex,eod_violation,0.29,1.0,100,0.11106899288882008,0.034791611891199656,0.11484241963523814,0.054891861219425145,0.1638451470728071,0.8511737409581002,0.0037110446276756677,0.9054021042608591,0.0035951609715343578,2429.11,265.05,2164.06,0.0,1.0
adult,logistic_regression,sex,eod_violation,0.3,1.0,100,0.11106899288882008,0.034791611891199656,0.11484241963523814,0.054891861219425145,0.1638451470728071,0.8511737409581002,0.0037110446276756677,0.9054021042608591,0.0035951609715343578,2429.11,265.05,2164.06,0.0,1.0
adult,logistic_regression,sex,equalized_odds_violation,0.0,0.0,100,0.11351018294592544,0.03113831400529943,0.11484241963523814,0.07278939085621915,0.1638451470728071,0.8511737409581002,0.0037110446276756677,0.9054021042608591,0.0035951609715343578,2429.11,265.05,2164.06,0.0,1.0
adult,logistic_regression,sex,equalized_odds_violation,0.01,0.0,100,0.11351018294592544,0.03113831400529943,0.11484241963523814,0.07278939085621915,0.1638451470728071,0.8511737409581002,0.0037110446276756677,0.9054021042608591,0.0035951609715343578,2429.11,265.05,2164.06,0.0,1.0
adult,logistic_regression,sex,equalized_odds_violation,0.02,0.0,100,0.11351018294592544,0.03113831400529943,0.11484241963523814,0.07278939085621915,0.1638451470728071,0.8511737409581002,0.0037110446276756677,0.9054021042608591,0.0035951609715343578,2429.11,265.05,2164.06,0.0,1.0
adult,logistic_regression,sex,equalized_odds_violation,0.03,0.0,100,0.11351018294592544,0.03113831400529943,0.11484241963523814,0.07278939085621915,0.1638451470728071,0.8511737409581002,0.0037110446276756677,0.9054021042608591,0.0035951609715343578,2429.11,265.05,2164.06,0.0,1.0
adult,logistic_regression,sex,equalized_odds_violation,0.04,0.0,100,0.11351018294592544,0.03113831400529943,0.11484241963523814,0.07278939085621915,0.1638451470728071,0.8511737409581002,0.0037110446276756677,0.9054021042608591,0.0035951609715343578,2429.11,265.05,2164.06,0.0,1.0
adult,logistic_regression,sex,equalized_odds_violation,0.05,0.0,100,0.11351018294592544,0.03113831400529943,0.11484241963523814,0.07278939085621915,0.1638451470728071,0.8511737409581002,0.0037110446276756677,0.9054021042608591,0.0035951609715343578,2429.11,265.05,2164.06,0.0,1.0
adult,logistic_regression,sex,equalized_odds_violation,0.06,0.01,100,0.11351018294592544,0.03113831400529943,0.11484241963523814,0.07278939085621915,0.1638451470728071,0.8511737409581002,0.0037110446276756677,0.9054021042608591,0.0035951609715343578,2429.11,265.05,2164.06,0.0198,0.9802
adult,logistic_regression,sex,equalized_odds_violation,0.07,0.04,100,0.11351018294592544,0.03113831400529943,0.11484241963523814,0.07278939085621915,0.1638451470728071,0.8511737409581002,0.0037110446276756677,0.9054021042608591,0.0035951609715343578,2429.11,265.05,2164.06,0.0768,0.9232
adult,logistic_regression,sex,equalized_odds_violation,0.08,0.13,100,0.11351018294592544,0.03113831400529943,0.11484241963523814,0.07278939085621915,0.1638451470728071,0.8511737409581002,0.0037110446276756677,0.9054021042608591,0.0035951609715343578,2429.11,265.05,2164.06,0.2262,0.7738
adult,logistic_regression,sex,equalized_odds_violation,0.09,0.3,100,0.11351018294592544,0.03113831400529943,0.11484241963523814,0.07278939085621915,0.1638451470728071,0.8511737409581002,0.0037110446276756677,0.9054021042608591,0.0035951609715343578,2429.11,265.05,2164.06,0.42,0.5800000000000001
adult,logistic_regression,sex,equalized_odds_violation,0.1,0.38,100,0.11351018294592544,0.03113831400529943,0.11484241963523814,0.07278939085621915,0.1638451470728071,0.8511737409581002,0.0037110446276756677,0.9054021042608591,0.0035951609715343578,2429.11,265.05,2164.06,0.4712,0.5287999999999999
adult,logistic_regression,sex,equalized_odds_violation,0.11,0.44,100,0.11351018294592544,0.03113831400529943,0.11484241963523814,0.07278939085621915,0.1638451470728071,0.8511737409581002,0.0037110446276756677,0.9054021042608591,0.0035951609715343578,2429.11,265.05,2164.06,0.49280000000000007,0.5071999999999999
adult,logistic_regression,sex,equalized_odds_violation,0.12,0.61,100,0.11351018294592544,0.03113831400529943,0.11484241963523814,0.07278939085621915,0.1638451470728071,0.8511737409581002,0.0037110446276756677,0.9054021042608591,0.0035951609715343578,2429.11,265.05,2164.06,0.4758,0.5242
adult,logistic_regression,sex,equalized_odds_violation,0.13,0.75,100,0.11351018294592544,0.03113831400529943,0.11484241963523814,0.07278939085621915,0.1638451470728071,0.8511737409581002,0.0037110446276756677,0.9054021042608591,0.0035951609715343578,2429.11,265.05,2164.06,0.375,0.625
adult,logistic_regression,sex,equalized_odds_violation,0.14,0.79,100,0.11351018294592544,0.03113831400529943,0.11484241963523814,0.07278939085621915,0.1638451470728071,0.8511737409581002,0.0037110446276756677,0.9054021042608591,0.0035951609715343578,2429.11,265.05,2164.06,0.3318,0.6682
adult,logistic_regression,sex,equalized_odds_violation,0.15,0.86,100,0.11351018294592544,0.03113831400529943,0.11484241963523814,0.07278939085621915,0.1638451470728071,0.8511737409581002,0.0037110446276756677,0.9054021042608591,0.0035951609715343578,2429.11,265.05,2164.06,0.24080000000000001,0.7592
adult,logistic_regression,sex,equalized_odds_violation,0.16,0.92,100,0.11351018294592544,0.03113831400529943,0.11484241963523814,0.07278939085621915,0.1638451470728071,0.8511737409581002,0.0037110446276756677,0.9054021042608591,0.0035951609715343578,2429.11,265.05,2164.06,0.14719999999999994,0.8528
adult,logistic_regression,sex,equalized_odds_violation,0.17,0.96,100,0.11351018294592544,0.03113831400529943,0.11484241963523814,0.07278939085621915,0.1638451470728071,0.8511737409581002,0.0037110446276756677,0.9054021042608591,0.0035951609715343578,2429.11,265.05,2164.06,0.07680000000000006,0.9231999999999999
adult,logistic_regression,sex,equalized_odds_violation,0.18,0.97,100,0.11351018294592544,0.03113831400529943,0.11484241963523814,0.07278939085621915,0.1638451470728071,0.8511737409581002,0.0037110446276756677,0.9054021042608591,0.0035951609715343578,2429.11,265.05,2164.06,0.05820000000000005,0.9418
adult,logistic_regression,sex,equalized_odds_violation,0.19,0.98,100,0.11351018294592544,0.03113831400529943,0.11484241963523814,0.07278939085621915,0.1638451470728071,0.8511737409581002,0.0037110446276756677,0.9054021042608591,0.0035951609715343578,2429.11,265.05,2164.06,0.03920000000000003,0.9608
adult,logistic_regression,sex,equalized_odds_violation,0.2,0.99,100,0.11351018294592544,0.03113831400529943,0.11484241963523814,0.07278939085621915,0.1638451470728071,0.8511737409581002,0.0037110446276756677,0.9054021042608591,0.0035951609715343578,2429.11,265.05,2164.06,0.01980000000000002,0.9802
adult,logistic_regression,sex,equalized_odds_violation,0.21,1.0,100,0.11351018294592544,0.03113831400529943,0.11484241963523814,0.07278939085621915,0.1638451470728071,0.8511737409581002,0.0037110446276756677,0.9054021042608591,0.0035951609715343578,2429.11,265.05,2164.06,0.0,1.0
adult,logistic_regression,sex,equalized_odds_violation,0.22,1.0,100,0.11351018294592544,0.03113831400529943,0.11484241963523814,0.07278939085621915,0.1638451470728071,0.8511737409581002,0.0037110446276756677,0.9054021042608591,0.0035951609715343578,2429.11,265.05,2164.06,0.0,1.0
adult,logistic_regression,sex,equalized_odds_violation,0.23,1.0,100,0.11351018294592544,0.03113831400529943,0.11484241963523814,0.07278939085621915,0.1638451470728071,0.8511737409581002,0.0037110446276756677,0.9054021042608591,0.0035951609715343578,2429.11,265.05,2164.06,0.0,1.0
adult,logistic_regression,sex,equalized_odds_violation,0.24,1.0,100,0.11351018294592544,0.03113831400529943,0.11484241963523814,0.07278939085621915,0.1638451470728071,0.8511737409581002,0.0037110446276756677,0.9054021042608591,0.0035951609715343578,2429.11,265.05,2164.06,0.0,1.0
adult,logistic_regression,sex,equalized_odds_violation,0.25,1.0,100,0.11351018294592544,0.03113831400529943,0.11484241963523814,0.07278939085621915,0.1638451470728071,0.8511737409581002,0.0037110446276756677,0.9054021042608591,0.0035951609715343578,2429.11,265.05,2164.06,0.0,1.0
adult,logistic_regression,sex,equalized_odds_violation,0.26,1.0,100,0.11351018294592544,0.03113831400529943,0.11484241963523814,0.07278939085621915,0.1638451470728071,0.8511737409581002,0.0037110446276756677,0.9054021042608591,0.0035951609715343578,2429.11,265.05,2164.06,0.0,1.0
adult,logistic_regression,sex,equalized_odds_violation,0.27,1.0,100,0.11351018294592544,0.03113831400529943,0.11484241963523814,0.07278939085621915,0.1638451470728071,0.8511737409581002,0.0037110446276756677,0.9054021042608591,0.0035951609715343578,2429.11,265.05,2164.06,0.0,1.0
adult,logistic_regression,sex,equalized_odds_violation,0.28,1.0,100,0.11351018294592544,0.03113831400529943,0.11484241963523814,0.07278939085621915,0.1638451470728071,0.8511737409581002,0.0037110446276756677,0.9054021042608591,0.0035951609715343578,2429.11,265.05,2164.06,0.0,1.0
adult,logistic_regression,sex,equalized_odds_violation,0.29,1.0,100,0.11351018294592544,0.03113831400529943,0.11484241963523814,0.07278939085621915,0.1638451470728071,0.8511737409581002,0.0037110446276756677,0.9054021042608591,0.0035951609715343578,2429.11,265.05,2164.06,0.0,1.0
adult,logistic_regression,sex,equalized_odds_violation,0.3,1.0,100,0.11351018294592544,0.03113831400529943,0.11484241963523814,0.07278939085621915,0.1638451470728071,0.8511737409581002,0.0037110446276756677,0.9054021042608591,0.0035951609715343578,2429.11,265.05,2164.06,0.0,1.0
adult,random_forest,race,dpd_violation,0.0,0.0,100,0.08521346849623708,0.009412995852568445,0.08572093952699969,0.07114625341032699,0.10057682340934922,0.8647195305036167,0.0036473048214931197,0.9174074711433227,0.0034759930929821044,1062.38,162.01,900.37,0.0,1.0
adult,random_forest,race,dpd_violation,0.01,0.0,100,0.08521346849623708,0.009412995852568445,0.08572093952699969,0.07114625341032699,0.10057682340934922,0.8647195305036167,0.0036473048214931197,0.9174074711433227,0.0034759930929821044,1062.38,162.01,900.37,0.0,1.0
adult,random_forest,race,dpd_violation,0.02,0.0,100,0.08521346849623708,0.009412995852568445,0.08572093952699969,0.07114625341032699,0.10057682340934922,0.8647195305036167,0.0036473048214931197,0.9174074711433227,0.0034759930929821044,1062.38,162.01,900.37,0.0,1.0
adult,random_forest,race,dpd_violation,0.03,0.0,100,0.08521346849623708,0.009412995852568445,0.08572093952699969,0.07114625341032699,0.10057682340934922,0.8647195305036167,0.0036473048214931197,0.9174074711433227,0.0034759930929821044,1062.38,162.01,900.37,0.0,1.0
adult,random_forest,race,dpd_violation,0.04,0.0,100,0.08521346849623708,0.009412995852568445,0.08572093952699969,0.07114625341032699,0.10057682340934922,0.8647195305036167,0.0036473048214931197,0.9174074711433227,0.0034759930929821044,1062.38,162.01,900.37,0.0,1.0
adult,random_forest,race,dpd_violation,0.05,0.0,100,0.08521346849623708,0.009412995852568445,0.08572093952699969,0.07114625341032699,0.10057682340934922,0.8647195305036167,0.0036473048214931197,0.9174074711433227,0.0034759930929821044,1062.38,162.01,900.37,0.0,1.0
adult,random_forest,race,dpd_violation,0.06,0.01,100,0.08521346849623708,0.009412995852568445,0.08572093952699969,0.07114625341032699,0.10057682340934922,0.8647195305036167,0.0036473048214931197,0.9174074711433227,0.0034759930929821044,1062.38,162.01,900.37,0.0198,0.9802
adult,random_forest,race,dpd_violation,0.07,0.04,100,0.08521346849623708,0.009412995852568445,0.08572093952699969,0.07114625341032699,0.10057682340934922,0.8647195305036167,0.0036473048214931197,0.9174074711433227,0.0034759930929821044,1062.38,162.01,900.37,0.0768,0.9232
adult,random_forest,race,dpd_violation,0.08,0.27,100,0.08521346849623708,0.009412995852568445,0.08572093952699969,0.07114625341032699,0.10057682340934922,0.8647195305036167,0.0036473048214931197,0.9174074711433227,0.0034759930929821044,1062.38,162.01,900.37,0.3942,0.6058
adult,random_forest,race,dpd_violation,0.09,0.68,100,0.08521346849623708,0.009412995852568445,0.08572093952699969,0.07114625341032699,0.10057682340934922,0.8647195305036167,0.0036473048214931197,0.9174074711433227,0.0034759930929821044,1062.38,162.01,900.37,0.4352,0.5648
adult,random_forest,race,dpd_violation,0.1,0.93,100,0.08521346849623708,0.009412995852568445,0.08572093952699969,0.07114625341032699,0.10057682340934922,0.8647195305036167,0.0036473048214931197,0.9174074711433227,0.0034759930929821044,1062.38,162.01,900.37,0.13019999999999993,0.8698000000000001
adult,random_forest,race,dpd_violation,0.11,1.0,100,0.08521346849623708,0.009412995852568445,0.08572093952699969,0.07114625341032699,0.10057682340934922,0.8647195305036167,0.0036473048214931197,0.9174074711433227,0.0034759930929821044,1062.38,162.01,900.37,0.0,1.0
adult,random_forest,race,dpd_violation,0.12,1.0,100,0.08521346849623708,0.009412995852568445,0.08572093952699969,0.07114625341032699,0.10057682340934922,0.8647195305036167,0.0036473048214931197,0.9174074711433227,0.0034759930929821044,1062.38,162.01,900.37,0.0,1.0
adult,random_forest,race,dpd_violation,0.13,1.0,100,0.08521346849623708,0.009412995852568445,0.08572093952699969,0.07114625341032699,0.10057682340934922,0.8647195305036167,0.0036473048214931197,0.9174074711433227,0.0034759930929821044,1062.38,162.01,900.37,0.0,1.0
adult,random_forest,race,dpd_violation,0.14,1.0,100,0.08521346849623708,0.009412995852568445,0.08572093952699969,0.07114625341032699,0.10057682340934922,0.8647195305036167,0.0036473048214931197,0.9174074711433227,0.0034759930929821044,1062.38,162.01,900.37,0.0,1.0
adult,random_forest,race,dpd_violation,0.15,1.0,100,0.08521346849623708,0.009412995852568445,0.08572093952699969,0.07114625341032699,0.10057682340934922,0.8647195305036167,0.0036473048214931197,0.9174074711433227,0.0034759930929821044,1062.38,162.01,900.37,0.0,1.0
adult,random_forest,race,dpd_violation,0.16,1.0,100,0.08521346849623708,0.009412995852568445,0.08572093952699969,0.07114625341032699,0.10057682340934922,0.8647195305036167,0.0036473048214931197,0.9174074711433227,0.0034759930929821044,1062.38,162.01,900.37,0.0,1.0
adult,random_forest,race,dpd_violation,0.17,1.0,100,0.08521346849623708,0.009412995852568445,0.08572093952699969,0.07114625341032699,0.10057682340934922,0.8647195305036167,0.0036473048214931197,0.9174074711433227,0.0034759930929821044,1062.38,162.01,900.37,0.0,1.0
adult,random_forest,race,dpd_violation,0.18,1.0,100,0.08521346849623708,0.009412995852568445,0.08572093952699969,0.07114625341032699,0.10057682340934922,0.8647195305036167,0.0036473048214931197,0.9174074711433227,0.0034759930929821044,1062.38,162.01,900.37,0.0,1.0
adult,random_forest,race,dpd_violation,0.19,1.0,100,0.08521346849623708,0.009412995852568445,0.08572093952699969,0.07114625341032699,0.10057682340934922,0.8647195305036167,0.0036473048214931197,0.9174074711433227,0.0034759930929821044,1062.38,162.01,900.37,0.0,1.0
adult,random_forest,race,dpd_violation,0.2,1.0,100,0.08521346849623708,0.009412995852568445,0.08572093952699969,0.07114625341032699,0.10057682340934922,0.8647195305036167,0.0036473048214931197,0.9174074711433227,0.0034759930929821044,1062.38,162.01,900.37,0.0,1.0
adult,random_forest,race,dpd_violation,0.21,1.0,100,0.08521346849623708,0.009412995852568445,0.08572093952699969,0.07114625341032699,0.10057682340934922,0.8647195305036167,0.0036473048214931197,0.9174074711433227,0.0034759930929821044,1062.38,162.01,900.37,0.0,1.0
adult,random_forest,race,dpd_violation,0.22,1.0,100,0.08521346849623708,0.009412995852568445,0.08572093952699969,0.07114625341032699,0.10057682340934922,0.8647195305036167,0.0036473048214931197,0.9174074711433227,0.0034759930929821044,1062.38,162.01,900.37,0.0,1.0
adult,random_forest,race,dpd_violation,0.23,1.0,100,0.08521346849623708,0.009412995852568445,0.08572093952699969,0.07114625341032699,0.10057682340934922,0.8647195305036167,0.0036473048214931197,0.9174074711433227,0.0034759930929821044,1062.38,162.01,900.37,0.0,1.0
adult,random_forest,race,dpd_violation,0.24,1.0,100,0.08521346849623708,0.009412995852568445,0.08572093952699969,0.07114625341032699,0.10057682340934922,0.8647195305036167,0.0036473048214931197,0.9174074711433227,0.0034759930929821044,1062.38,162.01,900.37,0.0,1.0
adult,random_forest,race,dpd_violation,0.25,1.0,100,0.08521346849623708,0.009412995852568445,0.08572093952699969,0.07114625341032699,0.10057682340934922,0.8647195305036167,0.0036473048214931197,0.9174074711433227,0.0034759930929821044,1062.38,162.01,900.37,0.0,1.0
adult,random_forest,race,dpd_violation,0.26,1.0,100,0.08521346849623708,0.009412995852568445,0.08572093952699969,0.07114625341032699,0.10057682340934922,0.8647195305036167,0.0036473048214931197,0.9174074711433227,0.0034759930929821044,1062.38,162.01,900.37,0.0,1.0
adult,random_forest,race,dpd_violation,0.27,1.0,100,0.08521346849623708,0.009412995852568445,0.08572093952699969,0.07114625341032699,0.10057682340934922,0.8647195305036167,0.0036473048214931197,0.9174074711433227,0.0034759930929821044,1062.38,162.01,900.37,0.0,1.0
adult,random_forest,race,dpd_violation,0.28,1.0,100,0.08521346849623708,0.009412995852568445,0.08572093952699969,0.07114625341032699,0.10057682340934922,0.8647195305036167,0.0036473048214931197,0.9174074711433227,0.0034759930929821044,1062.38,162.01,900.37,0.0,1.0
adult,random_forest,race,dpd_violation,0.29,1.0,100,0.08521346849623708,0.009412995852568445,0.08572093952699969,0.07114625341032699,0.10057682340934922,0.8647195305036167,0.0036473048214931197,0.9174074711433227,0.0034759930929821044,1062.38,162.01,900.37,0.0,1.0
adult,random_forest,race,dpd_violation,0.3,1.0,100,0.08521346849623708,0.009412995852568445,0.08572093952699969,0.07114625341032699,0.10057682340934922,0.8647195305036167,0.0036473048214931197,0.9174074711433227,0.0034759930929821044,1062.38,162.01,900.37,0.0,1.0
adult,random_forest,race,dpr_violation,0.0,0.0,100,0.42278316417865036,0.04321414969172394,0.42282706868220776,0.35602267108717706,0.49495347834967046,0.8647195305036167,0.0036473048214931197,0.9174074711433227,0.0034759930929821044,1062.38,162.01,900.37,0.0,1.0
adult,random_forest,race,dpr_violation,0.010000000000000009,0.0,100,0.42278316417865036,0.04321414969172394,0.42282706868220776,0.35602267108717706,0.49495347834967046,0.8647195305036167,0.0036473048214931197,0.9174074711433227,0.0034759930929821044,1062.38,162.01,900.37,0.0,1.0
adult,random_forest,race,dpr_violation,0.020000000000000018,0.0,100,0.42278316417865036,0.04321414969172394,0.42282706868220776,0.35602267108717706,0.49495347834967046,0.8647195305036167,0.0036473048214931197,0.9174074711433227,0.0034759930929821044,1062.38,162.01,900.37,0.0,1.0
adult,random_forest,race,dpr_violation,0.030000000000000027,0.0,100,0.42278316417865036,0.04321414969172394,0.42282706868220776,0.35602267108717706,0.49495347834967046,0.8647195305036167,0.0036473048214931197,0.9174074711433227,0.0034759930929821044,1062.38,162.01,900.37,0.0,1.0
adult,random_forest,race,dpr_violation,0.040000000000000036,0.0,100,0.42278316417865036,0.04321414969172394,0.42282706868220776,0.35602267108717706,0.49495347834967046,0.8647195305036167,0.0036473048214931197,0.9174074711433227,0.0034759930929821044,1062.38,162.01,900.37,0.0,1.0
adult,random_forest,race,dpr_violation,0.050000000000000044,0.0,100,0.42278316417865036,0.04321414969172394,0.42282706868220776,0.35602267108717706,0.49495347834967046,0.8647195305036167,0.0036473048214931197,0.9174074711433227,0.0034759930929821044,1062.38,162.01,900.37,0.0,1.0
adult,random_forest,race,dpr_violation,0.06000000000000005,0.0,100,0.42278316417865036,0.04321414969172394,0.42282706868220776,0.35602267108717706,0.49495347834967046,0.8647195305036167,0.0036473048214931197,0.9174074711433227,0.0034759930929821044,1062.38,162.01,900.37,0.0,1.0
adult,random_forest,race,dpr_violation,0.06999999999999995,0.0,100,0.42278316417865036,0.04321414969172394,0.42282706868220776,0.35602267108717706,0.49495347834967046,0.8647195305036167,0.0036473048214931197,0.9174074711433227,0.0034759930929821044,1062.38,162.01,900.37,0.0,1.0
adult,random_forest,race,dpr_violation,0.07999999999999996,0.0,100,0.42278316417865036,0.04321414969172394,0.42282706868220776,0.35602267108717706,0.49495347834967046,0.8647195305036167,0.0036473048214931197,0.9174074711433227,0.0034759930929821044,1062.38,162.01,900.37,0.0,1.0
adult,random_forest,race,dpr_violation,0.08999999999999997,0.0,100,0.42278316417865036,0.04321414969172394,0.42282706868220776,0.35602267108717706,0.49495347834967046,0.8647195305036167,0.0036473048214931197,0.9174074711433227,0.0034759930929821044,1062.38,162.01,900.37,0.0,1.0
adult,random_forest,race,dpr_violation,0.09999999999999998,0.0,100,0.42278316417865036,0.04321414969172394,0.42282706868220776,0.35602267108717706,0.49495347834967046,0.8647195305036167,0.0036473048214931197,0.9174074711433227,0.0034759930929821044,1062.38,162.01,900.37,0.0,1.0
adult,random_forest,race,dpr_violation,0.10999999999999999,0.0,100,0.42278316417865036,0.04321414969172394,0.42282706868220776,0.35602267108717706,0.49495347834967046,0.8647195305036167,0.0036473048214931197,0.9174074711433227,0.0034759930929821044,1062.38,162.01,900.37,0.0,1.0
adult,random_forest,race,dpr_violation,0.12,0.0,100,0.42278316417865036,0.04321414969172394,0.42282706868220776,0.35602267108717706,0.49495347834967046,0.8647195305036167,0.0036473048214931197,0.9174074711433227,0.0034759930929821044,1062.38,162.01,900.37,0.0,1.0
adult,random_forest,race,dpr_violation,0.13,0.0,100,0.42278316417865036,0.04321414969172394,0.42282706868220776,0.35602267108717706,0.49495347834967046,0.8647195305036167,0.0036473048214931197,0.9174074711433227,0.0034759930929821044,1062.38,162.01,900.37,0.0,1.0
adult,random_forest,race,dpr_violation,0.14,0.0,100,0.42278316417865036,0.04321414969172394,0.42282706868220776,0.35602267108717706,0.49495347834967046,0.8647195305036167,0.0036473048214931197,0.9174074711433227,0.0034759930929821044,1062.38,162.01,900.37,0.0,1.0
adult,random_forest,race,dpr_violation,0.15000000000000002,0.0,100,0.42278316417865036,0.04321414969172394,0.42282706868220776,0.35602267108717706,0.49495347834967046,0.8647195305036167,0.0036473048214931197,0.9174074711433227,0.0034759930929821044,1062.38,162.01,900.37,0.0,1.0
adult,random_forest,race,dpr_violation,0.16000000000000003,0.0,100,0.42278316417865036,0.04321414969172394,0.42282706868220776,0.35602267108717706,0.49495347834967046,0.8647195305036167,0.0036473048214931197,0.9174074711433227,0.0034759930929821044,1062.38,162.01,900.37,0.0,1.0
adult,random_forest,race,dpr_violation,0.17000000000000004,0.0,100,0.42278316417865036,0.04321414969172394,0.42282706868220776,0.35602267108717706,0.49495347834967046,0.8647195305036167,0.0036473048214931197,0.9174074711433227,0.0034759930929821044,1062.38,162.01,900.37,0.0,1.0
adult,random_forest,race,dpr_violation,0.18000000000000005,0.0,100,0.42278316417865036,0.04321414969172394,0.42282706868220776,0.35602267108717706,0.49495347834967046,0.8647195305036167,0.0036473048214931197,0.9174074711433227,0.0034759930929821044,1062.38,162.01,900.37,0.0,1.0
adult,random_forest,race,dpr_violation,0.18999999999999995,0.0,100,0.42278316417865036,0.04321414969172394,0.42282706868220776,0.35602267108717706,0.49495347834967046,0.8647195305036167,0.0036473048214931197,0.9174074711433227,0.0034759930929821044,1062.38,162.01,900.37,0.0,1.0
adult,random_forest,race,dpr_violation,0.19999999999999996,0.0,100,0.42278316417865036,0.04321414969172394,0.42282706868220776,0.35602267108717706,0.49495347834967046,0.8647195305036167,0.0036473048214931197,0.9174074711433227,0.0034759930929821044,1062.38,162.01,900.37,0.0,1.0
adult,random_forest,race,dpr_violation,0.20999999999999996,0.0,100,0.42278316417865036,0.04321414969172394,0.42282706868220776,0.35602267108717706,0.49495347834967046,0.8647195305036167,0.0036473048214931197,0.9174074711433227,0.0034759930929821044,1062.38,162.01,900.37,0.0,1.0
adult,random_forest,race,dpr_violation,0.21999999999999997,0.0,100,0.42278316417865036,0.04321414969172394,0.42282706868220776,0.35602267108717706,0.49495347834967046,0.8647195305036167,0.0036473048214931197,0.9174074711433227,0.0034759930929821044,1062.38,162.01,900.37,0.0,1.0
adult,random_forest,race,dpr_violation,0.22999999999999998,0.0,100,0.42278316417865036,0.04321414969172394,0.42282706868220776,0.35602267108717706,0.49495347834967046,0.8647195305036167,0.0036473048214931197,0.9174074711433227,0.0034759930929821044,1062.38,162.01,900.37,0.0,1.0
adult,random_forest,race,dpr_violation,0.24,0.0,100,0.42278316417865036,0.04321414969172394,0.42282706868220776,0.35602267108717706,0.49495347834967046,0.8647195305036167,0.0036473048214931197,0.9174074711433227,0.0034759930929821044,1062.38,162.01,900.37,0.0,1.0
adult,random_forest,race,dpr_violation,0.25,0.0,100,0.42278316417865036,0.04321414969172394,0.42282706868220776,0.35602267108717706,0.49495347834967046,0.8647195305036167,0.0036473048214931197,0.9174074711433227,0.0034759930929821044,1062.38,162.01,900.37,0.0,1.0
adult,random_forest,race,dpr_violation,0.26,0.0,100,0.42278316417865036,0.04321414969172394,0.42282706868220776,0.35602267108717706,0.49495347834967046,0.8647195305036167,0.0036473048214931197,0.9174074711433227,0.0034759930929821044,1062.38,162.01,900.37,0.0,1.0
adult,random_forest,race,dpr_violation,0.27,0.0,100,0.42278316417865036,0.04321414969172394,0.42282706868220776,0.35602267108717706,0.49495347834967046,0.8647195305036167,0.0036473048214931197,0.9174074711433227,0.0034759930929821044,1062.38,162.01,900.37,0.0,1.0
adult,random_forest,race,dpr_violation,0.28,0.01,100,0.42278316417865036,0.04321414969172394,0.42282706868220776,0.35602267108717706,0.49495347834967046,0.8647195305036167,0.0036473048214931197,0.9174074711433227,0.0034759930929821044,1062.38,162.01,900.37,0.0198,0.9802
adult,random_forest,race,dpr_violation,0.29000000000000004,0.01,100,0.42278316417865036,0.04321414969172394,0.42282706868220776,0.35602267108717706,0.49495347834967046,0.8647195305036167,0.0036473048214931197,0.9174074711433227,0.0034759930929821044,1062.38,162.01,900.37,0.0198,0.9802
adult,random_forest,race,dpr_violation,0.30000000000000004,0.01,100,0.42278316417865036,0.04321414969172394,0.42282706868220776,0.35602267108717706,0.49495347834967046,0.8647195305036167,0.0036473048214931197,0.9174074711433227,0.0034759930929821044,1062.38,162.01,900.37,0.0198,0.9802
adult,random_forest,race,dpr_violation,0.31000000000000005,0.01,100,0.42278316417865036,0.04321414969172394,0.42282706868220776,0.35602267108717706,0.49495347834967046,0.8647195305036167,0.0036473048214931197,0.9174074711433227,0.0034759930929821044,1062.38,162.01,900.37,0.0198,0.9802
adult,random_forest,race,dpr_violation,0.31999999999999995,0.01,100,0.42278316417865036,0.04321414969172394,0.42282706868220776,0.35602267108717706,0.49495347834967046,0.8647195305036167,0.0036473048214931197,0.9174074711433227,0.0034759930929821044,1062.38,162.01,900.37,0.0198,0.9802
adult,random_forest,race,dpr_violation,0.32999999999999996,0.01,100,0.42278316417865036,0.04321414969172394,0.42282706868220776,0.35602267108717706,0.49495347834967046,0.8647195305036167,0.0036473048214931197,0.9174074711433227,0.0034759930929821044,1062.38,162.01,900.37,0.0198,0.9802
adult,random_forest,race,dpr_violation,0.33999999999999997,0.01,100,0.42278316417865036,0.04321414969172394,0.42282706868220776,0.35602267108717706,0.49495347834967046,0.8647195305036167,0.0036473048214931197,0.9174074711433227,0.0034759930929821044,1062.38,162.01,900.37,0.0198,0.9802
adult,random_forest,race,dpr_violation,0.35,0.03,100,0.42278316417865036,0.04321414969172394,0.42282706868220776,0.35602267108717706,0.49495347834967046,0.8647195305036167,0.0036473048214931197,0.9174074711433227,0.0034759930929821044,1062.38,162.01,900.37,0.058199999999999995,0.9418
adult,random_forest,race,dpr_violation,0.36,0.06,100,0.42278316417865036,0.04321414969172394,0.42282706868220776,0.35602267108717706,0.49495347834967046,0.8647195305036167,0.0036473048214931197,0.9174074711433227,0.0034759930929821044,1062.38,162.01,900.37,0.11279999999999998,0.8872
adult,random_forest,race,dpr_violation,0.37,0.13,100,0.42278316417865036,0.04321414969172394,0.42282706868220776,0.35602267108717706,0.49495347834967046,0.8647195305036167,0.0036473048214931197,0.9174074711433227,0.0034759930929821044,1062.38,162.01,900.37,0.2262,0.7738
adult,random_forest,race,dpr_violation,0.38,0.18,100,0.42278316417865036,0.04321414969172394,0.42282706868220776,0.35602267108717706,0.49495347834967046,0.8647195305036167,0.0036473048214931197,0.9174074711433227,0.0034759930929821044,1062.38,162.01,900.37,0.2952,0.7048
adult,random_forest,race,dpr_violation,0.39,0.23,100,0.42278316417865036,0.04321414969172394,0.42282706868220776,0.35602267108717706,0.49495347834967046,0.8647195305036167,0.0036473048214931197,0.9174074711433227,0.0034759930929821044,1062.38,162.01,900.37,0.3542,0.6457999999999999
adult,random_forest,race,dpr_violation,0.4,0.29,100,0.42278316417865036,0.04321414969172394,0.42282706868220776,0.35602267108717706,0.49495347834967046,0.8647195305036167,0.0036473048214931197,0.9174074711433227,0.0034759930929821044,1062.38,162.01,900.37,0.41179999999999994,0.5882000000000001
adult,random_forest,race,eod_violation,0.0,0.0,100,0.05649848658679306,0.03474554607985247,0.0562831497426936,0.0077378379297981595,0.11323097392353783,0.8647195305036167,0.0036473048214931197,0.9174074711433227,0.0034759930929821044,1062.38,162.01,900.37,0.0,1.0
adult,random_forest,race,eod_violation,0.01,0.08,100,0.05649848658679306,0.03474554607985247,0.0562831497426936,0.0077378379297981595,0.11323097392353783,0.8647195305036167,0.0036473048214931197,0.9174074711433227,0.0034759930929821044,1062.38,162.01,900.37,0.1472,0.8528
adult,random_forest,race,eod_violation,0.02,0.21,100,0.05649848658679306,0.03474554607985247,0.0562831497426936,0.0077378379297981595,0.11323097392353783,0.8647195305036167,0.0036473048214931197,0.9174074711433227,0.0034759930929821044,1062.38,162.01,900.37,0.3318,0.6682
adult,random_forest,race,eod_violation,0.03,0.25,100,0.05649848658679306,0.03474554607985247,0.0562831497426936,0.0077378379297981595,0.11323097392353783,0.8647195305036167,0.0036473048214931197,0.9174074711433227,0.0034759930929821044,1062.38,162.01,900.37,0.375,0.625
adult,random_forest,race,eod_violation,0.04,0.37,100,0.05649848658679306,0.03474554607985247,0.0562831497426936,0.0077378379297981595,0.11323097392353783,0.8647195305036167,0.0036473048214931197,0.9174074711433227,0.0034759930929821044,1062.38,162.01,900.37,0.4662,0.5338
adult,random_forest,race,eod_violation,0.05,0.44,100,0.05649848658679306,0.03474554607985247,0.0562831497426936,0.0077378379297981595,0.11323097392353783,0.8647195305036167,0.0036473048214931197,0.9174074711433227,0.0034759930929821044,1062.38,162.01,900.37,0.49280000000000007,0.5071999999999999
adult,random_forest,race,eod_violation,0.06,0.54,100,0.05649848658679306,0.03474554607985247,0.0562831497426936,0.0077378379297981595,0.11323097392353783,0.8647195305036167,0.0036473048214931197,0.9174074711433227,0.0034759930929821044,1062.38,162.01,900.37,0.4968,0.5032
adult,random_forest,race,eod_violation,0.07,0.64,100,0.05649848658679306,0.03474554607985247,0.0562831497426936,0.0077378379297981595,0.11323097392353783,0.8647195305036167,0.0036473048214931197,0.9174074711433227,0.0034759930929821044,1062.38,162.01,900.37,0.4608,0.5392
adult,random_forest,race,eod_violation,0.08,0.77,100,0.05649848658679306,0.03474554607985247,0.0562831497426936,0.0077378379297981595,0.11323097392353783,0.8647195305036167,0.0036473048214931197,0.9174074711433227,0.0034759930929821044,1062.38,162.01,900.37,0.35419999999999996,0.6458
adult,random_forest,race,eod_violation,0.09,0.83,100,0.05649848658679306,0.03474554607985247,0.0562831497426936,0.0077378379297981595,0.11323097392353783,0.8647195305036167,0.0036473048214931197,0.9174074711433227,0.0034759930929821044,1062.38,162.01,900.37,0.28220000000000006,0.7178
adult,random_forest,race,eod_violation,0.1,0.87,100,0.05649848658679306,0.03474554607985247,0.0562831497426936,0.0077378379297981595,0.11323097392353783,0.8647195305036167,0.0036473048214931197,0.9174074711433227,0.0034759930929821044,1062.38,162.01,900.37,0.2262,0.7738
adult,random_forest,race,eod_violation,0.11,0.94,100,0.05649848658679306,0.03474554607985247,0.0562831497426936,0.0077378379297981595,0.11323097392353783,0.8647195305036167,0.0036473048214931197,0.9174074711433227,0.0034759930929821044,1062.38,162.01,900.37,0.1128000000000001,0.8871999999999999
adult,random_forest,race,eod_violation,0.12,0.96,100,0.05649848658679306,0.03474554607985247,0.0562831497426936,0.0077378379297981595,0.11323097392353783,0.8647195305036167,0.0036473048214931197,0.9174074711433227,0.0034759930929821044,1062.38,162.01,900.37,0.07680000000000006,0.9231999999999999
adult,random_forest,race,eod_violation,0.13,0.98,100,0.05649848658679306,0.03474554607985247,0.0562831497426936,0.0077378379297981595,0.11323097392353783,0.8647195305036167,0.0036473048214931197,0.9174074711433227,0.0034759930929821044,1062.38,162.01,900.37,0.03920000000000003,0.9608
adult,random_forest,race,eod_violation,0.14,0.99,100,0.05649848658679306,0.03474554607985247,0.0562831497426936,0.0077378379297981595,0.11323097392353783,0.8647195305036167,0.0036473048214931197,0.9174074711433227,0.0034759930929821044,1062.38,162.01,900.37,0.01980000000000002,0.9802
adult,random_forest,race,eod_violation,0.15,0.99,100,0.05649848658679306,0.03474554607985247,0.0562831497426936,0.0077378379297981595,0.11323097392353783,0.8647195305036167,0.0036473048214931197,0.9174074711433227,0.0034759930929821044,1062.38,162.01,900.37,0.01980000000000002,0.9802
adult,random_forest,race,eod_violation,0.16,1.0,100,0.05649848658679306,0.03474554607985247,0.0562831497426936,0.0077378379297981595,0.11323097392353783,0.8647195305036167,0.0036473048214931197,0.9174074711433227,0.0034759930929821044,1062.38,162.01,900.37,0.0,1.0
adult,random_forest,race,eod_violation,0.17,1.0,100,0.05649848658679306,0.03474554607985247,0.0562831497426936,0.0077378379297981595,0.11323097392353783,0.8647195305036167,0.0036473048214931197,0.9174074711433227,0.0034759930929821044,1062.38,162.01,900.37,0.0,1.0
adult,random_forest,race,eod_violation,0.18,1.0,100,0.05649848658679306,0.03474554607985247,0.0562831497426936,0.0077378379297981595,0.11323097392353783,0.8647195305036167,0.0036473048214931197,0.9174074711433227,0.0034759930929821044,1062.38,162.01,900.37,0.0,1.0
adult,random_forest,race,eod_violation,0.19,1.0,100,0.05649848658679306,0.03474554607985247,0.0562831497426936,0.0077378379297981595,0.11323097392353783,0.8647195305036167,0.0036473048214931197,0.9174074711433227,0.0034759930929821044,1062.38,162.01,900.37,0.0,1.0
adult,random_forest,race,eod_violation,0.2,1.0,100,0.05649848658679306,0.03474554607985247,0.0562831497426936,0.0077378379297981595,0.11323097392353783,0.8647195305036167,0.0036473048214931197,0.9174074711433227,0.0034759930929821044,1062.38,162.01,900.37,0.0,1.0
adult,random_forest,race,eod_violation,0.21,1.0,100,0.05649848658679306,0.03474554607985247,0.0562831497426936,0.0077378379297981595,0.11323097392353783,0.8647195305036167,0.0036473048214931197,0.9174074711433227,0.0034759930929821044,1062.38,162.01,900.37,0.0,1.0
adult,random_forest,race,eod_violation,0.22,1.0,100,0.05649848658679306,0.03474554607985247,0.0562831497426936,0.0077378379297981595,0.11323097392353783,0.8647195305036167,0.0036473048214931197,0.9174074711433227,0.0034759930929821044,1062.38,162.01,900.37,0.0,1.0
adult,random_forest,race,eod_violation,0.23,1.0,100,0.05649848658679306,0.03474554607985247,0.0562831497426936,0.0077378379297981595,0.11323097392353783,0.8647195305036167,0.0036473048214931197,0.9174074711433227,0.0034759930929821044,1062.38,162.01,900.37,0.0,1.0
adult,random_forest,race,eod_violation,0.24,1.0,100,0.05649848658679306,0.03474554607985247,0.0562831497426936,0.0077378379297981595,0.11323097392353783,0.8647195305036167,0.0036473048214931197,0.9174074711433227,0.0034759930929821044,1062.38,162.01,900.37,0.0,1.0
adult,random_forest,race,eod_violation,0.25,1.0,100,0.05649848658679306,0.03474554607985247,0.0562831497426936,0.0077378379297981595,0.11323097392353783,0.8647195305036167,0.0036473048214931197,0.9174074711433227,0.0034759930929821044,1062.38,162.01,900.37,0.0,1.0
adult,random_forest,race,eod_violation,0.26,1.0,100,0.05649848658679306,0.03474554607985247,0.0562831497426936,0.0077378379297981595,0.11323097392353783,0.8647195305036167,0.0036473048214931197,0.9174074711433227,0.0034759930929821044,1062.38,162.01,900.37,0.0,1.0
adult,random_forest,race,eod_violation,0.27,1.0,100,0.05649848658679306,0.03474554607985247,0.0562831497426936,0.0077378379297981595,0.11323097392353783,0.8647195305036167,0.0036473048214931197,0.9174074711433227,0.0034759930929821044,1062.38,162.01,900.37,0.0,1.0
adult,random_forest,race,eod_violation,0.28,1.0,100,0.05649848658679306,0.03474554607985247,0.0562831497426936,0.0077378379297981595,0.11323097392353783,0.8647195305036167,0.0036473048214931197,0.9174074711433227,0.0034759930929821044,1062.38,162.01,900.37,0.0,1.0
adult,random_forest,race,eod_violation,0.29,1.0,100,0.05649848658679306,0.03474554607985247,0.0562831497426936,0.0077378379297981595,0.11323097392353783,0.8647195305036167,0.0036473048214931197,0.9174074711433227,0.0034759930929821044,1062.38,162.01,900.37,0.0,1.0
adult,random_forest,race,eod_violation,0.3,1.0,100,0.05649848658679306,0.03474554607985247,0.0562831497426936,0.0077378379297981595,0.11323097392353783,0.8647195305036167,0.0036473048214931197,0.9174074711433227,0.0034759930929821044,1062.38,162.01,900.37,0.0,1.0
adult,random_forest,race,equalized_odds_violation,0.0,0.0,100,0.05914394122762207,0.03146997882592839,0.0562831497426936,0.020232279292689215,0.11323097392353783,0.8647195305036167,0.0036473048214931197,0.9174074711433227,0.0034759930929821044,1062.38,162.01,900.37,0.0,1.0
adult,random_forest,race,equalized_odds_violation,0.01,0.0,100,0.05914394122762207,0.03146997882592839,0.0562831497426936,0.020232279292689215,0.11323097392353783,0.8647195305036167,0.0036473048214931197,0.9174074711433227,0.0034759930929821044,1062.38,162.01,900.37,0.0,1.0
adult,random_forest,race,equalized_odds_violation,0.02,0.05,100,0.05914394122762207,0.03146997882592839,0.0562831497426936,0.020232279292689215,0.11323097392353783,0.8647195305036167,0.0036473048214931197,0.9174074711433227,0.0034759930929821044,1062.38,162.01,900.37,0.095,0.905
adult,random_forest,race,equalized_odds_violation,0.03,0.22,100,0.05914394122762207,0.03146997882592839,0.0562831497426936,0.020232279292689215,0.11323097392353783,0.8647195305036167,0.0036473048214931197,0.9174074711433227,0.0034759930929821044,1062.38,162.01,900.37,0.3432,0.6568
adult,random_forest,race,equalized_odds_violation,0.04,0.37,100,0.05914394122762207,0.03146997882592839,0.0562831497426936,0.020232279292689215,0.11323097392353783,0.8647195305036167,0.0036473048214931197,0.9174074711433227,0.0034759930929821044,1062.38,162.01,900.37,0.4662,0.5338
adult,random_forest,race,equalized_odds_violation,0.05,0.44,100,0.05914394122762207,0.03146997882592839,0.0562831497426936,0.020232279292689215,0.11323097392353783,0.8647195305036167,0.0036473048214931197,0.9174074711433227,0.0034759930929821044,1062.38,162.01,900.37,0.49280000000000007,0.5071999999999999
adult,random_forest,race,equalized_odds_violation,0.06,0.54,100,0.05914394122762207,0.03146997882592839,0.0562831497426936,0.020232279292689215,0.11323097392353783,0.8647195305036167,0.0036473048214931197,0.9174074711433227,0.0034759930929821044,1062.38,162.01,900.37,0.4968,0.5032
adult,random_forest,race,equalized_odds_violation,0.07,0.64,100,0.05914394122762207,0.03146997882592839,0.0562831497426936,0.020232279292689215,0.11323097392353783,0.8647195305036167,0.0036473048214931197,0.9174074711433227,0.0034759930929821044,1062.38,162.01,900.37,0.4608,0.5392
adult,random_forest,race,equalized_odds_violation,0.08,0.77,100,0.05914394122762207,0.03146997882592839,0.0562831497426936,0.020232279292689215,0.11323097392353783,0.8647195305036167,0.0036473048214931197,0.9174074711433227,0.0034759930929821044,1062.38,162.01,900.37,0.35419999999999996,0.6458
adult,random_forest,race,equalized_odds_violation,0.09,0.83,100,0.05914394122762207,0.03146997882592839,0.0562831497426936,0.020232279292689215,0.11323097392353783,0.8647195305036167,0.0036473048214931197,0.9174074711433227,0.0034759930929821044,1062.38,162.01,900.37,0.28220000000000006,0.7178
adult,random_forest,race,equalized_odds_violation,0.1,0.87,100,0.05914394122762207,0.03146997882592839,0.0562831497426936,0.020232279292689215,0.11323097392353783,0.8647195305036167,0.0036473048214931197,0.9174074711433227,0.0034759930929821044,1062.38,162.01,900.37,0.2262,0.7738
adult,random_forest,race,equalized_odds_violation,0.11,0.94,100,0.05914394122762207,0.03146997882592839,0.0562831497426936,0.020232279292689215,0.11323097392353783,0.8647195305036167,0.0036473048214931197,0.9174074711433227,0.0034759930929821044,1062.38,162.01,900.37,0.1128000000000001,0.8871999999999999
adult,random_forest,race,equalized_odds_violation,0.12,0.96,100,0.05914394122762207,0.03146997882592839,0.0562831497426936,0.020232279292689215,0.11323097392353783,0.8647195305036167,0.0036473048214931197,0.9174074711433227,0.0034759930929821044,1062.38,162.01,900.37,0.07680000000000006,0.9231999999999999
adult,random_forest,race,equalized_odds_violation,0.13,0.98,100,0.05914394122762207,0.03146997882592839,0.0562831497426936,0.020232279292689215,0.11323097392353783,0.8647195305036167,0.0036473048214931197,0.9174074711433227,0.0034759930929821044,1062.38,162.01,900.37,0.03920000000000003,0.9608
adult,random_forest,race,equalized_odds_violation,0.14,0.99,100,0.05914394122762207,0.03146997882592839,0.0562831497426936,0.020232279292689215,0.11323097392353783,0.8647195305036167,0.0036473048214931197,0.9174074711433227,0.0034759930929821044,1062.38,162.01,900.37,0.01980000000000002,0.9802
adult,random_forest,race,equalized_odds_violation,0.15,0.99,100,0.05914394122762207,0.03146997882592839,0.0562831497426936,0.020232279292689215,0.11323097392353783,0.8647195305036167,0.0036473048214931197,0.9174074711433227,0.0034759930929821044,1062.38,162.01,900.37,0.01980000000000002,0.9802
adult,random_forest,race,equalized_odds_violation,0.16,1.0,100,0.05914394122762207,0.03146997882592839,0.0562831497426936,0.020232279292689215,0.11323097392353783,0.8647195305036167,0.0036473048214931197,0.9174074711433227,0.0034759930929821044,1062.38,162.01,900.37,0.0,1.0
adult,random_forest,race,equalized_odds_violation,0.17,1.0,100,0.05914394122762207,0.03146997882592839,0.0562831497426936,0.020232279292689215,0.11323097392353783,0.8647195305036167,0.0036473048214931197,0.9174074711433227,0.0034759930929821044,1062.38,162.01,900.37,0.0,1.0
adult,random_forest,race,equalized_odds_violation,0.18,1.0,100,0.05914394122762207,0.03146997882592839,0.0562831497426936,0.020232279292689215,0.11323097392353783,0.8647195305036167,0.0036473048214931197,0.9174074711433227,0.0034759930929821044,1062.38,162.01,900.37,0.0,1.0
adult,random_forest,race,equalized_odds_violation,0.19,1.0,100,0.05914394122762207,0.03146997882592839,0.0562831497426936,0.020232279292689215,0.11323097392353783,0.8647195305036167,0.0036473048214931197,0.9174074711433227,0.0034759930929821044,1062.38,162.01,900.37,0.0,1.0
adult,random_forest,race,equalized_odds_violation,0.2,1.0,100,0.05914394122762207,0.03146997882592839,0.0562831497426936,0.020232279292689215,0.11323097392353783,0.8647195305036167,0.0036473048214931197,0.9174074711433227,0.0034759930929821044,1062.38,162.01,900.37,0.0,1.0
adult,random_forest,race,equalized_odds_violation,0.21,1.0,100,0.05914394122762207,0.03146997882592839,0.0562831497426936,0.020232279292689215,0.11323097392353783,0.8647195305036167,0.0036473048214931197,0.9174074711433227,0.0034759930929821044,1062.38,162.01,900.37,0.0,1.0
adult,random_forest,race,equalized_odds_violation,0.22,1.0,100,0.05914394122762207,0.03146997882592839,0.0562831497426936,0.020232279292689215,0.11323097392353783,0.8647195305036167,0.0036473048214931197,0.9174074711433227,0.0034759930929821044,1062.38,162.01,900.37,0.0,1.0
adult,random_forest,race,equalized_odds_violation,0.23,1.0,100,0.05914394122762207,0.03146997882592839,0.0562831497426936,0.020232279292689215,0.11323097392353783,0.8647195305036167,0.0036473048214931197,0.9174074711433227,0.0034759930929821044,1062.38,162.01,900.37,0.0,1.0
adult,random_forest,race,equalized_odds_violation,0.24,1.0,100,0.05914394122762207,0.03146997882592839,0.0562831497426936,0.020232279292689215,0.11323097392353783,0.8647195305036167,0.0036473048214931197,0.9174074711433227,0.0034759930929821044,1062.38,162.01,900.37,0.0,1.0
adult,random_forest,race,equalized_odds_violation,0.25,1.0,100,0.05914394122762207,0.03146997882592839,0.0562831497426936,0.020232279292689215,0.11323097392353783,0.8647195305036167,0.0036473048214931197,0.9174074711433227,0.0034759930929821044,1062.38,162.01,900.37,0.0,1.0
adult,random_forest,race,equalized_odds_violation,0.26,1.0,100,0.05914394122762207,0.03146997882592839,0.0562831497426936,0.020232279292689215,0.11323097392353783,0.8647195305036167,0.0036473048214931197,0.9174074711433227,0.0034759930929821044,1062.38,162.01,900.37,0.0,1.0
adult,random_forest,race,equalized_odds_violation,0.27,1.0,100,0.05914394122762207,0.03146997882592839,0.0562831497426936,0.020232279292689215,0.11323097392353783,0.8647195305036167,0.0036473048214931197,0.9174074711433227,0.0034759930929821044,1062.38,162.01,900.37,0.0,1.0
adult,random_forest,race,equalized_odds_violation,0.28,1.0,100,0.05914394122762207,0.03146997882592839,0.0562831497426936,0.020232279292689215,0.11323097392353783,0.8647195305036167,0.0036473048214931197,0.9174074711433227,0.0034759930929821044,1062.38,162.01,900.37,0.0,1.0
adult,random_forest,race,equalized_odds_violation,0.29,1.0,100,0.05914394122762207,0.03146997882592839,0.0562831497426936,0.020232279292689215,0.11323097392353783,0.8647195305036167,0.0036473048214931197,0.9174074711433227,0.0034759930929821044,1062.38,162.01,900.37,0.0,1.0
adult,random_forest,race,equalized_odds_violation,0.3,1.0,100,0.05914394122762207,0.03146997882592839,0.0562831497426936,0.020232279292689215,0.11323097392353783,0.8647195305036167,0.0036473048214931197,0.9174074711433227,0.0034759930929821044,1062.38,162.01,900.37,0.0,1.0
adult,random_forest,sex,dpd_violation,0.0,0.0,100,0.17377910953342873,0.008806561349968744,0.17454394667635809,0.1572197433952088,0.18674014348598506,0.8647195305036167,0.0036473048214931197,0.9174074711433227,0.0034759930929821044,2429.11,265.05,2164.06,0.0,1.0
adult,random_forest,sex,dpd_violation,0.01,0.0,100,0.17377910953342873,0.008806561349968744,0.17454394667635809,0.1572197433952088,0.18674014348598506,0.8647195305036167,0.0036473048214931197,0.9174074711433227,0.0034759930929821044,2429.11,265.05,2164.06,0.0,1.0
adult,random_forest,sex,dpd_violation,0.02,0.0,100,0.17377910953342873,0.008806561349968744,0.17454394667635809,0.1572197433952088,0.18674014348598506,0.8647195305036167,0.0036473048214931197,0.9174074711433227,0.0034759930929821044,2429.11,265.05,2164.06,0.0,1.0
adult,random_forest,sex,dpd_violation,0.03,0.0,100,0.17377910953342873,0.008806561349968744,0.17454394667635809,0.1572197433952088,0.18674014348598506,0.8647195305036167,0.0036473048214931197,0.9174074711433227,0.0034759930929821044,2429.11,265.05,2164.06,0.0,1.0
adult,random_forest,sex,dpd_violation,0.04,0.0,100,0.17377910953342873,0.008806561349968744,0.17454394667635809,0.1572197433952088,0.18674014348598506,0.8647195305036167,0.0036473048214931197,0.9174074711433227,0.0034759930929821044,2429.11,265.05,2164.06,0.0,1.0
adult,random_forest,sex,dpd_violation,0.05,0.0,100,0.17377910953342873,0.008806561349968744,0.17454394667635809,0.1572197433952088,0.18674014348598506,0.8647195305036167,0.0036473048214931197,0.9174074711433227,0.0034759930929821044,2429.11,265.05,2164.06,0.0,1.0
adult,random_forest,sex,dpd_violation,0.06,0.0,100,0.17377910953342873,0.008806561349968744,0.17454394667635809,0.1572197433952088,0.18674014348598506,0.8647195305036167,0.0036473048214931197,0.9174074711433227,0.0034759930929821044,2429.11,265.05,2164.06,0.0,1.0
adult,random_forest,sex,dpd_violation,0.07,0.0,100,0.17377910953342873,0.008806561349968744,0.17454394667635809,0.1572197433952088,0.18674014348598506,0.8647195305036167,0.0036473048214931197,0.9174074711433227,0.0034759930929821044,2429.11,265.05,2164.06,0.0,1.0
adult,random_forest,sex,dpd_violation,0.08,0.0,100,0.17377910953342873,0.008806561349968744,0.17454394667635809,0.1572197433952088,0.18674014348598506,0.8647195305036167,0.0036473048214931197,0.9174074711433227,0.0034759930929821044,2429.11,265.05,2164.06,0.0,1.0
adult,random_forest,sex,dpd_violation,0.09,0.0,100,0.17377910953342873,0.008806561349968744,0.17454394667635809,0.1572197433952088,0.18674014348598506,0.8647195305036167,0.0036473048214931197,0.9174074711433227,0.0034759930929821044,2429.11,265.05,2164.06,0.0,1.0
adult,random_forest,sex,dpd_violation,0.1,0.0,100,0.17377910953342873,0.008806561349968744,0.17454394667635809,0.1572197433952088,0.18674014348598506,0.8647195305036167,0.0036473048214931197,0.9174074711433227,0.0034759930929821044,2429.11,265.05,2164.06,0.0,1.0
adult,random_forest,sex,dpd_violation,0.11,0.0,100,0.17377910953342873,0.008806561349968744,0.17454394667635809,0.1572197433952088,0.18674014348598506,0.8647195305036167,0.0036473048214931197,0.9174074711433227,0.0034759930929821044,2429.11,265.05,2164.06,0.0,1.0
adult,random_forest,sex,dpd_violation,0.12,0.0,100,0.17377910953342873,0.008806561349968744,0.17454394667635809,0.1572197433952088,0.18674014348598506,0.8647195305036167,0.0036473048214931197,0.9174074711433227,0.0034759930929821044,2429.11,265.05,2164.06,0.0,1.0
adult,random_forest,sex,dpd_violation,0.13,0.0,100,0.17377910953342873,0.008806561349968744,0.17454394667635809,0.1572197433952088,0.18674014348598506,0.8647195305036167,0.0036473048214931197,0.9174074711433227,0.0034759930929821044,2429.11,265.05,2164.06,0.0,1.0
adult,random_forest,sex,dpd_violation,0.14,0.0,100,0.17377910953342873,0.008806561349968744,0.17454394667635809,0.1572197433952088,0.18674014348598506,0.8647195305036167,0.0036473048214931197,0.9174074711433227,0.0034759930929821044,2429.11,265.05,2164.06,0.0,1.0
adult,random_forest,sex,dpd_violation,0.15,0.01,100,0.17377910953342873,0.008806561349968744,0.17454394667635809,0.1572197433952088,0.18674014348598506,0.8647195305036167,0.0036473048214931197,0.9174074711433227,0.0034759930929821044,2429.11,265.05,2164.06,0.0198,0.9802
adult,random_forest,sex,dpd_violation,0.16,0.08,100,0.17377910953342873,0.008806561349968744,0.17454394667635809,0.1572197433952088,0.18674014348598506,0.8647195305036167,0.0036473048214931197,0.9174074711433227,0.0034759930929821044,2429.11,265.05,2164.06,0.1472,0.8528
adult,random_forest,sex,dpd_violation,0.17,0.28,100,0.17377910953342873,0.008806561349968744,0.17454394667635809,0.1572197433952088,0.18674014348598506,0.8647195305036167,0.0036473048214931197,0.9174074711433227,0.0034759930929821044,2429.11,265.05,2164.06,0.4032,0.5968
adult,random_forest,sex,dpd_violation,0.18,0.8,100,0.17377910953342873,0.008806561349968744,0.17454394667635809,0.1572197433952088,0.18674014348598506,0.8647195305036167,0.0036473048214931197,0.9174074711433227,0.0034759930929821044,2429.11,265.05,2164.06,0.31999999999999995,0.68
adult,random_forest,sex,dpd_violation,0.19,0.99,100,0.17377910953342873,0.008806561349968744,0.17454394667635809,0.1572197433952088,0.18674014348598506,0.8647195305036167,0.0036473048214931197,0.9174074711433227,0.0034759930929821044,2429.11,265.05,2164.06,0.01980000000000002,0.9802
adult,random_forest,sex,dpd_violation,0.2,1.0,100,0.17377910953342873,0.008806561349968744,0.17454394667635809,0.1572197433952088,0.18674014348598506,0.8647195305036167,0.0036473048214931197,0.9174074711433227,0.0034759930929821044,2429.11,265.05,2164.06,0.0,1.0
adult,random_forest,sex,dpd_violation,0.21,1.0,100,0.17377910953342873,0.008806561349968744,0.17454394667635809,0.1572197433952088,0.18674014348598506,0.8647195305036167,0.0036473048214931197,0.9174074711433227,0.0034759930929821044,2429.11,265.05,2164.06,0.0,1.0
adult,random_forest,sex,dpd_violation,0.22,1.0,100,0.17377910953342873,0.008806561349968744,0.17454394667635809,0.1572197433952088,0.18674014348598506,0.8647195305036167,0.0036473048214931197,0.9174074711433227,0.0034759930929821044,2429.11,265.05,2164.06,0.0,1.0
adult,random_forest,sex,dpd_violation,0.23,1.0,100,0.17377910953342873,0.008806561349968744,0.17454394667635809,0.1572197433952088,0.18674014348598506,0.8647195305036167,0.0036473048214931197,0.9174074711433227,0.0034759930929821044,2429.11,265.05,2164.06,0.0,1.0
adult,random_forest,sex,dpd_violation,0.24,1.0,100,0.17377910953342873,0.008806561349968744,0.17454394667635809,0.1572197433952088,0.18674014348598506,0.8647195305036167,0.0036473048214931197,0.9174074711433227,0.0034759930929821044,2429.11,265.05,2164.06,0.0,1.0
adult,random_forest,sex,dpd_violation,0.25,1.0,100,0.17377910953342873,0.008806561349968744,0.17454394667635809,0.1572197433952088,0.18674014348598506,0.8647195305036167,0.0036473048214931197,0.9174074711433227,0.0034759930929821044,2429.11,265.05,2164.06,0.0,1.0
adult,random_forest,sex,dpd_violation,0.26,1.0,100,0.17377910953342873,0.008806561349968744,0.17454394667635809,0.1572197433952088,0.18674014348598506,0.8647195305036167,0.0036473048214931197,0.9174074711433227,0.0034759930929821044,2429.11,265.05,2164.06,0.0,1.0
adult,random_forest,sex,dpd_violation,0.27,1.0,100,0.17377910953342873,0.008806561349968744,0.17454394667635809,0.1572197433952088,0.18674014348598506,0.8647195305036167,0.0036473048214931197,0.9174074711433227,0.0034759930929821044,2429.11,265.05,2164.06,0.0,1.0
adult,random_forest,sex,dpd_violation,0.28,1.0,100,0.17377910953342873,0.008806561349968744,0.17454394667635809,0.1572197433952088,0.18674014348598506,0.8647195305036167,0.0036473048214931197,0.9174074711433227,0.0034759930929821044,2429.11,265.05,2164.06,0.0,1.0
adult,random_forest,sex,dpd_violation,0.29,1.0,100,0.17377910953342873,0.008806561349968744,0.17454394667635809,0.1572197433952088,0.18674014348598506,0.8647195305036167,0.0036473048214931197,0.9174074711433227,0.0034759930929821044,2429.11,265.05,2164.06,0.0,1.0
adult,random_forest,sex,dpd_violation,0.3,1.0,100,0.17377910953342873,0.008806561349968744,0.17454394667635809,0.1572197433952088,0.18674014348598506,0.8647195305036167,0.0036473048214931197,0.9174074711433227,0.0034759930929821044,2429.11,265.05,2164.06,0.0,1.0
adult,random_forest,sex,dpr_violation,0.0,0.0,100,0.704161201406529,0.023555242445703818,0.7081830578337948,0.6578864295738917,0.7408730455742965,0.8647195305036167,0.0036473048214931197,0.9174074711433227,0.0034759930929821044,2429.11,265.05,2164.06,0.0,1.0
adult,random_forest,sex,dpr_violation,0.010000000000000009,0.0,100,0.704161201406529,0.023555242445703818,0.7081830578337948,0.6578864295738917,0.7408730455742965,0.8647195305036167,0.0036473048214931197,0.9174074711433227,0.0034759930929821044,2429.11,265.05,2164.06,0.0,1.0
adult,random_forest,sex,dpr_violation,0.020000000000000018,0.0,100,0.704161201406529,0.023555242445703818,0.7081830578337948,0.6578864295738917,0.7408730455742965,0.8647195305036167,0.0036473048214931197,0.9174074711433227,0.0034759930929821044,2429.11,265.05,2164.06,0.0,1.0
adult,random_forest,sex,dpr_violation,0.030000000000000027,0.0,100,0.704161201406529,0.023555242445703818,0.7081830578337948,0.6578864295738917,0.7408730455742965,0.8647195305036167,0.0036473048214931197,0.9174074711433227,0.0034759930929821044,2429.11,265.05,2164.06,0.0,1.0
adult,random_forest,sex,dpr_violation,0.040000000000000036,0.0,100,0.704161201406529,0.023555242445703818,0.7081830578337948,0.6578864295738917,0.7408730455742965,0.8647195305036167,0.0036473048214931197,0.9174074711433227,0.0034759930929821044,2429.11,265.05,2164.06,0.0,1.0
adult,random_forest,sex,dpr_violation,0.050000000000000044,0.0,100,0.704161201406529,0.023555242445703818,0.7081830578337948,0.6578864295738917,0.7408730455742965,0.8647195305036167,0.0036473048214931197,0.9174074711433227,0.0034759930929821044,2429.11,265.05,2164.06,0.0,1.0
adult,random_forest,sex,dpr_violation,0.06000000000000005,0.0,100,0.704161201406529,0.023555242445703818,0.7081830578337948,0.6578864295738917,0.7408730455742965,0.8647195305036167,0.0036473048214931197,0.9174074711433227,0.0034759930929821044,2429.11,265.05,2164.06,0.0,1.0
adult,random_forest,sex,dpr_violation,0.06999999999999995,0.0,100,0.704161201406529,0.023555242445703818,0.7081830578337948,0.6578864295738917,0.7408730455742965,0.8647195305036167,0.0036473048214931197,0.9174074711433227,0.0034759930929821044,2429.11,265.05,2164.06,0.0,1.0
adult,random_forest,sex,dpr_violation,0.07999999999999996,0.0,100,0.704161201406529,0.023555242445703818,0.7081830578337948,0.6578864295738917,0.7408730455742965,0.8647195305036167,0.0036473048214931197,0.9174074711433227,0.0034759930929821044,2429.11,265.05,2164.06,0.0,1.0
adult,random_forest,sex,dpr_violation,0.08999999999999997,0.0,100,0.704161201406529,0.023555242445703818,0.7081830578337948,0.6578864295738917,0.7408730455742965,0.8647195305036167,0.0036473048214931197,0.9174074711433227,0.0034759930929821044,2429.11,265.05,2164.06,0.0,1.0
adult,random_forest,sex,dpr_violation,0.09999999999999998,0.0,100,0.704161201406529,0.023555242445703818,0.7081830578337948,0.6578864295738917,0.7408730455742965,0.8647195305036167,0.0036473048214931197,0.9174074711433227,0.0034759930929821044,2429.11,265.05,2164.06,0.0,1.0
adult,random_forest,sex,dpr_violation,0.10999999999999999,0.0,100,0.704161201406529,0.023555242445703818,0.7081830578337948,0.6578864295738917,0.7408730455742965,0.8647195305036167,0.0036473048214931197,0.9174074711433227,0.0034759930929821044,2429.11,265.05,2164.06,0.0,1.0
adult,random_forest,sex,dpr_violation,0.12,0.0,100,0.704161201406529,0.023555242445703818,0.7081830578337948,0.6578864295738917,0.7408730455742965,0.8647195305036167,0.0036473048214931197,0.9174074711433227,0.0034759930929821044,2429.11,265.05,2164.06,0.0,1.0
adult,random_forest,sex,dpr_violation,0.13,0.0,100,0.704161201406529,0.023555242445703818,0.7081830578337948,0.6578864295738917,0.7408730455742965,0.8647195305036167,0.0036473048214931197,0.9174074711433227,0.0034759930929821044,2429.11,265.05,2164.06,0.0,1.0
adult,random_forest,sex,dpr_violation,0.14,0.0,100,0.704161201406529,0.023555242445703818,0.7081830578337948,0.6578864295738917,0.7408730455742965,0.8647195305036167,0.0036473048214931197,0.9174074711433227,0.0034759930929821044,2429.11,265.05,2164.06,0.0,1.0
adult,random_forest,sex,dpr_violation,0.15000000000000002,0.0,100,0.704161201406529,0.023555242445703818,0.7081830578337948,0.6578864295738917,0.7408730455742965,0.8647195305036167,0.0036473048214931197,0.9174074711433227,0.0034759930929821044,2429.11,265.05,2164.06,0.0,1.0
adult,random_forest,sex,dpr_violation,0.16000000000000003,0.0,100,0.704161201406529,0.023555242445703818,0.7081830578337948,0.6578864295738917,0.7408730455742965,0.8647195305036167,0.0036473048214931197,0.9174074711433227,0.0034759930929821044,2429.11,265.05,2164.06,0.0,1.0
adult,random_forest,sex,dpr_violation,0.17000000000000004,0.0,100,0.704161201406529,0.023555242445703818,0.7081830578337948,0.6578864295738917,0.7408730455742965,0.8647195305036167,0.0036473048214931197,0.9174074711433227,0.0034759930929821044,2429.11,265.05,2164.06,0.0,1.0
adult,random_forest,sex,dpr_violation,0.18000000000000005,0.0,100,0.704161201406529,0.023555242445703818,0.7081830578337948,0.6578864295738917,0.7408730455742965,0.8647195305036167,0.0036473048214931197,0.9174074711433227,0.0034759930929821044,2429.11,265.05,2164.06,0.0,1.0
adult,random_forest,sex,dpr_violation,0.18999999999999995,0.0,100,0.704161201406529,0.023555242445703818,0.7081830578337948,0.6578864295738917,0.7408730455742965,0.8647195305036167,0.0036473048214931197,0.9174074711433227,0.0034759930929821044,2429.11,265.05,2164.06,0.0,1.0
adult,random_forest,sex,dpr_violation,0.19999999999999996,0.0,100,0.704161201406529,0.023555242445703818,0.7081830578337948,0.6578864295738917,0.7408730455742965,0.8647195305036167,0.0036473048214931197,0.9174074711433227,0.0034759930929821044,2429.11,265.05,2164.06,0.0,1.0
adult,random_forest,sex,dpr_violation,0.20999999999999996,0.0,100,0.704161201406529,0.023555242445703818,0.7081830578337948,0.6578864295738917,0.7408730455742965,0.8647195305036167,0.0036473048214931197,0.9174074711433227,0.0034759930929821044,2429.11,265.05,2164.06,0.0,1.0
adult,random_forest,sex,dpr_violation,0.21999999999999997,0.0,100,0.704161201406529,0.023555242445703818,0.7081830578337948,0.6578864295738917,0.7408730455742965,0.8647195305036167,0.0036473048214931197,0.9174074711433227,0.0034759930929821044,2429.11,265.05,2164.06,0.0,1.0
adult,random_forest,sex,dpr_violation,0.22999999999999998,0.0,100,0.704161201406529,0.023555242445703818,0.7081830578337948,0.6578864295738917,0.7408730455742965,0.8647195305036167,0.0036473048214931197,0.9174074711433227,0.0034759930929821044,2429.11,265.05,2164.06,0.0,1.0
adult,random_forest,sex,dpr_violation,0.24,0.0,100,0.704161201406529,0.023555242445703818,0.7081830578337948,0.6578864295738917,0.7408730455742965,0.8647195305036167,0.0036473048214931197,0.9174074711433227,0.0034759930929821044,2429.11,265.05,2164.06,0.0,1.0
adult,random_forest,sex,dpr_violation,0.25,0.0,100,0.704161201406529,0.023555242445703818,0.7081830578337948,0.6578864295738917,0.7408730455742965,0.8647195305036167,0.0036473048214931197,0.9174074711433227,0.0034759930929821044,2429.11,265.05,2164.06,0.0,1.0
adult,random_forest,sex,dpr_violation,0.26,0.0,100,0.704161201406529,0.023555242445703818,0.7081830578337948,0.6578864295738917,0.7408730455742965,0.8647195305036167,0.0036473048214931197,0.9174074711433227,0.0034759930929821044,2429.11,265.05,2164.06,0.0,1.0
adult,random_forest,sex,dpr_violation,0.27,0.0,100,0.704161201406529,0.023555242445703818,0.7081830578337948,0.6578864295738917,0.7408730455742965,0.8647195305036167,0.0036473048214931197,0.9174074711433227,0.0034759930929821044,2429.11,265.05,2164.06,0.0,1.0
adult,random_forest,sex,dpr_violation,0.28,0.0,100,0.704161201406529,0.023555242445703818,0.7081830578337948,0.6578864295738917,0.7408730455742965,0.8647195305036167,0.0036473048214931197,0.9174074711433227,0.0034759930929821044,2429.11,265.05,2164.06,0.0,1.0
adult,random_forest,sex,dpr_violation,0.29000000000000004,0.0,100,0.704161201406529,0.023555242445703818,0.7081830578337948,0.6578864295738917,0.7408730455742965,0.8647195305036167,0.0036473048214931197,0.9174074711433227,0.0034759930929821044,2429.11,265.05,2164.06,0.0,1.0
adult,random_forest,sex,dpr_violation,0.30000000000000004,0.0,100,0.704161201406529,0.023555242445703818,0.7081830578337948,0.6578864295738917,0.7408730455742965,0.8647195305036167,0.0036473048214931197,0.9174074711433227,0.0034759930929821044,2429.11,265.05,2164.06,0.0,1.0
adult,random_forest,sex,dpr_violation,0.31000000000000005,0.0,100,0.704161201406529,0.023555242445703818,0.7081830578337948,0.6578864295738917,0.7408730455742965,0.8647195305036167,0.0036473048214931197,0.9174074711433227,0.0034759930929821044,2429.11,265.05,2164.06,0.0,1.0
adult,random_forest,sex,dpr_violation,0.31999999999999995,0.0,100,0.704161201406529,0.023555242445703818,0.7081830578337948,0.6578864295738917,0.7408730455742965,0.8647195305036167,0.0036473048214931197,0.9174074711433227,0.0034759930929821044,2429.11,265.05,2164.06,0.0,1.0
adult,random_forest,sex,dpr_violation,0.32999999999999996,0.0,100,0.704161201406529,0.023555242445703818,0.7081830578337948,0.6578864295738917,0.7408730455742965,0.8647195305036167,0.0036473048214931197,0.9174074711433227,0.0034759930929821044,2429.11,265.05,2164.06,0.0,1.0
adult,random_forest,sex,dpr_violation,0.33999999999999997,0.0,100,0.704161201406529,0.023555242445703818,0.7081830578337948,0.6578864295738917,0.7408730455742965,0.8647195305036167,0.0036473048214931197,0.9174074711433227,0.0034759930929821044,2429.11,265.05,2164.06,0.0,1.0
adult,random_forest,sex,dpr_violation,0.35,0.0,100,0.704161201406529,0.023555242445703818,0.7081830578337948,0.6578864295738917,0.7408730455742965,0.8647195305036167,0.0036473048214931197,0.9174074711433227,0.0034759930929821044,2429.11,265.05,2164.06,0.0,1.0
adult,random_forest,sex,dpr_violation,0.36,0.0,100,0.704161201406529,0.023555242445703818,0.7081830578337948,0.6578864295738917,0.7408730455742965,0.8647195305036167,0.0036473048214931197,0.9174074711433227,0.0034759930929821044,2429.11,265.05,2164.06,0.0,1.0
adult,random_forest,sex,dpr_violation,0.37,0.0,100,0.704161201406529,0.023555242445703818,0.7081830578337948,0.6578864295738917,0.7408730455742965,0.8647195305036167,0.0036473048214931197,0.9174074711433227,0.0034759930929821044,2429.11,265.05,2164.06,0.0,1.0
adult,random_forest,sex,dpr_violation,0.38,0.0,100,0.704161201406529,0.023555242445703818,0.7081830578337948,0.6578864295738917,0.7408730455742965,0.8647195305036167,0.0036473048214931197,0.9174074711433227,0.0034759930929821044,2429.11,265.05,2164.06,0.0,1.0
adult,random_forest,sex,dpr_violation,0.39,0.0,100,0.704161201406529,0.023555242445703818,0.7081830578337948,0.6578864295738917,0.7408730455742965,0.8647195305036167,0.0036473048214931197,0.9174074711433227,0.0034759930929821044,2429.11,265.05,2164.06,0.0,1.0
adult,random_forest,sex,dpr_violation,0.4,0.0,100,0.704161201406529,0.023555242445703818,0.7081830578337948,0.6578864295738917,0.7408730455742965,0.8647195305036167,0.0036473048214931197,0.9174074711433227,0.0034759930929821044,2429.11,265.05,2164.06,0.0,1.0
adult,random_forest,sex,eod_violation,0.0,0.0,100,0.09981356763041294,0.034961957933106594,0.1006601936905891,0.04607413356203529,0.1531788437208859,0.8647195305036167,0.0036473048214931197,0.9174074711433227,0.0034759930929821044,2429.11,265.05,2164.06,0.0,1.0
adult,random_forest,sex,eod_violation,0.01,0.02,100,0.09981356763041294,0.034961957933106594,0.1006601936905891,0.04607413356203529,0.1531788437208859,0.8647195305036167,0.0036473048214931197,0.9174074711433227,0.0034759930929821044,2429.11,265.05,2164.06,0.0392,0.9608
adult,random_forest,sex,eod_violation,0.02,0.02,100,0.09981356763041294,0.034961957933106594,0.1006601936905891,0.04607413356203529,0.1531788437208859,0.8647195305036167,0.0036473048214931197,0.9174074711433227,0.0034759930929821044,2429.11,265.05,2164.06,0.0392,0.9608
adult,random_forest,sex,eod_violation,0.03,0.02,100,0.09981356763041294,0.034961957933106594,0.1006601936905891,0.04607413356203529,0.1531788437208859,0.8647195305036167,0.0036473048214931197,0.9174074711433227,0.0034759930929821044,2429.11,265.05,2164.06,0.0392,0.9608
adult,random_forest,sex,eod_violation,0.04,0.03,100,0.09981356763041294,0.034961957933106594,0.1006601936905891,0.04607413356203529,0.1531788437208859,0.8647195305036167,0.0036473048214931197,0.9174074711433227,0.0034759930929821044,2429.11,265.05,2164.06,0.058199999999999995,0.9418
adult,random_forest,sex,eod_violation,0.05,0.07,100,0.09981356763041294,0.034961957933106594,0.1006601936905891,0.04607413356203529,0.1531788437208859,0.8647195305036167,0.0036473048214931197,0.9174074711433227,0.0034759930929821044,2429.11,265.05,2164.06,0.1302,0.8698
adult,random_forest,sex,eod_violation,0.06,0.13,100,0.09981356763041294,0.034961957933106594,0.1006601936905891,0.04607413356203529,0.1531788437208859,0.8647195305036167,0.0036473048214931197,0.9174074711433227,0.0034759930929821044,2429.11,265.05,2164.06,0.2262,0.7738
adult,random_forest,sex,eod_violation,0.07,0.18,100,0.09981356763041294,0.034961957933106594,0.1006601936905891,0.04607413356203529,0.1531788437208859,0.8647195305036167,0.0036473048214931197,0.9174074711433227,0.0034759930929821044,2429.11,265.05,2164.06,0.2952,0.7048
adult,random_forest,sex,eod_violation,0.08,0.25,100,0.09981356763041294,0.034961957933106594,0.1006601936905891,0.04607413356203529,0.1531788437208859,0.8647195305036167,0.0036473048214931197,0.9174074711433227,0.0034759930929821044,2429.11,265.05,2164.06,0.375,0.625
adult,random_forest,sex,eod_violation,0.09,0.38,100,0.09981356763041294,0.034961957933106594,0.1006601936905891,0.04607413356203529,0.1531788437208859,0.8647195305036167,0.0036473048214931197,0.9174074711433227,0.0034759930929821044,2429.11,265.05,2164.06,0.4712,0.5287999999999999
adult,random_forest,sex,eod_violation,0.1,0.49,100,0.09981356763041294,0.034961957933106594,0.1006601936905891,0.04607413356203529,0.1531788437208859,0.8647195305036167,0.0036473048214931197,0.9174074711433227,0.0034759930929821044,2429.11,265.05,2164.06,0.4998,0.5002
adult,random_forest,sex,eod_violation,0.11,0.6,100,0.09981356763041294,0.034961957933106594,0.1006601936905891,0.04607413356203529,0.1531788437208859,0.8647195305036167,0.0036473048214931197,0.9174074711433227,0.0034759930929821044,2429.11,265.05,2164.06,0.48,0.52
adult,random_forest,sex,eod_violation,0.12,0.7,100,0.09981356763041294,0.034961957933106594,0.1006601936905891,0.04607413356203529,0.1531788437208859,0.8647195305036167,0.0036473048214931197,0.9174074711433227,0.0034759930929821044,2429.11,265.05,2164.06,0.42000000000000004,0.58
adult,random_forest,sex,eod_violation,0.13,0.84,100,0.09981356763041294,0.034961957933106594,0.1006601936905891,0.04607413356203529,0.1531788437208859,0.8647195305036167,0.0036473048214931197,0.9174074711433227,0.0034759930929821044,2429.11,265.05,2164.06,0.26880000000000004,0.7312
adult,random_forest,sex,eod_violation,0.14,0.91,100,0.09981356763041294,0.034961957933106594,0.1006601936905891,0.04607413356203529,0.1531788437208859,0.8647195305036167,0.0036473048214931197,0.9174074711433227,0.0034759930929821044,2429.11,265.05,2164.06,0.16379999999999995,0.8362
adult,random_forest,sex,eod_violation,0.15,0.94,100,0.09981356763041294,0.034961957933106594,0.1006601936905891,0.04607413356203529,0.1531788437208859,0.8647195305036167,0.0036473048214931197,0.9174074711433227,0.0034759930929821044,2429.11,265.05,2164.06,0.1128000000000001,0.8871999999999999
adult,random_forest,sex,eod_violation,0.16,0.95,100,0.09981356763041294,0.034961957933106594,0.1006601936905891,0.04607413356203529,0.1531788437208859,0.8647195305036167,0.0036473048214931197,0.9174074711433227,0.0034759930929821044,2429.11,265.05,2164.06,0.09500000000000008,0.9049999999999999
adult,random_forest,sex,eod_violation,0.17,0.97,100,0.09981356763041294,0.034961957933106594,0.1006601936905891,0.04607413356203529,0.1531788437208859,0.8647195305036167,0.0036473048214931197,0.9174074711433227,0.0034759930929821044,2429.11,265.05,2164.06,0.05820000000000005,0.9418
adult,random_forest,sex,eod_violation,0.18,0.99,100,0.09981356763041294,0.034961957933106594,0.1006601936905891,0.04607413356203529,0.1531788437208859,0.8647195305036167,0.0036473048214931197,0.9174074711433227,0.0034759930929821044,2429.11,265.05,2164.06,0.01980000000000002,0.9802
adult,random_forest,sex,eod_violation,0.19,0.99,100,0.09981356763041294,0.034961957933106594,0.1006601936905891,0.04607413356203529,0.1531788437208859,0.8647195305036167,0.0036473048214931197,0.9174074711433227,0.0034759930929821044,2429.11,265.05,2164.06,0.01980000000000002,0.9802
adult,random_forest,sex,eod_violation,0.2,0.99,100,0.09981356763041294,0.034961957933106594,0.1006601936905891,0.04607413356203529,0.1531788437208859,0.8647195305036167,0.0036473048214931197,0.9174074711433227,0.0034759930929821044,2429.11,265.05,2164.06,0.01980000000000002,0.9802
adult,random_forest,sex,eod_violation,0.21,0.99,100,0.09981356763041294,0.034961957933106594,0.1006601936905891,0.04607413356203529,0.1531788437208859,0.8647195305036167,0.0036473048214931197,0.9174074711433227,0.0034759930929821044,2429.11,265.05,2164.06,0.01980000000000002,0.9802
adult,random_forest,sex,eod_violation,0.22,1.0,100,0.09981356763041294,0.034961957933106594,0.1006601936905891,0.04607413356203529,0.1531788437208859,0.8647195305036167,0.0036473048214931197,0.9174074711433227,0.0034759930929821044,2429.11,265.05,2164.06,0.0,1.0
adult,random_forest,sex,eod_violation,0.23,1.0,100,0.09981356763041294,0.034961957933106594,0.1006601936905891,0.04607413356203529,0.1531788437208859,0.8647195305036167,0.0036473048214931197,0.9174074711433227,0.0034759930929821044,2429.11,265.05,2164.06,0.0,1.0
adult,random_forest,sex,eod_violation,0.24,1.0,100,0.09981356763041294,0.034961957933106594,0.1006601936905891,0.04607413356203529,0.1531788437208859,0.8647195305036167,0.0036473048214931197,0.9174074711433227,0.0034759930929821044,2429.11,265.05,2164.06,0.0,1.0
adult,random_forest,sex,eod_violation,0.25,1.0,100,0.09981356763041294,0.034961957933106594,0.1006601936905891,0.04607413356203529,0.1531788437208859,0.8647195305036167,0.0036473048214931197,0.9174074711433227,0.0034759930929821044,2429.11,265.05,2164.06,0.0,1.0
adult,random_forest,sex,eod_violation,0.26,1.0,100,0.09981356763041294,0.034961957933106594,0.1006601936905891,0.04607413356203529,0.1531788437208859,0.8647195305036167,0.0036473048214931197,0.9174074711433227,0.0034759930929821044,2429.11,265.05,2164.06,0.0,1.0
adult,random_forest,sex,eod_violation,0.27,1.0,100,0.09981356763041294,0.034961957933106594,0.1006601936905891,0.04607413356203529,0.1531788437208859,0.8647195305036167,0.0036473048214931197,0.9174074711433227,0.0034759930929821044,2429.11,265.05,2164.06,0.0,1.0
adult,random_forest,sex,eod_violation,0.28,1.0,100,0.09981356763041294,0.034961957933106594,0.1006601936905891,0.04607413356203529,0.1531788437208859,0.8647195305036167,0.0036473048214931197,0.9174074711433227,0.0034759930929821044,2429.11,265.05,2164.06,0.0,1.0
adult,random_forest,sex,eod_violation,0.29,1.0,100,0.09981356763041294,0.034961957933106594,0.1006601936905891,0.04607413356203529,0.1531788437208859,0.8647195305036167,0.0036473048214931197,0.9174074711433227,0.0034759930929821044,2429.11,265.05,2164.06,0.0,1.0
adult,random_forest,sex,eod_violation,0.3,1.0,100,0.09981356763041294,0.034961957933106594,0.1006601936905891,0.04607413356203529,0.1531788437208859,0.8647195305036167,0.0036473048214931197,0.9174074711433227,0.0034759930929821044,2429.11,265.05,2164.06,0.0,1.0
adult,random_forest,sex,equalized_odds_violation,0.0,0.0,100,0.10226228907466303,0.030746570255205132,0.1006601936905891,0.05971053568057111,0.1531788437208859,0.8647195305036167,0.0036473048214931197,0.9174074711433227,0.0034759930929821044,2429.11,265.05,2164.06,0.0,1.0
adult,random_forest,sex,equalized_odds_violation,0.01,0.0,100,0.10226228907466303,0.030746570255205132,0.1006601936905891,0.05971053568057111,0.1531788437208859,0.8647195305036167,0.0036473048214931197,0.9174074711433227,0.0034759930929821044,2429.11,265.05,2164.06,0.0,1.0
adult,random_forest,sex,equalized_odds_violation,0.02,0.0,100,0.10226228907466303,0.030746570255205132,0.1006601936905891,0.05971053568057111,0.1531788437208859,0.8647195305036167,0.0036473048214931197,0.9174074711433227,0.0034759930929821044,2429.11,265.05,2164.06,0.0,1.0
adult,random_forest,sex,equalized_odds_violation,0.03,0.0,100,0.10226228907466303,0.030746570255205132,0.1006601936905891,0.05971053568057111,0.1531788437208859,0.8647195305036167,0.0036473048214931197,0.9174074711433227,0.0034759930929821044,2429.11,265.05,2164.06,0.0,1.0
adult,random_forest,sex,equalized_odds_violation,0.04,0.0,100,0.10226228907466303,0.030746570255205132,0.1006601936905891,0.05971053568057111,0.1531788437208859,0.8647195305036167,0.0036473048214931197,0.9174074711433227,0.0034759930929821044,2429.11,265.05,2164.06,0.0,1.0
adult,random_forest,sex,equalized_odds_violation,0.05,0.0,100,0.10226228907466303,0.030746570255205132,0.1006601936905891,0.05971053568057111,0.1531788437208859,0.8647195305036167,0.0036473048214931197,0.9174074711433227,0.0034759930929821044,2429.11,265.05,2164.06,0.0,1.0
adult,random_forest,sex,equalized_odds_violation,0.06,0.06,100,0.10226228907466303,0.030746570255205132,0.1006601936905891,0.05971053568057111,0.1531788437208859,0.8647195305036167,0.0036473048214931197,0.9174074711433227,0.0034759930929821044,2429.11,265.05,2164.06,0.11279999999999998,0.8872
adult,random_forest,sex,equalized_odds_violation,0.07,0.17,100,0.10226228907466303,0.030746570255205132,0.1006601936905891,0.05971053568057111,0.1531788437208859,0.8647195305036167,0.0036473048214931197,0.9174074711433227,0.0034759930929821044,2429.11,265.05,2164.06,0.2822,0.7178
adult,random_forest,sex,equalized_odds_violation,0.08,0.25,100,0.10226228907466303,0.030746570255205132,0.1006601936905891,0.05971053568057111,0.1531788437208859,0.8647195305036167,0.0036473048214931197,0.9174074711433227,0.0034759930929821044,2429.11,265.05,2164.06,0.375,0.625
adult,random_forest,sex,equalized_odds_violation,0.09,0.38,100,0.10226228907466303,0.030746570255205132,0.1006601936905891,0.05971053568057111,0.1531788437208859,0.8647195305036167,0.0036473048214931197,0.9174074711433227,0.0034759930929821044,2429.11,265.05,2164.06,0.4712,0.5287999999999999
adult,random_forest,sex,equalized_odds_violation,0.1,0.49,100,0.10226228907466303,0.030746570255205132,0.1006601936905891,0.05971053568057111,0.1531788437208859,0.8647195305036167,0.0036473048214931197,0.9174074711433227,0.0034759930929821044,2429.11,265.05,2164.06,0.4998,0.5002
adult,random_forest,sex,equalized_odds_violation,0.11,0.6,100,0.10226228907466303,0.030746570255205132,0.1006601936905891,0.05971053568057111,0.1531788437208859,0.8647195305036167,0.0036473048214931197,0.9174074711433227,0.0034759930929821044,2429.11,265.05,2164.06,0.48,0.52
adult,random_forest,sex,equalized_odds_violation,0.12,0.7,100,0.10226228907466303,0.030746570255205132,0.1006601936905891,0.05971053568057111,0.1531788437208859,0.8647195305036167,0.0036473048214931197,0.9174074711433227,0.0034759930929821044,2429.11,265.05,2164.06,0.42000000000000004,0.58
adult,random_forest,sex,equalized_odds_violation,0.13,0.84,100,0.10226228907466303,0.030746570255205132,0.1006601936905891,0.05971053568057111,0.1531788437208859,0.8647195305036167,0.0036473048214931197,0.9174074711433227,0.0034759930929821044,2429.11,265.05,2164.06,0.26880000000000004,0.7312
adult,random_forest,sex,equalized_odds_violation,0.14,0.91,100,0.10226228907466303,0.030746570255205132,0.1006601936905891,0.05971053568057111,0.1531788437208859,0.8647195305036167,0.0036473048214931197,0.9174074711433227,0.0034759930929821044,2429.11,265.05,2164.06,0.16379999999999995,0.8362
adult,random_forest,sex,equalized_odds_violation,0.15,0.94,100,0.10226228907466303,0.030746570255205132,0.1006601936905891,0.05971053568057111,0.1531788437208859,0.8647195305036167,0.0036473048214931197,0.9174074711433227,0.0034759930929821044,2429.11,265.05,2164.06,0.1128000000000001,0.8871999999999999
adult,random_forest,sex,equalized_odds_violation,0.16,0.95,100,0.10226228907466303,0.030746570255205132,0.1006601936905891,0.05971053568057111,0.1531788437208859,0.8647195305036167,0.0036473048214931197,0.9174074711433227,0.0034759930929821044,2429.11,265.05,2164.06,0.09500000000000008,0.9049999999999999
adult,random_forest,sex,equalized_odds_violation,0.17,0.97,100,0.10226228907466303,0.030746570255205132,0.1006601936905891,0.05971053568057111,0.1531788437208859,0.8647195305036167,0.0036473048214931197,0.9174074711433227,0.0034759930929821044,2429.11,265.05,2164.06,0.05820000000000005,0.9418
adult,random_forest,sex,equalized_odds_violation,0.18,0.99,100,0.10226228907466303,0.030746570255205132,0.1006601936905891,0.05971053568057111,0.1531788437208859,0.8647195305036167,0.0036473048214931197,0.9174074711433227,0.0034759930929821044,2429.11,265.05,2164.06,0.01980000000000002,0.9802
adult,random_forest,sex,equalized_odds_violation,0.19,0.99,100,0.10226228907466303,0.030746570255205132,0.1006601936905891,0.05971053568057111,0.1531788437208859,0.8647195305036167,0.0036473048214931197,0.9174074711433227,0.0034759930929821044,2429.11,265.05,2164.06,0.01980000000000002,0.9802
adult,random_forest,sex,equalized_odds_violation,0.2,0.99,100,0.10226228907466303,0.030746570255205132,0.1006601936905891,0.05971053568057111,0.1531788437208859,0.8647195305036167,0.0036473048214931197,0.9174074711433227,0.0034759930929821044,2429.11,265.05,2164.06,0.01980000000000002,0.9802
adult,random_forest,sex,equalized_odds_violation,0.21,0.99,100,0.10226228907466303,0.030746570255205132,0.1006601936905891,0.05971053568057111,0.1531788437208859,0.8647195305036167,0.0036473048214931197,0.9174074711433227,0.0034759930929821044,2429.11,265.05,2164.06,0.01980000000000002,0.9802
adult,random_forest,sex,equalized_odds_violation,0.22,1.0,100,0.10226228907466303,0.030746570255205132,0.1006601936905891,0.05971053568057111,0.1531788437208859,0.8647195305036167,0.0036473048214931197,0.9174074711433227,0.0034759930929821044,2429.11,265.05,2164.06,0.0,1.0
adult,random_forest,sex,equalized_odds_violation,0.23,1.0,100,0.10226228907466303,0.030746570255205132,0.1006601936905891,0.05971053568057111,0.1531788437208859,0.8647195305036167,0.0036473048214931197,0.9174074711433227,0.0034759930929821044,2429.11,265.05,2164.06,0.0,1.0
adult,random_forest,sex,equalized_odds_violation,0.24,1.0,100,0.10226228907466303,0.030746570255205132,0.1006601936905891,0.05971053568057111,0.1531788437208859,0.8647195305036167,0.0036473048214931197,0.9174074711433227,0.0034759930929821044,2429.11,265.05,2164.06,0.0,1.0
adult,random_forest,sex,equalized_odds_violation,0.25,1.0,100,0.10226228907466303,0.030746570255205132,0.1006601936905891,0.05971053568057111,0.1531788437208859,0.8647195305036167,0.0036473048214931197,0.9174074711433227,0.0034759930929821044,2429.11,265.05,2164.06,0.0,1.0
adult,random_forest,sex,equalized_odds_violation,0.26,1.0,100,0.10226228907466303,0.030746570255205132,0.1006601936905891,0.05971053568057111,0.1531788437208859,0.8647195305036167,0.0036473048214931197,0.9174074711433227,0.0034759930929821044,2429.11,265.05,2164.06,0.0,1.0
adult,random_forest,sex,equalized_odds_violation,0.27,1.0,100,0.10226228907466303,0.030746570255205132,0.1006601936905891,0.05971053568057111,0.1531788437208859,0.8647195305036167,0.0036473048214931197,0.9174074711433227,0.0034759930929821044,2429.11,265.05,2164.06,0.0,1.0
adult,random_forest,sex,equalized_odds_violation,0.28,1.0,100,0.10226228907466303,0.030746570255205132,0.1006601936905891,0.05971053568057111,0.1531788437208859,0.8647195305036167,0.0036473048214931197,0.9174074711433227,0.0034759930929821044,2429.11,265.05,2164.06,0.0,1.0
adult,random_forest,sex,equalized_odds_violation,0.29,1.0,100,0.10226228907466303,0.030746570255205132,0.1006601936905891,0.05971053568057111,0.1531788437208859,0.8647195305036167,0.0036473048214931197,0.9174074711433227,0.0034759930929821044,2429.11,265.05,2164.06,0.0,1.0
adult,random_forest,sex,equalized_odds_violation,0.3,1.0,100,0.10226228907466303,0.030746570255205132,0.1006601936905891,0.05971053568057111,0.1531788437208859,0.8647195305036167,0.0036473048214931197,0.9174074711433227,0.0034759930929821044,2429.11,265.05,2164.06,0.0,1.0
compas,hist_gradient_boosting,race,dpd_violation,0.0,0.0,100,0.21393054035948875,0.039808140759799,0.2151666419577905,0.14976560350108684,0.2862164458672938,0.6542929292929293,0.016134611340660614,0.6982328984496471,0.015332100990688319,314.44,122.45,191.55,0.0,1.0
compas,hist_gradient_boosting,race,dpd_violation,0.01,0.0,100,0.21393054035948875,0.039808140759799,0.2151666419577905,0.14976560350108684,0.2862164458672938,0.6542929292929293,0.016134611340660614,0.6982328984496471,0.015332100990688319,314.44,122.45,191.55,0.0,1.0
compas,hist_gradient_boosting,race,dpd_violation,0.02,0.0,100,0.21393054035948875,0.039808140759799,0.2151666419577905,0.14976560350108684,0.2862164458672938,0.6542929292929293,0.016134611340660614,0.6982328984496471,0.015332100990688319,314.44,122.45,191.55,0.0,1.0
compas,hist_gradient_boosting,race,dpd_violation,0.03,0.0,100,0.21393054035948875,0.039808140759799,0.2151666419577905,0.14976560350108684,0.2862164458672938,0.6542929292929293,0.016134611340660614,0.6982328984496471,0.015332100990688319,314.44,122.45,191.55,0.0,1.0
compas,hist_gradient_boosting,race,dpd_violation,0.04,0.0,100,0.21393054035948875,0.039808140759799,0.2151666419577905,0.14976560350108684,0.2862164458672938,0.6542929292929293,0.016134611340660614,0.6982328984496471,0.015332100990688319,314.44,122.45,191.55,0.0,1.0
compas,hist_gradient_boosting,race,dpd_violation,0.05,0.0,100,0.21393054035948875,0.039808140759799,0.2151666419577905,0.14976560350108684,0.2862164458672938,0.6542929292929293,0.016134611340660614,0.6982328984496471,0.015332100990688319,314.44,122.45,191.55,0.0,1.0
compas,hist_gradient_boosting,race,dpd_violation,0.06,0.0,100,0.21393054035948875,0.039808140759799,0.2151666419577905,0.14976560350108684,0.2862164458672938,0.6542929292929293,0.016134611340660614,0.6982328984496471,0.015332100990688319,314.44,122.45,191.55,0.0,1.0
compas,hist_gradient_boosting,race,dpd_violation,0.07,0.0,100,0.21393054035948875,0.039808140759799,0.2151666419577905,0.14976560350108684,0.2862164458672938,0.6542929292929293,0.016134611340660614,0.6982328984496471,0.015332100990688319,314.44,122.45,191.55,0.0,1.0
compas,hist_gradient_boosting,race,dpd_violation,0.08,0.0,100,0.21393054035948875,0.039808140759799,0.2151666419577905,0.14976560350108684,0.2862164458672938,0.6542929292929293,0.016134611340660614,0.6982328984496471,0.015332100990688319,314.44,122.45,191.55,0.0,1.0
compas,hist_gradient_boosting,race,dpd_violation,0.09,0.0,100,0.21393054035948875,0.039808140759799,0.2151666419577905,0.14976560350108684,0.2862164458672938,0.6542929292929293,0.016134611340660614,0.6982328984496471,0.015332100990688319,314.44,122.45,191.55,0.0,1.0
compas,hist_gradient_boosting,race,dpd_violation,0.1,0.0,100,0.21393054035948875,0.039808140759799,0.2151666419577905,0.14976560350108684,0.2862164458672938,0.6542929292929293,0.016134611340660614,0.6982328984496471,0.015332100990688319,314.44,122.45,191.55,0.0,1.0
compas,hist_gradient_boosting,race,dpd_violation,0.11,0.0,100,0.21393054035948875,0.039808140759799,0.2151666419577905,0.14976560350108684,0.2862164458672938,0.6542929292929293,0.016134611340660614,0.6982328984496471,0.015332100990688319,314.44,122.45,191.55,0.0,1.0
compas,hist_gradient_boosting,race,dpd_violation,0.12,0.0,100,0.21393054035948875,0.039808140759799,0.2151666419577905,0.14976560350108684,0.2862164458672938,0.6542929292929293,0.016134611340660614,0.6982328984496471,0.015332100990688319,314.44,122.45,191.55,0.0,1.0
compas,hist_gradient_boosting,race,dpd_violation,0.13,0.0,100,0.21393054035948875,0.039808140759799,0.2151666419577905,0.14976560350108684,0.2862164458672938,0.6542929292929293,0.016134611340660614,0.6982328984496471,0.015332100990688319,314.44,122.45,191.55,0.0,1.0
compas,hist_gradient_boosting,race,dpd_violation,0.14,0.01,100,0.21393054035948875,0.039808140759799,0.2151666419577905,0.14976560350108684,0.2862164458672938,0.6542929292929293,0.016134611340660614,0.6982328984496471,0.015332100990688319,314.44,122.45,191.55,0.0198,0.9802
compas,hist_gradient_boosting,race,dpd_violation,0.15,0.06,100,0.21393054035948875,0.039808140759799,0.2151666419577905,0.14976560350108684,0.2862164458672938,0.6542929292929293,0.016134611340660614,0.6982328984496471,0.015332100990688319,314.44,122.45,191.55,0.11279999999999998,0.8872
compas,hist_gradient_boosting,race,dpd_violation,0.16,0.09,100,0.21393054035948875,0.039808140759799,0.2151666419577905,0.14976560350108684,0.2862164458672938,0.6542929292929293,0.016134611340660614,0.6982328984496471,0.015332100990688319,314.44,122.45,191.55,0.1638,0.8362
compas,hist_gradient_boosting,race,dpd_violation,0.17,0.16,100,0.21393054035948875,0.039808140759799,0.2151666419577905,0.14976560350108684,0.2862164458672938,0.6542929292929293,0.016134611340660614,0.6982328984496471,0.015332100990688319,314.44,122.45,191.55,0.2688,0.7312000000000001
compas,hist_gradient_boosting,race,dpd_violation,0.18,0.22,100,0.21393054035948875,0.039808140759799,0.2151666419577905,0.14976560350108684,0.2862164458672938,0.6542929292929293,0.016134611340660614,0.6982328984496471,0.015332100990688319,314.44,122.45,191.55,0.3432,0.6568
compas,hist_gradient_boosting,race,dpd_violation,0.19,0.29,100,0.21393054035948875,0.039808140759799,0.2151666419577905,0.14976560350108684,0.2862164458672938,0.6542929292929293,0.016134611340660614,0.6982328984496471,0.015332100990688319,314.44,122.45,191.55,0.41179999999999994,0.5882000000000001
compas,hist_gradient_boosting,race,dpd_violation,0.2,0.37,100,0.21393054035948875,0.039808140759799,0.2151666419577905,0.14976560350108684,0.2862164458672938,0.6542929292929293,0.016134611340660614,0.6982328984496471,0.015332100990688319,314.44,122.45,191.55,0.4662,0.5338
compas,hist_gradient_boosting,race,dpd_violation,0.21,0.44,100,0.21393054035948875,0.039808140759799,0.2151666419577905,0.14976560350108684,0.2862164458672938,0.6542929292929293,0.016134611340660614,0.6982328984496471,0.015332100990688319,314.44,122.45,191.55,0.49280000000000007,0.5071999999999999
compas,hist_gradient_boosting,race,dpd_violation,0.22,0.56,100,0.21393054035948875,0.039808140759799,0.2151666419577905,0.14976560350108684,0.2862164458672938,0.6542929292929293,0.016134611340660614,0.6982328984496471,0.015332100990688319,314.44,122.45,191.55,0.49279999999999996,0.5072000000000001
compas,hist_gradient_boosting,race,dpd_violation,0.23,0.65,100,0.21393054035948875,0.039808140759799,0.2151666419577905,0.14976560350108684,0.2862164458672938,0.6542929292929293,0.016134611340660614,0.6982328984496471,0.015332100990688319,314.44,122.45,191.55,0.45499999999999996,0.545
compas,hist_gradient_boosting,race,dpd_violation,0.24,0.74,100,0.21393054035948875,0.039808140759799,0.2151666419577905,0.14976560350108684,0.2862164458672938,0.6542929292929293,0.016134611340660614,0.6982328984496471,0.015332100990688319,314.44,122.45,191.55,0.38480000000000003,0.6152
compas,hist_gradient_boosting,race,dpd_violation,0.25,0.82,100,0.21393054035948875,0.039808140759799,0.2151666419577905,0.14976560350108684,0.2862164458672938,0.6542929292929293,0.016134611340660614,0.6982328984496471,0.015332100990688319,314.44,122.45,191.55,0.2952000000000001,0.7047999999999999
compas,hist_gradient_boosting,race,dpd_violation,0.26,0.88,100,0.21393054035948875,0.039808140759799,0.2151666419577905,0.14976560350108684,0.2862164458672938,0.6542929292929293,0.016134611340660614,0.6982328984496471,0.015332100990688319,314.44,122.45,191.55,0.2112,0.7888
compas,hist_gradient_boosting,race,dpd_violation,0.27,0.9,100,0.21393054035948875,0.039808140759799,0.2151666419577905,0.14976560350108684,0.2862164458672938,0.6542929292929293,0.016134611340660614,0.6982328984496471,0.015332100990688319,314.44,122.45,191.55,0.17999999999999997,0.8200000000000001
compas,hist_gradient_boosting,race,dpd_violation,0.28,0.94,100,0.21393054035948875,0.039808140759799,0.2151666419577905,0.14976560350108684,0.2862164458672938,0.6542929292929293,0.016134611340660614,0.6982328984496471,0.015332100990688319,314.44,122.45,191.55,0.1128000000000001,0.8871999999999999
compas,hist_gradient_boosting,race,dpd_violation,0.29,0.97,100,0.21393054035948875,0.039808140759799,0.2151666419577905,0.14976560350108684,0.2862164458672938,0.6542929292929293,0.016134611340660614,0.6982328984496471,0.015332100990688319,314.44,122.45,191.55,0.05820000000000005,0.9418
compas,hist_gradient_boosting,race,dpd_violation,0.3,0.99,100,0.21393054035948875,0.039808140759799,0.2151666419577905,0.14976560350108684,0.2862164458672938,0.6542929292929293,0.016134611340660614,0.6982328984496471,0.015332100990688319,314.44,122.45,191.55,0.01980000000000002,0.9802
compas,hist_gradient_boosting,race,dpr_violation,0.0,0.0,100,0.42956214464134507,0.06604195198513034,0.43230297472084583,0.3183602945667443,0.539340028107432,0.6542929292929293,0.016134611340660614,0.6982328984496471,0.015332100990688319,314.44,122.45,191.55,0.0,1.0
compas,hist_gradient_boosting,race,dpr_violation,0.010000000000000009,0.0,100,0.42956214464134507,0.06604195198513034,0.43230297472084583,0.3183602945667443,0.539340028107432,0.6542929292929293,0.016134611340660614,0.6982328984496471,0.015332100990688319,314.44,122.45,191.55,0.0,1.0
compas,hist_gradient_boosting,race,dpr_violation,0.020000000000000018,0.0,100,0.42956214464134507,0.06604195198513034,0.43230297472084583,0.3183602945667443,0.539340028107432,0.6542929292929293,0.016134611340660614,0.6982328984496471,0.015332100990688319,314.44,122.45,191.55,0.0,1.0
compas,hist_gradient_boosting,race,dpr_violation,0.030000000000000027,0.0,100,0.42956214464134507,0.06604195198513034,0.43230297472084583,0.3183602945667443,0.539340028107432,0.6542929292929293,0.016134611340660614,0.6982328984496471,0.015332100990688319,314.44,122.45,191.55,0.0,1.0
compas,hist_gradient_boosting,race,dpr_violation,0.040000000000000036,0.0,100,0.42956214464134507,0.06604195198513034,0.43230297472084583,0.3183602945667443,0.539340028107432,0.6542929292929293,0.016134611340660614,0.6982328984496471,0.015332100990688319,314.44,122.45,191.55,0.0,1.0
compas,hist_gradient_boosting,race,dpr_violation,0.050000000000000044,0.0,100,0.42956214464134507,0.06604195198513034,0.43230297472084583,0.3183602945667443,0.539340028107432,0.6542929292929293,0.016134611340660614,0.6982328984496471,0.015332100990688319,314.44,122.45,191.55,0.0,1.0
compas,hist_gradient_boosting,race,dpr_violation,0.06000000000000005,0.0,100,0.42956214464134507,0.06604195198513034,0.43230297472084583,0.3183602945667443,0.539340028107432,0.6542929292929293,0.016134611340660614,0.6982328984496471,0.015332100990688319,314.44,122.45,191.55,0.0,1.0
compas,hist_gradient_boosting,race,dpr_violation,0.06999999999999995,0.0,100,0.42956214464134507,0.06604195198513034,0.43230297472084583,0.3183602945667443,0.539340028107432,0.6542929292929293,0.016134611340660614,0.6982328984496471,0.015332100990688319,314.44,122.45,191.55,0.0,1.0
compas,hist_gradient_boosting,race,dpr_violation,0.07999999999999996,0.0,100,0.42956214464134507,0.06604195198513034,0.43230297472084583,0.3183602945667443,0.539340028107432,0.6542929292929293,0.016134611340660614,0.6982328984496471,0.015332100990688319,314.44,122.45,191.55,0.0,1.0
compas,hist_gradient_boosting,race,dpr_violation,0.08999999999999997,0.0,100,0.42956214464134507,0.06604195198513034,0.43230297472084583,0.3183602945667443,0.539340028107432,0.6542929292929293,0.016134611340660614,0.6982328984496471,0.015332100990688319,314.44,122.45,191.55,0.0,1.0
compas,hist_gradient_boosting,race,dpr_violation,0.09999999999999998,0.0,100,0.42956214464134507,0.06604195198513034,0.43230297472084583,0.3183602945667443,0.539340028107432,0.6542929292929293,0.016134611340660614,0.6982328984496471,0.015332100990688319,314.44,122.45,191.55,0.0,1.0
compas,hist_gradient_boosting,race,dpr_violation,0.10999999999999999,0.0,100,0.42956214464134507,0.06604195198513034,0.43230297472084583,0.3183602945667443,0.539340028107432,0.6542929292929293,0.016134611340660614,0.6982328984496471,0.015332100990688319,314.44,122.45,191.55,0.0,1.0
compas,hist_gradient_boosting,race,dpr_violation,0.12,0.0,100,0.42956214464134507,0.06604195198513034,0.43230297472084583,0.3183602945667443,0.539340028107432,0.6542929292929293,0.016134611340660614,0.6982328984496471,0.015332100990688319,314.44,122.45,191.55,0.0,1.0
compas,hist_gradient_boosting,race,dpr_violation,0.13,0.0,100,0.42956214464134507,0.06604195198513034,0.43230297472084583,0.3183602945667443,0.539340028107432,0.6542929292929293,0.016134611340660614,0.6982328984496471,0.015332100990688319,314.44,122.45,191.55,0.0,1.0
compas,hist_gradient_boosting,race,dpr_violation,0.14,0.0,100,0.42956214464134507,0.06604195198513034,0.43230297472084583,0.3183602945667443,0.539340028107432,0.6542929292929293,0.016134611340660614,0.6982328984496471,0.015332100990688319,314.44,122.45,191.55,0.0,1.0
compas,hist_gradient_boosting,race,dpr_violation,0.15000000000000002,0.0,100,0.42956214464134507,0.06604195198513034,0.43230297472084583,0.3183602945667443,0.539340028107432,0.6542929292929293,0.016134611340660614,0.6982328984496471,0.015332100990688319,314.44,122.45,191.55,0.0,1.0
compas,hist_gradient_boosting,race,dpr_violation,0.16000000000000003,0.0,100,0.42956214464134507,0.06604195198513034,0.43230297472084583,0.3183602945667443,0.539340028107432,0.6542929292929293,0.016134611340660614,0.6982328984496471,0.015332100990688319,314.44,122.45,191.55,0.0,1.0
compas,hist_gradient_boosting,race,dpr_violation,0.17000000000000004,0.0,100,0.42956214464134507,0.06604195198513034,0.43230297472084583,0.3183602945667443,0.539340028107432,0.6542929292929293,0.016134611340660614,0.6982328984496471,0.015332100990688319,314.44,122.45,191.55,0.0,1.0
compas,hist_gradient_boosting,race,dpr_violation,0.18000000000000005,0.0,100,0.42956214464134507,0.06604195198513034,0.43230297472084583,0.3183602945667443,0.539340028107432,0.6542929292929293,0.016134611340660614,0.6982328984496471,0.015332100990688319,314.44,122.45,191.55,0.0,1.0
compas,hist_gradient_boosting,race,dpr_violation,0.18999999999999995,0.0,100,0.42956214464134507,0.06604195198513034,0.43230297472084583,0.3183602945667443,0.539340028107432,0.6542929292929293,0.016134611340660614,0.6982328984496471,0.015332100990688319,314.44,122.45,191.55,0.0,1.0
compas,hist_gradient_boosting,race,dpr_violation,0.19999999999999996,0.0,100,0.42956214464134507,0.06604195198513034,0.43230297472084583,0.3183602945667443,0.539340028107432,0.6542929292929293,0.016134611340660614,0.6982328984496471,0.015332100990688319,314.44,122.45,191.55,0.0,1.0
compas,hist_gradient_boosting,race,dpr_violation,0.20999999999999996,0.0,100,0.42956214464134507,0.06604195198513034,0.43230297472084583,0.3183602945667443,0.539340028107432,0.6542929292929293,0.016134611340660614,0.6982328984496471,0.015332100990688319,314.44,122.45,191.55,0.0,1.0
compas,hist_gradient_boosting,race,dpr_violation,0.21999999999999997,0.0,100,0.42956214464134507,0.06604195198513034,0.43230297472084583,0.3183602945667443,0.539340028107432,0.6542929292929293,0.016134611340660614,0.6982328984496471,0.015332100990688319,314.44,122.45,191.55,0.0,1.0
compas,hist_gradient_boosting,race,dpr_violation,0.22999999999999998,0.0,100,0.42956214464134507,0.06604195198513034,0.43230297472084583,0.3183602945667443,0.539340028107432,0.6542929292929293,0.016134611340660614,0.6982328984496471,0.015332100990688319,314.44,122.45,191.55,0.0,1.0
compas,hist_gradient_boosting,race,dpr_violation,0.24,0.0,100,0.42956214464134507,0.06604195198513034,0.43230297472084583,0.3183602945667443,0.539340028107432,0.6542929292929293,0.016134611340660614,0.6982328984496471,0.015332100990688319,314.44,122.45,191.55,0.0,1.0
compas,hist_gradient_boosting,race,dpr_violation,0.25,0.0,100,0.42956214464134507,0.06604195198513034,0.43230297472084583,0.3183602945667443,0.539340028107432,0.6542929292929293,0.016134611340660614,0.6982328984496471,0.015332100990688319,314.44,122.45,191.55,0.0,1.0
compas,hist_gradient_boosting,race,dpr_violation,0.26,0.0,100,0.42956214464134507,0.06604195198513034,0.43230297472084583,0.3183602945667443,0.539340028107432,0.6542929292929293,0.016134611340660614,0.6982328984496471,0.015332100990688319,314.44,122.45,191.55,0.0,1.0
compas,hist_gradient_boosting,race,dpr_violation,0.27,0.0,100,0.42956214464134507,0.06604195198513034,0.43230297472084583,0.3183602945667443,0.539340028107432,0.6542929292929293,0.016134611340660614,0.6982328984496471,0.015332100990688319,314.44,122.45,191.55,0.0,1.0
compas,hist_gradient_boosting,race,dpr_violation,0.28,0.01,100,0.42956214464134507,0.06604195198513034,0.43230297472084583,0.3183602945667443,0.539340028107432,0.6542929292929293,0.016134611340660614,0.6982328984496471,0.015332100990688319,314.44,122.45,191.55,0.0198,0.9802
compas,hist_gradient_boosting,race,dpr_violation,0.29000000000000004,0.01,100,0.42956214464134507,0.06604195198513034,0.43230297472084583,0.3183602945667443,0.539340028107432,0.6542929292929293,0.016134611340660614,0.6982328984496471,0.015332100990688319,314.44,122.45,191.55,0.0198,0.9802
compas,hist_gradient_boosting,race,dpr_violation,0.30000000000000004,0.01,100,0.42956214464134507,0.06604195198513034,0.43230297472084583,0.3183602945667443,0.539340028107432,0.6542929292929293,0.016134611340660614,0.6982328984496471,0.015332100990688319,314.44,122.45,191.55,0.0198,0.9802
compas,hist_gradient_boosting,race,dpr_violation,0.31000000000000005,0.03,100,0.42956214464134507,0.06604195198513034,0.43230297472084583,0.3183602945667443,0.539340028107432,0.6542929292929293,0.016134611340660614,0.6982328984496471,0.015332100990688319,314.44,122.45,191.55,0.058199999999999995,0.9418
compas,hist_gradient_boosting,race,dpr_violation,0.31999999999999995,0.07,100,0.42956214464134507,0.06604195198513034,0.43230297472084583,0.3183602945667443,0.539340028107432,0.6542929292929293,0.016134611340660614,0.6982328984496471,0.015332100990688319,314.44,122.45,191.55,0.1302,0.8698
compas,hist_gradient_boosting,race,dpr_violation,0.32999999999999996,0.11,100,0.42956214464134507,0.06604195198513034,0.43230297472084583,0.3183602945667443,0.539340028107432,0.6542929292929293,0.016134611340660614,0.6982328984496471,0.015332100990688319,314.44,122.45,191.55,0.1958,0.8042
compas,hist_gradient_boosting,race,dpr_violation,0.33999999999999997,0.12,100,0.42956214464134507,0.06604195198513034,0.43230297472084583,0.3183602945667443,0.539340028107432,0.6542929292929293,0.016134611340660614,0.6982328984496471,0.015332100990688319,314.44,122.45,191.55,0.2112,0.7888
compas,hist_gradient_boosting,race,dpr_violation,0.35,0.14,100,0.42956214464134507,0.06604195198513034,0.43230297472084583,0.3183602945667443,0.539340028107432,0.6542929292929293,0.016134611340660614,0.6982328984496471,0.015332100990688319,314.44,122.45,191.55,0.24080000000000001,0.7592
compas,hist_gradient_boosting,race,dpr_violation,0.36,0.15,100,0.42956214464134507,0.06604195198513034,0.43230297472084583,0.3183602945667443,0.539340028107432,0.6542929292929293,0.016134611340660614,0.6982328984496471,0.015332100990688319,314.44,122.45,191.55,0.255,0.745
compas,hist_gradient_boosting,race,dpr_violation,0.37,0.18,100,0.42956214464134507,0.06604195198513034,0.43230297472084583,0.3183602945667443,0.539340028107432,0.6542929292929293,0.016134611340660614,0.6982328984496471,0.015332100990688319,314.44,122.45,191.55,0.2952,0.7048
compas,hist_gradient_boosting,race,dpr_violation,0.38,0.22,100,0.42956214464134507,0.06604195198513034,0.43230297472084583,0.3183602945667443,0.539340028107432,0.6542929292929293,0.016134611340660614,0.6982328984496471,0.015332100990688319,314.44,122.45,191.55,0.3432,0.6568
compas,hist_gradient_boosting,race,dpr_violation,0.39,0.27,100,0.42956214464134507,0.06604195198513034,0.43230297472084583,0.3183602945667443,0.539340028107432,0.6542929292929293,0.016134611340660614,0.6982328984496471,0.015332100990688319,314.44,122.45,191.55,0.3942,0.6058
compas,hist_gradient_boosting,race,dpr_violation,0.4,0.32,100,0.42956214464134507,0.06604195198513034,0.43230297472084583,0.3183602945667443,0.539340028107432,0.6542929292929293,0.016134611340660614,0.6982328984496471,0.015332100990688319,314.44,122.45,191.55,0.4352,0.5648
compas,hist_gradient_boosting,race,eod_violation,0.0,0.0,100,0.22829647258625055,0.05731225809497279,0.2259912019157011,0.1404034419941053,0.3190474095722941,0.6542929292929293,0.016134611340660614,0.6982328984496471,0.015332100990688319,314.44,122.45,191.55,0.0,1.0
compas,hist_gradient_boosting,race,eod_violation,0.01,0.0,100,0.22829647258625055,0.05731225809497279,0.2259912019157011,0.1404034419941053,0.3190474095722941,0.6542929292929293,0.016134611340660614,0.6982328984496471,0.015332100990688319,314.44,122.45,191.55,0.0,1.0
compas,hist_gradient_boosting,race,eod_violation,0.02,0.0,100,0.22829647258625055,0.05731225809497279,0.2259912019157011,0.1404034419941053,0.3190474095722941,0.6542929292929293,0.016134611340660614,0.6982328984496471,0.015332100990688319,314.44,122.45,191.55,0.0,1.0
compas,hist_gradient_boosting,race,eod_violation,0.03,0.0,100,0.22829647258625055,0.05731225809497279,0.2259912019157011,0.1404034419941053,0.3190474095722941,0.6542929292929293,0.016134611340660614,0.6982328984496471,0.015332100990688319,314.44,122.45,191.55,0.0,1.0
compas,hist_gradient_boosting,race,eod_violation,0.04,0.0,100,0.22829647258625055,0.05731225809497279,0.2259912019157011,0.1404034419941053,0.3190474095722941,0.6542929292929293,0.016134611340660614,0.6982328984496471,0.015332100990688319,314.44,122.45,191.55,0.0,1.0
compas,hist_gradient_boosting,race,eod_violation,0.05,0.0,100,0.22829647258625055,0.05731225809497279,0.2259912019157011,0.1404034419941053,0.3190474095722941,0.6542929292929293,0.016134611340660614,0.6982328984496471,0.015332100990688319,314.44,122.45,191.55,0.0,1.0
compas,hist_gradient_boosting,race,eod_violation,0.06,0.0,100,0.22829647258625055,0.05731225809497279,0.2259912019157011,0.1404034419941053,0.3190474095722941,0.6542929292929293,0.016134611340660614,0.6982328984496471,0.015332100990688319,314.44,122.45,191.55,0.0,1.0
compas,hist_gradient_boosting,race,eod_violation,0.07,0.0,100,0.22829647258625055,0.05731225809497279,0.2259912019157011,0.1404034419941053,0.3190474095722941,0.6542929292929293,0.016134611340660614,0.6982328984496471,0.015332100990688319,314.44,122.45,191.55,0.0,1.0
compas,hist_gradient_boosting,race,eod_violation,0.08,0.0,100,0.22829647258625055,0.05731225809497279,0.2259912019157011,0.1404034419941053,0.3190474095722941,0.6542929292929293,0.016134611340660614,0.6982328984496471,0.015332100990688319,314.44,122.45,191.55,0.0,1.0
compas,hist_gradient_boosting,race,eod_violation,0.09,0.01,100,0.22829647258625055,0.05731225809497279,0.2259912019157011,0.1404034419941053,0.3190474095722941,0.6542929292929293,0.016134611340660614,0.6982328984496471,0.015332100990688319,314.44,122.45,191.55,0.0198,0.9802
compas,hist_gradient_boosting,race,eod_violation,0.1,0.02,100,0.22829647258625055,0.05731225809497279,0.2259912019157011,0.1404034419941053,0.3190474095722941,0.6542929292929293,0.016134611340660614,0.6982328984496471,0.015332100990688319,314.44,122.45,191.55,0.0392,0.9608
compas,hist_gradient_boosting,race,eod_violation,0.11,0.03,100,0.22829647258625055,0.05731225809497279,0.2259912019157011,0.1404034419941053,0.3190474095722941,0.6542929292929293,0.016134611340660614,0.6982328984496471,0.015332100990688319,314.44,122.45,191.55,0.058199999999999995,0.9418
compas,hist_gradient_boosting,race,eod_violation,0.12,0.04,100,0.22829647258625055,0.05731225809497279,0.2259912019157011,0.1404034419941053,0.3190474095722941,0.6542929292929293,0.016134611340660614,0.6982328984496471,0.015332100990688319,314.44,122.45,191.55,0.0768,0.9232
compas,hist_gradient_boosting,race,eod_violation,0.13,0.05,100,0.22829647258625055,0.05731225809497279,0.2259912019157011,0.1404034419941053,0.3190474095722941,0.6542929292929293,0.016134611340660614,0.6982328984496471,0.015332100990688319,314.44,122.45,191.55,0.095,0.905
compas,hist_gradient_boosting,race,eod_violation,0.14,0.05,100,0.22829647258625055,0.05731225809497279,0.2259912019157011,0.1404034419941053,0.3190474095722941,0.6542929292929293,0.016134611340660614,0.6982328984496471,0.015332100990688319,314.44,122.45,191.55,0.095,0.905
compas,hist_gradient_boosting,race,eod_violation,0.15,0.08,100,0.22829647258625055,0.05731225809497279,0.2259912019157011,0.1404034419941053,0.3190474095722941,0.6542929292929293,0.016134611340660614,0.6982328984496471,0.015332100990688319,314.44,122.45,191.55,0.1472,0.8528
compas,hist_gradient_boosting,race,eod_violation,0.16,0.11,100,0.22829647258625055,0.05731225809497279,0.2259912019157011,0.1404034419941053,0.3190474095722941,0.6542929292929293,0.016134611340660614,0.6982328984496471,0.015332100990688319,314.44,122.45,191.55,0.1958,0.8042
compas,hist_gradient_boosting,race,eod_violation,0.17,0.15,100,0.22829647258625055,0.05731225809497279,0.2259912019157011,0.1404034419941053,0.3190474095722941,0.6542929292929293,0.016134611340660614,0.6982328984496471,0.015332100990688319,314.44,122.45,191.55,0.255,0.745
compas,hist_gradient_boosting,race,eod_violation,0.18,0.19,100,0.22829647258625055,0.05731225809497279,0.2259912019157011,0.1404034419941053,0.3190474095722941,0.6542929292929293,0.016134611340660614,0.6982328984496471,0.015332100990688319,314.44,122.45,191.55,0.3078,0.6921999999999999
compas,hist_gradient_boosting,race,eod_violation,0.19,0.24,100,0.22829647258625055,0.05731225809497279,0.2259912019157011,0.1404034419941053,0.3190474095722941,0.6542929292929293,0.016134611340660614,0.6982328984496471,0.015332100990688319,314.44,122.45,191.55,0.3648,0.6352
compas,hist_gradient_boosting,race,eod_violation,0.2,0.29,100,0.22829647258625055,0.05731225809497279,0.2259912019157011,0.1404034419941053,0.3190474095722941,0.6542929292929293,0.016134611340660614,0.6982328984496471,0.015332100990688319,314.44,122.45,191.55,0.41179999999999994,0.5882000000000001
compas,hist_gradient_boosting,race,eod_violation,0.21,0.34,100,0.22829647258625055,0.05731225809497279,0.2259912019157011,0.1404034419941053,0.3190474095722941,0.6542929292929293,0.016134611340660614,0.6982328984496471,0.015332100990688319,314.44,122.45,191.55,0.4488,0.5512
compas,hist_gradient_boosting,race,eod_violation,0.22,0.45,100,0.22829647258625055,0.05731225809497279,0.2259912019157011,0.1404034419941053,0.3190474095722941,0.6542929292929293,0.016134611340660614,0.6982328984496471,0.015332100990688319,314.44,122.45,191.55,0.49500000000000005,0.5049999999999999
compas,hist_gradient_boosting,race,eod_violation,0.23,0.54,100,0.22829647258625055,0.05731225809497279,0.2259912019157011,0.1404034419941053,0.3190474095722941,0.6542929292929293,0.016134611340660614,0.6982328984496471,0.015332100990688319,314.44,122.45,191.55,0.4968,0.5032
compas,hist_gradient_boosting,race,eod_violation,0.24,0.6,100,0.22829647258625055,0.05731225809497279,0.2259912019157011,0.1404034419941053,0.3190474095722941,0.6542929292929293,0.016134611340660614,0.6982328984496471,0.015332100990688319,314.44,122.45,191.55,0.48,0.52
compas,hist_gradient_boosting,race,eod_violation,0.25,0.66,100,0.22829647258625055,0.05731225809497279,0.2259912019157011,0.1404034419941053,0.3190474095722941,0.6542929292929293,0.016134611340660614,0.6982328984496471,0.015332100990688319,314.44,122.45,191.55,0.4488,0.5512
compas,hist_gradient_boosting,race,eod_violation,0.26,0.73,100,0.22829647258625055,0.05731225809497279,0.2259912019157011,0.1404034419941053,0.3190474095722941,0.6542929292929293,0.016134611340660614,0.6982328984496471,0.015332100990688319,314.44,122.45,191.55,0.3942,0.6058
compas,hist_gradient_boosting,race,eod_violation,0.27,0.8,100,0.22829647258625055,0.05731225809497279,0.2259912019157011,0.1404034419941053,0.3190474095722941,0.6542929292929293,0.016134611340660614,0.6982328984496471,0.015332100990688319,314.44,122.45,191.55,0.31999999999999995,0.68
compas,hist_gradient_boosting,race,eod_violation,0.28,0.84,100,0.22829647258625055,0.05731225809497279,0.2259912019157011,0.1404034419941053,0.3190474095722941,0.6542929292929293,0.016134611340660614,0.6982328984496471,0.015332100990688319,314.44,122.45,191.55,0.26880000000000004,0.7312
compas,hist_gradient_boosting,race,eod_violation,0.29,0.87,100,0.22829647258625055,0.05731225809497279,0.2259912019157011,0.1404034419941053,0.3190474095722941,0.6542929292929293,0.016134611340660614,0.6982328984496471,0.015332100990688319,314.44,122.45,191.55,0.2262,0.7738
compas,hist_gradient_boosting,race,eod_violation,0.3,0.91,100,0.22829647258625055,0.05731225809497279,0.2259912019157011,0.1404034419941053,0.3190474095722941,0.6542929292929293,0.016134611340660614,0.6982328984496471,0.015332100990688319,314.44,122.45,191.55,0.16379999999999995,0.8362
compas,hist_gradient_boosting,race,equalized_odds_violation,0.0,0.0,100,0.22908886721631613,0.05593683527309613,0.2265074765546285,0.14121900252681469,0.3190474095722941,0.6542929292929293,0.016134611340660614,0.6982328984496471,0.015332100990688319,314.44,122.45,191.55,0.0,1.0
compas,hist_gradient_boosting,race,equalized_odds_violation,0.01,0.0,100,0.22908886721631613,0.05593683527309613,0.2265074765546285,0.14121900252681469,0.3190474095722941,0.6542929292929293,0.016134611340660614,0.6982328984496471,0.015332100990688319,314.44,122.45,191.55,0.0,1.0
compas,hist_gradient_boosting,race,equalized_odds_violation,0.02,0.0,100,0.22908886721631613,0.05593683527309613,0.2265074765546285,0.14121900252681469,0.3190474095722941,0.6542929292929293,0.016134611340660614,0.6982328984496471,0.015332100990688319,314.44,122.45,191.55,0.0,1.0
compas,hist_gradient_boosting,race,equalized_odds_violation,0.03,0.0,100,0.22908886721631613,0.05593683527309613,0.2265074765546285,0.14121900252681469,0.3190474095722941,0.6542929292929293,0.016134611340660614,0.6982328984496471,0.015332100990688319,314.44,122.45,191.55,0.0,1.0
compas,hist_gradient_boosting,race,equalized_odds_violation,0.04,0.0,100,0.22908886721631613,0.05593683527309613,0.2265074765546285,0.14121900252681469,0.3190474095722941,0.6542929292929293,0.016134611340660614,0.6982328984496471,0.015332100990688319,314.44,122.45,191.55,0.0,1.0
compas,hist_gradient_boosting,race,equalized_odds_violation,0.05,0.0,100,0.22908886721631613,0.05593683527309613,0.2265074765546285,0.14121900252681469,0.3190474095722941,0.6542929292929293,0.016134611340660614,0.6982328984496471,0.015332100990688319,314.44,122.45,191.55,0.0,1.0
compas,hist_gradient_boosting,race,equalized_odds_violation,0.06,0.0,100,0.22908886721631613,0.05593683527309613,0.2265074765546285,0.14121900252681469,0.3190474095722941,0.6542929292929293,0.016134611340660614,0.6982328984496471,0.015332100990688319,314.44,122.45,191.55,0.0,1.0
compas,hist_gradient_boosting,race,equalized_odds_violation,0.07,0.0,100,0.22908886721631613,0.05593683527309613,0.2265074765546285,0.14121900252681469,0.3190474095722941,0.6542929292929293,0.016134611340660614,0.6982328984496471,0.015332100990688319,314.44,122.45,191.55,0.0,1.0
compas,hist_gradient_boosting,race,equalized_odds_violation,0.08,0.0,100,0.22908886721631613,0.05593683527309613,0.2265074765546285,0.14121900252681469,0.3190474095722941,0.6542929292929293,0.016134611340660614,0.6982328984496471,0.015332100990688319,314.44,122.45,191.55,0.0,1.0
compas,hist_gradient_boosting,race,equalized_odds_violation,0.09,0.0,100,0.22908886721631613,0.05593683527309613,0.2265074765546285,0.14121900252681469,0.3190474095722941,0.6542929292929293,0.016134611340660614,0.6982328984496471,0.015332100990688319,314.44,122.45,191.55,0.0,1.0
compas,hist_gradient_boosting,race,equalized_odds_violation,0.1,0.01,100,0.22908886721631613,0.05593683527309613,0.2265074765546285,0.14121900252681469,0.3190474095722941,0.6542929292929293,0.016134611340660614,0.6982328984496471,0.015332100990688319,314.44,122.45,191.55,0.0198,0.9802
compas,hist_gradient_boosting,race,equalized_odds_violation,0.11,0.02,100,0.22908886721631613,0.05593683527309613,0.2265074765546285,0.14121900252681469,0.3190474095722941,0.6542929292929293,0.016134611340660614,0.6982328984496471,0.015332100990688319,314.44,122.45,191.55,0.0392,0.9608
compas,hist_gradient_boosting,race,equalized_odds_violation,0.12,0.03,100,0.22908886721631613,0.05593683527309613,0.2265074765546285,0.14121900252681469,0.3190474095722941,0.6542929292929293,0.016134611340660614,0.6982328984496471,0.015332100990688319,314.44,122.45,191.55,0.058199999999999995,0.9418
compas,hist_gradient_boosting,race,equalized_odds_violation,0.13,0.04,100,0.22908886721631613,0.05593683527309613,0.2265074765546285,0.14121900252681469,0.3190474095722941,0.6542929292929293,0.016134611340660614,0.6982328984496471,0.015332100990688319,314.44,122.45,191.55,0.0768,0.9232
compas,hist_gradient_boosting,race,equalized_odds_violation,0.14,0.05,100,0.22908886721631613,0.05593683527309613,0.2265074765546285,0.14121900252681469,0.3190474095722941,0.6542929292929293,0.016134611340660614,0.6982328984496471,0.015332100990688319,314.44,122.45,191.55,0.095,0.905
compas,hist_gradient_boosting,race,equalized_odds_violation,0.15,0.08,100,0.22908886721631613,0.05593683527309613,0.2265074765546285,0.14121900252681469,0.3190474095722941,0.6542929292929293,0.016134611340660614,0.6982328984496471,0.015332100990688319,314.44,122.45,191.55,0.1472,0.8528
compas,hist_gradient_boosting,race,equalized_odds_violation,0.16,0.11,100,0.22908886721631613,0.05593683527309613,0.2265074765546285,0.14121900252681469,0.3190474095722941,0.6542929292929293,0.016134611340660614,0.6982328984496471,0.015332100990688319,314.44,122.45,191.55,0.1958,0.8042
compas,hist_gradient_boosting,race,equalized_odds_violation,0.17,0.15,100,0.22908886721631613,0.05593683527309613,0.2265074765546285,0.14121900252681469,0.3190474095722941,0.6542929292929293,0.016134611340660614,0.6982328984496471,0.015332100990688319,314.44,122.45,191.55,0.255,0.745
compas,hist_gradient_boosting,race,equalized_odds_violation,0.18,0.19,100,0.22908886721631613,0.05593683527309613,0.2265074765546285,0.14121900252681469,0.3190474095722941,0.6542929292929293,0.016134611340660614,0.6982328984496471,0.015332100990688319,314.44,122.45,191.55,0.3078,0.6921999999999999
compas,hist_gradient_boosting,race,equalized_odds_violation,0.19,0.23,100,0.22908886721631613,0.05593683527309613,0.2265074765546285,0.14121900252681469,0.3190474095722941,0.6542929292929293,0.016134611340660614,0.6982328984496471,0.015332100990688319,314.44,122.45,191.55,0.3542,0.6457999999999999
compas,hist_gradient_boosting,race,equalized_odds_violation,0.2,0.29,100,0.22908886721631613,0.05593683527309613,0.2265074765546285,0.14121900252681469,0.3190474095722941,0.6542929292929293,0.016134611340660614,0.6982328984496471,0.015332100990688319,314.44,122.45,191.55,0.41179999999999994,0.5882000000000001
compas,hist_gradient_boosting,race,equalized_odds_violation,0.21,0.34,100,0.22908886721631613,0.05593683527309613,0.2265074765546285,0.14121900252681469,0.3190474095722941,0.6542929292929293,0.016134611340660614,0.6982328984496471,0.015332100990688319,314.44,122.45,191.55,0.4488,0.5512
compas,hist_gradient_boosting,race,equalized_odds_violation,0.22,0.45,100,0.22908886721631613,0.05593683527309613,0.2265074765546285,0.14121900252681469,0.3190474095722941,0.6542929292929293,0.016134611340660614,0.6982328984496471,0.015332100990688319,314.44,122.45,191.55,0.49500000000000005,0.5049999999999999
compas,hist_gradient_boosting,race,equalized_odds_violation,0.23,0.54,100,0.22908886721631613,0.05593683527309613,0.2265074765546285,0.14121900252681469,0.3190474095722941,0.6542929292929293,0.016134611340660614,0.6982328984496471,0.015332100990688319,314.44,122.45,191.55,0.4968,0.5032
compas,hist_gradient_boosting,race,equalized_odds_violation,0.24,0.6,100,0.22908886721631613,0.05593683527309613,0.2265074765546285,0.14121900252681469,0.3190474095722941,0.6542929292929293,0.016134611340660614,0.6982328984496471,0.015332100990688319,314.44,122.45,191.55,0.48,0.52
compas,hist_gradient_boosting,race,equalized_odds_violation,0.25,0.66,100,0.22908886721631613,0.05593683527309613,0.2265074765546285,0.14121900252681469,0.3190474095722941,0.6542929292929293,0.016134611340660614,0.6982328984496471,0.015332100990688319,314.44,122.45,191.55,0.4488,0.5512
compas,hist_gradient_boosting,race,equalized_odds_violation,0.26,0.73,100,0.22908886721631613,0.05593683527309613,0.2265074765546285,0.14121900252681469,0.3190474095722941,0.6542929292929293,0.016134611340660614,0.6982328984496471,0.015332100990688319,314.44,122.45,191.55,0.3942,0.6058
compas,hist_gradient_boosting,race,equalized_odds_violation,0.27,0.8,100,0.22908886721631613,0.05593683527309613,0.2265074765546285,0.14121900252681469,0.3190474095722941,0.6542929292929293,0.016134611340660614,0.6982328984496471,0.015332100990688319,314.44,122.45,191.55,0.31999999999999995,0.68
compas,hist_gradient_boosting,race,equalized_odds_violation,0.28,0.84,100,0.22908886721631613,0.05593683527309613,0.2265074765546285,0.14121900252681469,0.3190474095722941,0.6542929292929293,0.016134611340660614,0.6982328984496471,0.015332100990688319,314.44,122.45,191.55,0.26880000000000004,0.7312
compas,hist_gradient_boosting,race,equalized_odds_violation,0.29,0.87,100,0.22908886721631613,0.05593683527309613,0.2265074765546285,0.14121900252681469,0.3190474095722941,0.6542929292929293,0.016134611340660614,0.6982328984496471,0.015332100990688319,314.44,122.45,191.55,0.2262,0.7738
compas,hist_gradient_boosting,race,equalized_odds_violation,0.3,0.91,100,0.22908886721631613,0.05593683527309613,0.2265074765546285,0.14121900252681469,0.3190474095722941,0.6542929292929293,0.016134611340660614,0.6982328984496471,0.015332100990688319,314.44,122.45,191.55,0.16379999999999995,0.8362
compas,hist_gradient_boosting,sex,dpd_violation,0.0,0.0,100,0.1923569609460763,0.04213412500170541,0.19655892250157347,0.11520158179012337,0.2648203338684426,0.6542929292929293,0.016134611340660614,0.6982328984496471,0.015332100990688319,155.49,55.6,99.89,0.0,1.0
compas,hist_gradient_boosting,sex,dpd_violation,0.01,0.0,100,0.1923569609460763,0.04213412500170541,0.19655892250157347,0.11520158179012337,0.2648203338684426,0.6542929292929293,0.016134611340660614,0.6982328984496471,0.015332100990688319,155.49,55.6,99.89,0.0,1.0
compas,hist_gradient_boosting,sex,dpd_violation,0.02,0.0,100,0.1923569609460763,0.04213412500170541,0.19655892250157347,0.11520158179012337,0.2648203338684426,0.6542929292929293,0.016134611340660614,0.6982328984496471,0.015332100990688319,155.49,55.6,99.89,0.0,1.0
compas,hist_gradient_boosting,sex,dpd_violation,0.03,0.0,100,0.1923569609460763,0.04213412500170541,0.19655892250157347,0.11520158179012337,0.2648203338684426,0.6542929292929293,0.016134611340660614,0.6982328984496471,0.015332100990688319,155.49,55.6,99.89,0.0,1.0
compas,hist_gradient_boosting,sex,dpd_violation,0.04,0.0,100,0.1923569609460763,0.04213412500170541,0.19655892250157347,0.11520158179012337,0.2648203338684426,0.6542929292929293,0.016134611340660614,0.6982328984496471,0.015332100990688319,155.49,55.6,99.89,0.0,1.0
compas,hist_gradient_boosting,sex,dpd_violation,0.05,0.0,100,0.1923569609460763,0.04213412500170541,0.19655892250157347,0.11520158179012337,0.2648203338684426,0.6542929292929293,0.016134611340660614,0.6982328984496471,0.015332100990688319,155.49,55.6,99.89,0.0,1.0
compas,hist_gradient_boosting,sex,dpd_violation,0.06,0.0,100,0.1923569609460763,0.04213412500170541,0.19655892250157347,0.11520158179012337,0.2648203338684426,0.6542929292929293,0.016134611340660614,0.6982328984496471,0.015332100990688319,155.49,55.6,99.89,0.0,1.0
compas,hist_gradient_boosting,sex,dpd_violation,0.07,0.0,100,0.1923569609460763,0.04213412500170541,0.19655892250157347,0.11520158179012337,0.2648203338684426,0.6542929292929293,0.016134611340660614,0.6982328984496471,0.015332100990688319,155.49,55.6,99.89,0.0,1.0
compas,hist_gradient_boosting,sex,dpd_violation,0.08,0.0,100,0.1923569609460763,0.04213412500170541,0.19655892250157347,0.11520158179012337,0.2648203338684426,0.6542929292929293,0.016134611340660614,0.6982328984496471,0.015332100990688319,155.49,55.6,99.89,0.0,1.0
compas,hist_gradient_boosting,sex,dpd_violation,0.09,0.02,100,0.1923569609460763,0.04213412500170541,0.19655892250157347,0.11520158179012337,0.2648203338684426,0.6542929292929293,0.016134611340660614,0.6982328984496471,0.015332100990688319,155.49,55.6,99.89,0.0392,0.9608
compas,hist_gradient_boosting,sex,dpd_violation,0.1,0.02,100,0.1923569609460763,0.04213412500170541,0.19655892250157347,0.11520158179012337,0.2648203338684426,0.6542929292929293,0.016134611340660614,0.6982328984496471,0.015332100990688319,155.49,55.6,99.89,0.0392,0.9608
compas,hist_gradient_boosting,sex,dpd_violation,0.11,0.03,100,0.1923569609460763,0.04213412500170541,0.19655892250157347,0.11520158179012337,0.2648203338684426,0.6542929292929293,0.016134611340660614,0.6982328984496471,0.015332100990688319,155.49,55.6,99.89,0.058199999999999995,0.9418
compas,hist_gradient_boosting,sex,dpd_violation,0.12,0.07,100,0.1923569609460763,0.04213412500170541,0.19655892250157347,0.11520158179012337,0.2648203338684426,0.6542929292929293,0.016134611340660614,0.6982328984496471,0.015332100990688319,155.49,55.6,99.89,0.1302,0.8698
compas,hist_gradient_boosting,sex,dpd_violation,0.13,0.09,100,0.1923569609460763,0.04213412500170541,0.19655892250157347,0.11520158179012337,0.2648203338684426,0.6542929292929293,0.016134611340660614,0.6982328984496471,0.015332100990688319,155.49,55.6,99.89,0.1638,0.8362
compas,hist_gradient_boosting,sex,dpd_violation,0.14,0.11,100,0.1923569609460763,0.04213412500170541,0.19655892250157347,0.11520158179012337,0.2648203338684426,0.6542929292929293,0.016134611340660614,0.6982328984496471,0.015332100990688319,155.49,55.6,99.89,0.1958,0.8042
compas,hist_gradient_boosting,sex,dpd_violation,0.15,0.14,100,0.1923569609460763,0.04213412500170541,0.19655892250157347,0.11520158179012337,0.2648203338684426,0.6542929292929293,0.016134611340660614,0.6982328984496471,0.015332100990688319,155.49,55.6,99.89,0.24080000000000001,0.7592
compas,hist_gradient_boosting,sex,dpd_violation,0.16,0.2,100,0.1923569609460763,0.04213412500170541,0.19655892250157347,0.11520158179012337,0.2648203338684426,0.6542929292929293,0.016134611340660614,0.6982328984496471,0.015332100990688319,155.49,55.6,99.89,0.32000000000000006,0.6799999999999999
compas,hist_gradient_boosting,sex,dpd_violation,0.17,0.27,100,0.1923569609460763,0.04213412500170541,0.19655892250157347,0.11520158179012337,0.2648203338684426,0.6542929292929293,0.016134611340660614,0.6982328984496471,0.015332100990688319,155.49,55.6,99.89,0.3942,0.6058
compas,hist_gradient_boosting,sex,dpd_violation,0.18,0.36,100,0.1923569609460763,0.04213412500170541,0.19655892250157347,0.11520158179012337,0.2648203338684426,0.6542929292929293,0.016134611340660614,0.6982328984496471,0.015332100990688319,155.49,55.6,99.89,0.4608,0.5392
compas,hist_gradient_boosting,sex,dpd_violation,0.19,0.47,100,0.1923569609460763,0.04213412500170541,0.19655892250157347,0.11520158179012337,0.2648203338684426,0.6542929292929293,0.016134611340660614,0.6982328984496471,0.015332100990688319,155.49,55.6,99.89,0.4982,0.5018
compas,hist_gradient_boosting,sex,dpd_violation,0.2,0.57,100,0.1923569609460763,0.04213412500170541,0.19655892250157347,0.11520158179012337,0.2648203338684426,0.6542929292929293,0.016134611340660614,0.6982328984496471,0.015332100990688319,155.49,55.6,99.89,0.4902,0.5098
compas,hist_gradient_boosting,sex,dpd_violation,0.21,0.65,100,0.1923569609460763,0.04213412500170541,0.19655892250157347,0.11520158179012337,0.2648203338684426,0.6542929292929293,0.016134611340660614,0.6982328984496471,0.015332100990688319,155.49,55.6,99.89,0.45499999999999996,0.545
compas,hist_gradient_boosting,sex,dpd_violation,0.22,0.76,100,0.1923569609460763,0.04213412500170541,0.19655892250157347,0.11520158179012337,0.2648203338684426,0.6542929292929293,0.016134611340660614,0.6982328984496471,0.015332100990688319,155.49,55.6,99.89,0.3648,0.6352
compas,hist_gradient_boosting,sex,dpd_violation,0.23,0.85,100,0.1923569609460763,0.04213412500170541,0.19655892250157347,0.11520158179012337,0.2648203338684426,0.6542929292929293,0.016134611340660614,0.6982328984496471,0.015332100990688319,155.49,55.6,99.89,0.255,0.745
compas,hist_gradient_boosting,sex,dpd_violation,0.24,0.88,100,0.1923569609460763,0.04213412500170541,0.19655892250157347,0.11520158179012337,0.2648203338684426,0.6542929292929293,0.016134611340660614,0.6982328984496471,0.015332100990688319,155.49,55.6,99.89,0.2112,0.7888
compas,hist_gradient_boosting,sex,dpd_violation,0.25,0.9,100,0.1923569609460763,0.04213412500170541,0.19655892250157347,0.11520158179012337,0.2648203338684426,0.6542929292929293,0.016134611340660614,0.6982328984496471,0.015332100990688319,155.49,55.6,99.89,0.17999999999999997,0.8200000000000001
compas,hist_gradient_boosting,sex,dpd_violation,0.26,0.93,100,0.1923569609460763,0.04213412500170541,0.19655892250157347,0.11520158179012337,0.2648203338684426,0.6542929292929293,0.016134611340660614,0.6982328984496471,0.015332100990688319,155.49,55.6,99.89,0.13019999999999993,0.8698000000000001
compas,hist_gradient_boosting,sex,dpd_violation,0.27,0.97,100,0.1923569609460763,0.04213412500170541,0.19655892250157347,0.11520158179012337,0.2648203338684426,0.6542929292929293,0.016134611340660614,0.6982328984496471,0.015332100990688319,155.49,55.6,99.89,0.05820000000000005,0.9418
compas,hist_gradient_boosting,sex,dpd_violation,0.28,1.0,100,0.1923569609460763,0.04213412500170541,0.19655892250157347,0.11520158179012337,0.2648203338684426,0.6542929292929293,0.016134611340660614,0.6982328984496471,0.015332100990688319,155.49,55.6,99.89,0.0,1.0
compas,hist_gradient_boosting,sex,dpd_violation,0.29,1.0,100,0.1923569609460763,0.04213412500170541,0.19655892250157347,0.11520158179012337,0.2648203338684426,0.6542929292929293,0.016134611340660614,0.6982328984496471,0.015332100990688319,155.49,55.6,99.89,0.0,1.0
compas,hist_gradient_boosting,sex,dpd_violation,0.3,1.0,100,0.1923569609460763,0.04213412500170541,0.19655892250157347,0.11520158179012337,0.2648203338684426,0.6542929292929293,0.016134611340660614,0.6982328984496471,0.015332100990688319,155.49,55.6,99.89,0.0,1.0
compas,hist_gradient_boosting,sex,dpr_violation,0.0,0.0,100,0.4266566417279818,0.08306525902982541,0.4298641855331198,0.27973135976963476,0.5582631001979687,0.6542929292929293,0.016134611340660614,0.6982328984496471,0.015332100990688319,155.49,55.6,99.89,0.0,1.0
compas,hist_gradient_boosting,sex,dpr_violation,0.010000000000000009,0.0,100,0.4266566417279818,0.08306525902982541,0.4298641855331198,0.27973135976963476,0.5582631001979687,0.6542929292929293,0.016134611340660614,0.6982328984496471,0.015332100990688319,155.49,55.6,99.89,0.0,1.0
compas,hist_gradient_boosting,sex,dpr_violation,0.020000000000000018,0.0,100,0.4266566417279818,0.08306525902982541,0.4298641855331198,0.27973135976963476,0.5582631001979687,0.6542929292929293,0.016134611340660614,0.6982328984496471,0.015332100990688319,155.49,55.6,99.89,0.0,1.0
compas,hist_gradient_boosting,sex,dpr_violation,0.030000000000000027,0.0,100,0.4266566417279818,0.08306525902982541,0.4298641855331198,0.27973135976963476,0.5582631001979687,0.6542929292929293,0.016134611340660614,0.6982328984496471,0.015332100990688319,155.49,55.6,99.89,0.0,1.0
compas,hist_gradient_boosting,sex,dpr_violation,0.040000000000000036,0.0,100,0.4266566417279818,0.08306525902982541,0.4298641855331198,0.27973135976963476,0.5582631001979687,0.6542929292929293,0.016134611340660614,0.6982328984496471,0.015332100990688319,155.49,55.6,99.89,0.0,1.0
compas,hist_gradient_boosting,sex,dpr_violation,0.050000000000000044,0.0,100,0.4266566417279818,0.08306525902982541,0.4298641855331198,0.27973135976963476,0.5582631001979687,0.6542929292929293,0.016134611340660614,0.6982328984496471,0.015332100990688319,155.49,55.6,99.89,0.0,1.0
compas,hist_gradient_boosting,sex,dpr_violation,0.06000000000000005,0.0,100,0.4266566417279818,0.08306525902982541,0.4298641855331198,0.27973135976963476,0.5582631001979687,0.6542929292929293,0.016134611340660614,0.6982328984496471,0.015332100990688319,155.49,55.6,99.89,0.0,1.0
compas,hist_gradient_boosting,sex,dpr_violation,0.06999999999999995,0.0,100,0.4266566417279818,0.08306525902982541,0.4298641855331198,0.27973135976963476,0.5582631001979687,0.6542929292929293,0.016134611340660614,0.6982328984496471,0.015332100990688319,155.49,55.6,99.89,0.0,1.0
compas,hist_gradient_boosting,sex,dpr_violation,0.07999999999999996,0.0,100,0.4266566417279818,0.08306525902982541,0.4298641855331198,0.27973135976963476,0.5582631001979687,0.6542929292929293,0.016134611340660614,0.6982328984496471,0.015332100990688319,155.49,55.6,99.89,0.0,1.0
compas,hist_gradient_boosting,sex,dpr_violation,0.08999999999999997,0.0,100,0.4266566417279818,0.08306525902982541,0.4298641855331198,0.27973135976963476,0.5582631001979687,0.6542929292929293,0.016134611340660614,0.6982328984496471,0.015332100990688319,155.49,55.6,99.89,0.0,1.0
compas,hist_gradient_boosting,sex,dpr_violation,0.09999999999999998,0.0,100,0.4266566417279818,0.08306525902982541,0.4298641855331198,0.27973135976963476,0.5582631001979687,0.6542929292929293,0.016134611340660614,0.6982328984496471,0.015332100990688319,155.49,55.6,99.89,0.0,1.0
compas,hist_gradient_boosting,sex,dpr_violation,0.10999999999999999,0.0,100,0.4266566417279818,0.08306525902982541,0.4298641855331198,0.27973135976963476,0.5582631001979687,0.6542929292929293,0.016134611340660614,0.6982328984496471,0.015332100990688319,155.49,55.6,99.89,0.0,1.0
compas,hist_gradient_boosting,sex,dpr_violation,0.12,0.0,100,0.4266566417279818,0.08306525902982541,0.4298641855331198,0.27973135976963476,0.5582631001979687,0.6542929292929293,0.016134611340660614,0.6982328984496471,0.015332100990688319,155.49,55.6,99.89,0.0,1.0
compas,hist_gradient_boosting,sex,dpr_violation,0.13,0.0,100,0.4266566417279818,0.08306525902982541,0.4298641855331198,0.27973135976963476,0.5582631001979687,0.6542929292929293,0.016134611340660614,0.6982328984496471,0.015332100990688319,155.49,55.6,99.89,0.0,1.0
compas,hist_gradient_boosting,sex,dpr_violation,0.14,0.0,100,0.4266566417279818,0.08306525902982541,0.4298641855331198,0.27973135976963476,0.5582631001979687,0.6542929292929293,0.016134611340660614,0.6982328984496471,0.015332100990688319,155.49,55.6,99.89,0.0,1.0
compas,hist_gradient_boosting,sex,dpr_violation,0.15000000000000002,0.0,100,0.4266566417279818,0.08306525902982541,0.4298641855331198,0.27973135976963476,0.5582631001979687,0.6542929292929293,0.016134611340660614,0.6982328984496471,0.015332100990688319,155.49,55.6,99.89,0.0,1.0
compas,hist_gradient_boosting,sex,dpr_violation,0.16000000000000003,0.0,100,0.4266566417279818,0.08306525902982541,0.4298641855331198,0.27973135976963476,0.5582631001979687,0.6542929292929293,0.016134611340660614,0.6982328984496471,0.015332100990688319,155.49,55.6,99.89,0.0,1.0
compas,hist_gradient_boosting,sex,dpr_violation,0.17000000000000004,0.0,100,0.4266566417279818,0.08306525902982541,0.4298641855331198,0.27973135976963476,0.5582631001979687,0.6542929292929293,0.016134611340660614,0.6982328984496471,0.015332100990688319,155.49,55.6,99.89,0.0,1.0
compas,hist_gradient_boosting,sex,dpr_violation,0.18000000000000005,0.0,100,0.4266566417279818,0.08306525902982541,0.4298641855331198,0.27973135976963476,0.5582631001979687,0.6542929292929293,0.016134611340660614,0.6982328984496471,0.015332100990688319,155.49,55.6,99.89,0.0,1.0
compas,hist_gradient_boosting,sex,dpr_violation,0.18999999999999995,0.0,100,0.4266566417279818,0.08306525902982541,0.4298641855331198,0.27973135976963476,0.5582631001979687,0.6542929292929293,0.016134611340660614,0.6982328984496471,0.015332100990688319,155.49,55.6,99.89,0.0,1.0
compas,hist_gradient_boosting,sex,dpr_violation,0.19999999999999996,0.01,100,0.4266566417279818,0.08306525902982541,0.4298641855331198,0.27973135976963476,0.5582631001979687,0.6542929292929293,0.016134611340660614,0.6982328984496471,0.015332100990688319,155.49,55.6,99.89,0.0198,0.9802
compas,hist_gradient_boosting,sex,dpr_violation,0.20999999999999996,0.02,100,0.4266566417279818,0.08306525902982541,0.4298641855331198,0.27973135976963476,0.5582631001979687,0.6542929292929293,0.016134611340660614,0.6982328984496471,0.015332100990688319,155.49,55.6,99.89,0.0392,0.9608
compas,hist_gradient_boosting,sex,dpr_violation,0.21999999999999997,0.02,100,0.4266566417279818,0.08306525902982541,0.4298641855331198,0.27973135976963476,0.5582631001979687,0.6542929292929293,0.016134611340660614,0.6982328984496471,0.015332100990688319,155.49,55.6,99.89,0.0392,0.9608
compas,hist_gradient_boosting,sex,dpr_violation,0.22999999999999998,0.02,100,0.4266566417279818,0.08306525902982541,0.4298641855331198,0.27973135976963476,0.5582631001979687,0.6542929292929293,0.016134611340660614,0.6982328984496471,0.015332100990688319,155.49,55.6,99.89,0.0392,0.9608
compas,hist_gradient_boosting,sex,dpr_violation,0.24,0.02,100,0.4266566417279818,0.08306525902982541,0.4298641855331198,0.27973135976963476,0.5582631001979687,0.6542929292929293,0.016134611340660614,0.6982328984496471,0.015332100990688319,155.49,55.6,99.89,0.0392,0.9608
compas,hist_gradient_boosting,sex,dpr_violation,0.25,0.02,100,0.4266566417279818,0.08306525902982541,0.4298641855331198,0.27973135976963476,0.5582631001979687,0.6542929292929293,0.016134611340660614,0.6982328984496471,0.015332100990688319,155.49,55.6,99.89,0.0392,0.9608
compas,hist_gradient_boosting,sex,dpr_violation,0.26,0.02,100,0.4266566417279818,0.08306525902982541,0.4298641855331198,0.27973135976963476,0.5582631001979687,0.6542929292929293,0.016134611340660614,0.6982328984496471,0.015332100990688319,155.49,55.6,99.89,0.0392,0.9608
compas,hist_gradient_boosting,sex,dpr_violation,0.27,0.04,100,0.4266566417279818,0.08306525902982541,0.4298641855331198,0.27973135976963476,0.5582631001979687,0.6542929292929293,0.016134611340660614,0.6982328984496471,0.015332100990688319,155.49,55.6,99.89,0.0768,0.9232
compas,hist_gradient_boosting,sex,dpr_violation,0.28,0.06,100,0.4266566417279818,0.08306525902982541,0.4298641855331198,0.27973135976963476,0.5582631001979687,0.6542929292929293,0.016134611340660614,0.6982328984496471,0.015332100990688319,155.49,55.6,99.89,0.11279999999999998,0.8872
compas,hist_gradient_boosting,sex,dpr_violation,0.29000000000000004,0.1,100,0.4266566417279818,0.08306525902982541,0.4298641855331198,0.27973135976963476,0.5582631001979687,0.6542929292929293,0.016134611340660614,0.6982328984496471,0.015332100990688319,155.49,55.6,99.89,0.18000000000000002,0.82
compas,hist_gradient_boosting,sex,dpr_violation,0.30000000000000004,0.1,100,0.4266566417279818,0.08306525902982541,0.4298641855331198,0.27973135976963476,0.5582631001979687,0.6542929292929293,0.016134611340660614,0.6982328984496471,0.015332100990688319,155.49,55.6,99.89,0.18000000000000002,0.82
compas,hist_gradient_boosting,sex,dpr_violation,0.31000000000000005,0.1,100,0.4266566417279818,0.08306525902982541,0.4298641855331198,0.27973135976963476,0.5582631001979687,0.6542929292929293,0.016134611340660614,0.6982328984496471,0.015332100990688319,155.49,55.6,99.89,0.18000000000000002,0.82
compas,hist_gradient_boosting,sex,dpr_violation,0.31999999999999995,0.1,100,0.4266566417279818,0.08306525902982541,0.4298641855331198,0.27973135976963476,0.5582631001979687,0.6542929292929293,0.016134611340660614,0.6982328984496471,0.015332100990688319,155.49,55.6,99.89,0.18000000000000002,0.82
compas,hist_gradient_boosting,sex,dpr_violation,0.32999999999999996,0.11,100,0.4266566417279818,0.08306525902982541,0.4298641855331198,0.27973135976963476,0.5582631001979687,0.6542929292929293,0.016134611340660614,0.6982328984496471,0.015332100990688319,155.49,55.6,99.89,0.1958,0.8042
compas,hist_gradient_boosting,sex,dpr_violation,0.33999999999999997,0.14,100,0.4266566417279818,0.08306525902982541,0.4298641855331198,0.27973135976963476,0.5582631001979687,0.6542929292929293,0.016134611340660614,0.6982328984496471,0.015332100990688319,155.49,55.6,99.89,0.24080000000000001,0.7592
compas,hist_gradient_boosting,sex,dpr_violation,0.35,0.15,100,0.4266566417279818,0.08306525902982541,0.4298641855331198,0.27973135976963476,0.5582631001979687,0.6542929292929293,0.016134611340660614,0.6982328984496471,0.015332100990688319,155.49,55.6,99.89,0.255,0.745
compas,hist_gradient_boosting,sex,dpr_violation,0.36,0.18,100,0.4266566417279818,0.08306525902982541,0.4298641855331198,0.27973135976963476,0.5582631001979687,0.6542929292929293,0.016134611340660614,0.6982328984496471,0.015332100990688319,155.49,55.6,99.89,0.2952,0.7048
compas,hist_gradient_boosting,sex,dpr_violation,0.37,0.22,100,0.4266566417279818,0.08306525902982541,0.4298641855331198,0.27973135976963476,0.5582631001979687,0.6542929292929293,0.016134611340660614,0.6982328984496471,0.015332100990688319,155.49,55.6,99.89,0.3432,0.6568
compas,hist_gradient_boosting,sex,dpr_violation,0.38,0.27,100,0.4266566417279818,0.08306525902982541,0.4298641855331198,0.27973135976963476,0.5582631001979687,0.6542929292929293,0.016134611340660614,0.6982328984496471,0.015332100990688319,155.49,55.6,99.89,0.3942,0.6058
compas,hist_gradient_boosting,sex,dpr_violation,0.39,0.3,100,0.4266566417279818,0.08306525902982541,0.4298641855331198,0.27973135976963476,0.5582631001979687,0.6542929292929293,0.016134611340660614,0.6982328984496471,0.015332100990688319,155.49,55.6,99.89,0.42,0.5800000000000001
compas,hist_gradient_boosting,sex,dpr_violation,0.4,0.34,100,0.4266566417279818,0.08306525902982541,0.4298641855331198,0.27973135976963476,0.5582631001979687,0.6542929292929293,0.016134611340660614,0.6982328984496471,0.015332100990688319,155.49,55.6,99.89,0.4488,0.5512
compas,hist_gradient_boosting,sex,eod_violation,0.0,0.0,100,0.1737395366667836,0.07167354028281464,0.1688790978640726,0.055613464643491116,0.3048161395283795,0.6542929292929293,0.016134611340660614,0.6982328984496471,0.015332100990688319,155.49,55.6,99.89,0.0,1.0
compas,hist_gradient_boosting,sex,eod_violation,0.01,0.0,100,0.1737395366667836,0.07167354028281464,0.1688790978640726,0.055613464643491116,0.3048161395283795,0.6542929292929293,0.016134611340660614,0.6982328984496471,0.015332100990688319,155.49,55.6,99.89,0.0,1.0
compas,hist_gradient_boosting,sex,eod_violation,0.02,0.01,100,0.1737395366667836,0.07167354028281464,0.1688790978640726,0.055613464643491116,0.3048161395283795,0.6542929292929293,0.016134611340660614,0.6982328984496471,0.015332100990688319,155.49,55.6,99.89,0.0198,0.9802
compas,hist_gradient_boosting,sex,eod_violation,0.03,0.01,100,0.1737395366667836,0.07167354028281464,0.1688790978640726,0.055613464643491116,0.3048161395283795,0.6542929292929293,0.016134611340660614,0.6982328984496471,0.015332100990688319,155.49,55.6,99.89,0.0198,0.9802
compas,hist_gradient_boosting,sex,eod_violation,0.04,0.03,100,0.1737395366667836,0.07167354028281464,0.1688790978640726,0.055613464643491116,0.3048161395283795,0.6542929292929293,0.016134611340660614,0.6982328984496471,0.015332100990688319,155.49,55.6,99.89,0.058199999999999995,0.9418
compas,hist_gradient_boosting,sex,eod_violation,0.05,0.05,100,0.1737395366667836,0.07167354028281464,0.1688790978640726,0.055613464643491116,0.3048161395283795,0.6542929292929293,0.016134611340660614,0.6982328984496471,0.015332100990688319,155.49,55.6,99.89,0.095,0.905
compas,hist_gradient_boosting,sex,eod_violation,0.06,0.07,100,0.1737395366667836,0.07167354028281464,0.1688790978640726,0.055613464643491116,0.3048161395283795,0.6542929292929293,0.016134611340660614,0.6982328984496471,0.015332100990688319,155.49,55.6,99.89,0.1302,0.8698
compas,hist_gradient_boosting,sex,eod_violation,0.07,0.07,100,0.1737395366667836,0.07167354028281464,0.1688790978640726,0.055613464643491116,0.3048161395283795,0.6542929292929293,0.016134611340660614,0.6982328984496471,0.015332100990688319,155.49,55.6,99.89,0.1302,0.8698
compas,hist_gradient_boosting,sex,eod_violation,0.08,0.09,100,0.1737395366667836,0.07167354028281464,0.1688790978640726,0.055613464643491116,0.3048161395283795,0.6542929292929293,0.016134611340660614,0.6982328984496471,0.015332100990688319,155.49,55.6,99.89,0.1638,0.8362
compas,hist_gradient_boosting,sex,eod_violation,0.09,0.12,100,0.1737395366667836,0.07167354028281464,0.1688790978640726,0.055613464643491116,0.3048161395283795,0.6542929292929293,0.016134611340660614,0.6982328984496471,0.015332100990688319,155.49,55.6,99.89,0.2112,0.7888
compas,hist_gradient_boosting,sex,eod_violation,0.1,0.14,100,0.1737395366667836,0.07167354028281464,0.1688790978640726,0.055613464643491116,0.3048161395283795,0.6542929292929293,0.016134611340660614,0.6982328984496471,0.015332100990688319,155.49,55.6,99.89,0.24080000000000001,0.7592
compas,hist_gradient_boosting,sex,eod_violation,0.11,0.16,100,0.1737395366667836,0.07167354028281464,0.1688790978640726,0.055613464643491116,0.3048161395283795,0.6542929292929293,0.016134611340660614,0.6982328984496471,0.015332100990688319,155.49,55.6,99.89,0.2688,0.7312000000000001
compas,hist_gradient_boosting,sex,eod_violation,0.12,0.24,100,0.1737395366667836,0.07167354028281464,0.1688790978640726,0.055613464643491116,0.3048161395283795,0.6542929292929293,0.016134611340660614,0.6982328984496471,0.015332100990688319,155.49,55.6,99.89,0.3648,0.6352
compas,hist_gradient_boosting,sex,eod_violation,0.13,0.29,100,0.1737395366667836,0.07167354028281464,0.1688790978640726,0.055613464643491116,0.3048161395283795,0.6542929292929293,0.016134611340660614,0.6982328984496471,0.015332100990688319,155.49,55.6,99.89,0.41179999999999994,0.5882000000000001
compas,hist_gradient_boosting,sex,eod_violation,0.14,0.32,100,0.1737395366667836,0.07167354028281464,0.1688790978640726,0.055613464643491116,0.3048161395283795,0.6542929292929293,0.016134611340660614,0.6982328984496471,0.015332100990688319,155.49,55.6,99.89,0.4352,0.5648
compas,hist_gradient_boosting,sex,eod_violation,0.15,0.33,100,0.1737395366667836,0.07167354028281464,0.1688790978640726,0.055613464643491116,0.3048161395283795,0.6542929292929293,0.016134611340660614,0.6982328984496471,0.015332100990688319,155.49,55.6,99.89,0.4422,0.5578000000000001
compas,hist_gradient_boosting,sex,eod_violation,0.16,0.42,100,0.1737395366667836,0.07167354028281464,0.1688790978640726,0.055613464643491116,0.3048161395283795,0.6542929292929293,0.016134611340660614,0.6982328984496471,0.015332100990688319,155.49,55.6,99.89,0.4872,0.5127999999999999
compas,hist_gradient_boosting,sex,eod_violation,0.17,0.51,100,0.1737395366667836,0.07167354028281464,0.1688790978640726,0.055613464643491116,0.3048161395283795,0.6542929292929293,0.016134611340660614,0.6982328984496471,0.015332100990688319,155.49,55.6,99.89,0.4998,0.5002
compas,hist_gradient_boosting,sex,eod_violation,0.18,0.56,100,0.1737395366667836,0.07167354028281464,0.1688790978640726,0.055613464643491116,0.3048161395283795,0.6542929292929293,0.016134611340660614,0.6982328984496471,0.015332100990688319,155.49,55.6,99.89,0.49279999999999996,0.5072000000000001
compas,hist_gradient_boosting,sex,eod_violation,0.19,0.6,100,0.1737395366667836,0.07167354028281464,0.1688790978640726,0.055613464643491116,0.3048161395283795,0.6542929292929293,0.016134611340660614,0.6982328984496471,0.015332100990688319,155.49,55.6,99.89,0.48,0.52
compas,hist_gradient_boosting,sex,eod_violation,0.2,0.65,100,0.1737395366667836,0.07167354028281464,0.1688790978640726,0.055613464643491116,0.3048161395283795,0.6542929292929293,0.016134611340660614,0.6982328984496471,0.015332100990688319,155.49,55.6,99.89,0.45499999999999996,0.545
compas,hist_gradient_boosting,sex,eod_violation,0.21,0.7,100,0.1737395366667836,0.07167354028281464,0.1688790978640726,0.055613464643491116,0.3048161395283795,0.6542929292929293,0.016134611340660614,0.6982328984496471,0.015332100990688319,155.49,55.6,99.89,0.42000000000000004,0.58
compas,hist_gradient_boosting,sex,eod_violation,0.22,0.76,100,0.1737395366667836,0.07167354028281464,0.1688790978640726,0.055613464643491116,0.3048161395283795,0.6542929292929293,0.016134611340660614,0.6982328984496471,0.015332100990688319,155.49,55.6,99.89,0.3648,0.6352
compas,hist_gradient_boosting,sex,eod_violation,0.23,0.84,100,0.1737395366667836,0.07167354028281464,0.1688790978640726,0.055613464643491116,0.3048161395283795,0.6542929292929293,0.016134611340660614,0.6982328984496471,0.015332100990688319,155.49,55.6,99.89,0.26880000000000004,0.7312
compas,hist_gradient_boosting,sex,eod_violation,0.24,0.86,100,0.1737395366667836,0.07167354028281464,0.1688790978640726,0.055613464643491116,0.3048161395283795,0.6542929292929293,0.016134611340660614,0.6982328984496471,0.015332100990688319,155.49,55.6,99.89,0.24080000000000001,0.7592
compas,hist_gradient_boosting,sex,eod_violation,0.25,0.89,100,0.1737395366667836,0.07167354028281464,0.1688790978640726,0.055613464643491116,0.3048161395283795,0.6542929292929293,0.016134611340660614,0.6982328984496471,0.015332100990688319,155.49,55.6,99.89,0.19579999999999997,0.8042
compas,hist_gradient_boosting,sex,eod_violation,0.26,0.89,100,0.1737395366667836,0.07167354028281464,0.1688790978640726,0.055613464643491116,0.3048161395283795,0.6542929292929293,0.016134611340660614,0.6982328984496471,0.015332100990688319,155.49,55.6,99.89,0.19579999999999997,0.8042
compas,hist_gradient_boosting,sex,eod_violation,0.27,0.9,100,0.1737395366667836,0.07167354028281464,0.1688790978640726,0.055613464643491116,0.3048161395283795,0.6542929292929293,0.016134611340660614,0.6982328984496471,0.015332100990688319,155.49,55.6,99.89,0.17999999999999997,0.8200000000000001
compas,hist_gradient_boosting,sex,eod_violation,0.28,0.92,100,0.1737395366667836,0.07167354028281464,0.1688790978640726,0.055613464643491116,0.3048161395283795,0.6542929292929293,0.016134611340660614,0.6982328984496471,0.015332100990688319,155.49,55.6,99.89,0.14719999999999994,0.8528
compas,hist_gradient_boosting,sex,eod_violation,0.29,0.93,100,0.1737395366667836,0.07167354028281464,0.1688790978640726,0.055613464643491116,0.3048161395283795,0.6542929292929293,0.016134611340660614,0.6982328984496471,0.015332100990688319,155.49,55.6,99.89,0.13019999999999993,0.8698000000000001
compas,hist_gradient_boosting,sex,eod_violation,0.3,0.94,100,0.1737395366667836,0.07167354028281464,0.1688790978640726,0.055613464643491116,0.3048161395283795,0.6542929292929293,0.016134611340660614,0.6982328984496471,0.015332100990688319,155.49,55.6,99.89,0.1128000000000001,0.8871999999999999
compas,hist_gradient_boosting,sex,equalized_odds_violation,0.0,0.0,100,0.18804458515402211,0.06358919546960828,0.18067639796044155,0.08610704078807528,0.3048161395283795,0.6542929292929293,0.016134611340660614,0.6982328984496471,0.015332100990688319,155.49,55.6,99.89,0.0,1.0
compas,hist_gradient_boosting,sex,equalized_odds_violation,0.01,0.0,100,0.18804458515402211,0.06358919546960828,0.18067639796044155,0.08610704078807528,0.3048161395283795,0.6542929292929293,0.016134611340660614,0.6982328984496471,0.015332100990688319,155.49,55.6,99.89,0.0,1.0
compas,hist_gradient_boosting,sex,equalized_odds_violation,0.02,0.0,100,0.18804458515402211,0.06358919546960828,0.18067639796044155,0.08610704078807528,0.3048161395283795,0.6542929292929293,0.016134611340660614,0.6982328984496471,0.015332100990688319,155.49,55.6,99.89,0.0,1.0
compas,hist_gradient_boosting,sex,equalized_odds_violation,0.03,0.0,100,0.18804458515402211,0.06358919546960828,0.18067639796044155,0.08610704078807528,0.3048161395283795,0.6542929292929293,0.016134611340660614,0.6982328984496471,0.015332100990688319,155.49,55.6,99.89,0.0,1.0
compas,hist_gradient_boosting,sex,equalized_odds_violation,0.04,0.0,100,0.18804458515402211,0.06358919546960828,0.18067639796044155,0.08610704078807528,0.3048161395283795,0.6542929292929293,0.016134611340660614,0.6982328984496471,0.015332100990688319,155.49,55.6,99.89,0.0,1.0
compas,hist_gradient_boosting,sex,equalized_odds_violation,0.05,0.0,100,0.18804458515402211,0.06358919546960828,0.18067639796044155,0.08610704078807528,0.3048161395283795,0.6542929292929293,0.016134611340660614,0.6982328984496471,0.015332100990688319,155.49,55.6,99.89,0.0,1.0
compas,hist_gradient_boosting,sex,equalized_odds_violation,0.06,0.02,100,0.18804458515402211,0.06358919546960828,0.18067639796044155,0.08610704078807528,0.3048161395283795,0.6542929292929293,0.016134611340660614,0.6982328984496471,0.015332100990688319,155.49,55.6,99.89,0.0392,0.9608
compas,hist_gradient_boosting,sex,equalized_odds_violation,0.07,0.04,100,0.18804458515402211,0.06358919546960828,0.18067639796044155,0.08610704078807528,0.3048161395283795,0.6542929292929293,0.016134611340660614,0.6982328984496471,0.015332100990688319,155.49,55.6,99.89,0.0768,0.9232
compas,hist_gradient_boosting,sex,equalized_odds_violation,0.08,0.04,100,0.18804458515402211,0.06358919546960828,0.18067639796044155,0.08610704078807528,0.3048161395283795,0.6542929292929293,0.016134611340660614,0.6982328984496471,0.015332100990688319,155.49,55.6,99.89,0.0768,0.9232
compas,hist_gradient_boosting,sex,equalized_odds_violation,0.09,0.06,100,0.18804458515402211,0.06358919546960828,0.18067639796044155,0.08610704078807528,0.3048161395283795,0.6542929292929293,0.016134611340660614,0.6982328984496471,0.015332100990688319,155.49,55.6,99.89,0.11279999999999998,0.8872
compas,hist_gradient_boosting,sex,equalized_odds_violation,0.1,0.08,100,0.18804458515402211,0.06358919546960828,0.18067639796044155,0.08610704078807528,0.3048161395283795,0.6542929292929293,0.016134611340660614,0.6982328984496471,0.015332100990688319,155.49,55.6,99.89,0.1472,0.8528
compas,hist_gradient_boosting,sex,equalized_odds_violation,0.11,0.08,100,0.18804458515402211,0.06358919546960828,0.18067639796044155,0.08610704078807528,0.3048161395283795,0.6542929292929293,0.016134611340660614,0.6982328984496471,0.015332100990688319,155.49,55.6,99.89,0.1472,0.8528
compas,hist_gradient_boosting,sex,equalized_odds_violation,0.12,0.13,100,0.18804458515402211,0.06358919546960828,0.18067639796044155,0.08610704078807528,0.3048161395283795,0.6542929292929293,0.016134611340660614,0.6982328984496471,0.015332100990688319,155.49,55.6,99.89,0.2262,0.7738
compas,hist_gradient_boosting,sex,equalized_odds_violation,0.13,0.17,100,0.18804458515402211,0.06358919546960828,0.18067639796044155,0.08610704078807528,0.3048161395283795,0.6542929292929293,0.016134611340660614,0.6982328984496471,0.015332100990688319,155.49,55.6,99.89,0.2822,0.7178
compas,hist_gradient_boosting,sex,equalized_odds_violation,0.14,0.22,100,0.18804458515402211,0.06358919546960828,0.18067639796044155,0.08610704078807528,0.3048161395283795,0.6542929292929293,0.016134611340660614,0.6982328984496471,0.015332100990688319,155.49,55.6,99.89,0.3432,0.6568
compas,hist_gradient_boosting,sex,equalized_odds_violation,0.15,0.23,100,0.18804458515402211,0.06358919546960828,0.18067639796044155,0.08610704078807528,0.3048161395283795,0.6542929292929293,0.016134611340660614,0.6982328984496471,0.015332100990688319,155.49,55.6,99.89,0.3542,0.6457999999999999
compas,hist_gradient_boosting,sex,equalized_odds_violation,0.16,0.31,100,0.18804458515402211,0.06358919546960828,0.18067639796044155,0.08610704078807528,0.3048161395283795,0.6542929292929293,0.016134611340660614,0.6982328984496471,0.015332100990688319,155.49,55.6,99.89,0.42779999999999996,0.5722
compas,hist_gradient_boosting,sex,equalized_odds_violation,0.17,0.42,100,0.18804458515402211,0.06358919546960828,0.18067639796044155,0.08610704078807528,0.3048161395283795,0.6542929292929293,0.016134611340660614,0.6982328984496471,0.015332100990688319,155.49,55.6,99.89,0.4872,0.5127999999999999
compas,hist_gradient_boosting,sex,equalized_odds_violation,0.18,0.48,100,0.18804458515402211,0.06358919546960828,0.18067639796044155,0.08610704078807528,0.3048161395283795,0.6542929292929293,0.016134611340660614,0.6982328984496471,0.015332100990688319,155.49,55.6,99.89,0.4992,0.5008
compas,hist_gradient_boosting,sex,equalized_odds_violation,0.19,0.56,100,0.18804458515402211,0.06358919546960828,0.18067639796044155,0.08610704078807528,0.3048161395283795,0.6542929292929293,0.016134611340660614,0.6982328984496471,0.015332100990688319,155.49,55.6,99.89,0.49279999999999996,0.5072000000000001
compas,hist_gradient_boosting,sex,equalized_odds_violation,0.2,0.6,100,0.18804458515402211,0.06358919546960828,0.18067639796044155,0.08610704078807528,0.3048161395283795,0.6542929292929293,0.016134611340660614,0.6982328984496471,0.015332100990688319,155.49,55.6,99.89,0.48,0.52
compas,hist_gradient_boosting,sex,equalized_odds_violation,0.21,0.66,100,0.18804458515402211,0.06358919546960828,0.18067639796044155,0.08610704078807528,0.3048161395283795,0.6542929292929293,0.016134611340660614,0.6982328984496471,0.015332100990688319,155.49,55.6,99.89,0.4488,0.5512
compas,hist_gradient_boosting,sex,equalized_odds_violation,0.22,0.73,100,0.18804458515402211,0.06358919546960828,0.18067639796044155,0.08610704078807528,0.3048161395283795,0.6542929292929293,0.016134611340660614,0.6982328984496471,0.015332100990688319,155.49,55.6,99.89,0.3942,0.6058
compas,hist_gradient_boosting,sex,equalized_odds_violation,0.23,0.8,100,0.18804458515402211,0.06358919546960828,0.18067639796044155,0.08610704078807528,0.3048161395283795,0.6542929292929293,0.016134611340660614,0.6982328984496471,0.015332100990688319,155.49,55.6,99.89,0.31999999999999995,0.68
compas,hist_gradient_boosting,sex,equalized_odds_violation,0.24,0.82,100,0.18804458515402211,0.06358919546960828,0.18067639796044155,0.08610704078807528,0.3048161395283795,0.6542929292929293,0.016134611340660614,0.6982328984496471,0.015332100990688319,155.49,55.6,99.89,0.2952000000000001,0.7047999999999999
compas,hist_gradient_boosting,sex,equalized_odds_violation,0.25,0.86,100,0.18804458515402211,0.06358919546960828,0.18067639796044155,0.08610704078807528,0.3048161395283795,0.6542929292929293,0.016134611340660614,0.6982328984496471,0.015332100990688319,155.49,55.6,99.89,0.24080000000000001,0.7592
compas,hist_gradient_boosting,sex,equalized_odds_violation,0.26,0.87,100,0.18804458515402211,0.06358919546960828,0.18067639796044155,0.08610704078807528,0.3048161395283795,0.6542929292929293,0.016134611340660614,0.6982328984496471,0.015332100990688319,155.49,55.6,99.89,0.2262,0.7738
compas,hist_gradient_boosting,sex,equalized_odds_violation,0.27,0.89,100,0.18804458515402211,0.06358919546960828,0.18067639796044155,0.08610704078807528,0.3048161395283795,0.6542929292929293,0.016134611340660614,0.6982328984496471,0.015332100990688319,155.49,55.6,99.89,0.19579999999999997,0.8042
compas,hist_gradient_boosting,sex,equalized_odds_violation,0.28,0.91,100,0.18804458515402211,0.06358919546960828,0.18067639796044155,0.08610704078807528,0.3048161395283795,0.6542929292929293,0.016134611340660614,0.6982328984496471,0.015332100990688319,155.49,55.6,99.89,0.16379999999999995,0.8362
compas,hist_gradient_boosting,sex,equalized_odds_violation,0.29,0.93,100,0.18804458515402211,0.06358919546960828,0.18067639796044155,0.08610704078807528,0.3048161395283795,0.6542929292929293,0.016134611340660614,0.6982328984496471,0.015332100990688319,155.49,55.6,99.89,0.13019999999999993,0.8698000000000001
compas,hist_gradient_boosting,sex,equalized_odds_violation,0.3,0.94,100,0.18804458515402211,0.06358919546960828,0.18067639796044155,0.08610704078807528,0.3048161395283795,0.6542929292929293,0.016134611340660614,0.6982328984496471,0.015332100990688319,155.49,55.6,99.89,0.1128000000000001,0.8871999999999999
compas,logistic_regression,race,dpd_violation,0.0,0.0,100,0.27695454702075334,0.03998909583747135,0.2753855984680947,0.21299601115705363,0.3380052789982,0.6756944444444444,0.016953568463232684,0.7264026438539354,0.01735123648479079,314.44,122.45,191.55,0.0,1.0
compas,logistic_regression,race,dpd_violation,0.01,0.0,100,0.27695454702075334,0.03998909583747135,0.2753855984680947,0.21299601115705363,0.3380052789982,0.6756944444444444,0.016953568463232684,0.7264026438539354,0.01735123648479079,314.44,122.45,191.55,0.0,1.0
compas,logistic_regression,race,dpd_violation,0.02,0.0,100,0.27695454702075334,0.03998909583747135,0.2753855984680947,0.21299601115705363,0.3380052789982,0.6756944444444444,0.016953568463232684,0.7264026438539354,0.01735123648479079,314.44,122.45,191.55,0.0,1.0
compas,logistic_regression,race,dpd_violation,0.03,0.0,100,0.27695454702075334,0.03998909583747135,0.2753855984680947,0.21299601115705363,0.3380052789982,0.6756944444444444,0.016953568463232684,0.7264026438539354,0.01735123648479079,314.44,122.45,191.55,0.0,1.0
compas,logistic_regression,race,dpd_violation,0.04,0.0,100,0.27695454702075334,0.03998909583747135,0.2753855984680947,0.21299601115705363,0.3380052789982,0.6756944444444444,0.016953568463232684,0.7264026438539354,0.01735123648479079,314.44,122.45,191.55,0.0,1.0
compas,logistic_regression,race,dpd_violation,0.05,0.0,100,0.27695454702075334,0.03998909583747135,0.2753855984680947,0.21299601115705363,0.3380052789982,0.6756944444444444,0.016953568463232684,0.7264026438539354,0.01735123648479079,314.44,122.45,191.55,0.0,1.0
compas,logistic_regression,race,dpd_violation,0.06,0.0,100,0.27695454702075334,0.03998909583747135,0.2753855984680947,0.21299601115705363,0.3380052789982,0.6756944444444444,0.016953568463232684,0.7264026438539354,0.01735123648479079,314.44,122.45,191.55,0.0,1.0
compas,logistic_regression,race,dpd_violation,0.07,0.0,100,0.27695454702075334,0.03998909583747135,0.2753855984680947,0.21299601115705363,0.3380052789982,0.6756944444444444,0.016953568463232684,0.7264026438539354,0.01735123648479079,314.44,122.45,191.55,0.0,1.0
compas,logistic_regression,race,dpd_violation,0.08,0.0,100,0.27695454702075334,0.03998909583747135,0.2753855984680947,0.21299601115705363,0.3380052789982,0.6756944444444444,0.016953568463232684,0.7264026438539354,0.01735123648479079,314.44,122.45,191.55,0.0,1.0
compas,logistic_regression,race,dpd_violation,0.09,0.0,100,0.27695454702075334,0.03998909583747135,0.2753855984680947,0.21299601115705363,0.3380052789982,0.6756944444444444,0.016953568463232684,0.7264026438539354,0.01735123648479079,314.44,122.45,191.55,0.0,1.0
compas,logistic_regression,race,dpd_violation,0.1,0.0,100,0.27695454702075334,0.03998909583747135,0.2753855984680947,0.21299601115705363,0.3380052789982,0.6756944444444444,0.016953568463232684,0.7264026438539354,0.01735123648479079,314.44,122.45,191.55,0.0,1.0
compas,logistic_regression,race,dpd_violation,0.11,0.0,100,0.27695454702075334,0.03998909583747135,0.2753855984680947,0.21299601115705363,0.3380052789982,0.6756944444444444,0.016953568463232684,0.7264026438539354,0.01735123648479079,314.44,122.45,191.55,0.0,1.0
compas,logistic_regression,race,dpd_violation,0.12,0.0,100,0.27695454702075334,0.03998909583747135,0.2753855984680947,0.21299601115705363,0.3380052789982,0.6756944444444444,0.016953568463232684,0.7264026438539354,0.01735123648479079,314.44,122.45,191.55,0.0,1.0
compas,logistic_regression,race,dpd_violation,0.13,0.0,100,0.27695454702075334,0.03998909583747135,0.2753855984680947,0.21299601115705363,0.3380052789982,0.6756944444444444,0.016953568463232684,0.7264026438539354,0.01735123648479079,314.44,122.45,191.55,0.0,1.0
compas,logistic_regression,race,dpd_violation,0.14,0.0,100,0.27695454702075334,0.03998909583747135,0.2753855984680947,0.21299601115705363,0.3380052789982,0.6756944444444444,0.016953568463232684,0.7264026438539354,0.01735123648479079,314.44,122.45,191.55,0.0,1.0
compas,logistic_regression,race,dpd_violation,0.15,0.0,100,0.27695454702075334,0.03998909583747135,0.2753855984680947,0.21299601115705363,0.3380052789982,0.6756944444444444,0.016953568463232684,0.7264026438539354,0.01735123648479079,314.44,122.45,191.55,0.0,1.0
compas,logistic_regression,race,dpd_violation,0.16,0.0,100,0.27695454702075334,0.03998909583747135,0.2753855984680947,0.21299601115705363,0.3380052789982,0.6756944444444444,0.016953568463232684,0.7264026438539354,0.01735123648479079,314.44,122.45,191.55,0.0,1.0
compas,logistic_regression,race,dpd_violation,0.17,0.01,100,0.27695454702075334,0.03998909583747135,0.2753855984680947,0.21299601115705363,0.3380052789982,0.6756944444444444,0.016953568463232684,0.7264026438539354,0.01735123648479079,314.44,122.45,191.55,0.0198,0.9802
compas,logistic_regression,race,dpd_violation,0.18,0.01,100,0.27695454702075334,0.03998909583747135,0.2753855984680947,0.21299601115705363,0.3380052789982,0.6756944444444444,0.016953568463232684,0.7264026438539354,0.01735123648479079,314.44,122.45,191.55,0.0198,0.9802
compas,logistic_regression,race,dpd_violation,0.19,0.03,100,0.27695454702075334,0.03998909583747135,0.2753855984680947,0.21299601115705363,0.3380052789982,0.6756944444444444,0.016953568463232684,0.7264026438539354,0.01735123648479079,314.44,122.45,191.55,0.058199999999999995,0.9418
compas,logistic_regression,race,dpd_violation,0.2,0.03,100,0.27695454702075334,0.03998909583747135,0.2753855984680947,0.21299601115705363,0.3380052789982,0.6756944444444444,0.016953568463232684,0.7264026438539354,0.01735123648479079,314.44,122.45,191.55,0.058199999999999995,0.9418
compas,logistic_regression,race,dpd_violation,0.21,0.05,100,0.27695454702075334,0.03998909583747135,0.2753855984680947,0.21299601115705363,0.3380052789982,0.6756944444444444,0.016953568463232684,0.7264026438539354,0.01735123648479079,314.44,122.45,191.55,0.095,0.905
compas,logistic_regression,race,dpd_violation,0.22,0.06,100,0.27695454702075334,0.03998909583747135,0.2753855984680947,0.21299601115705363,0.3380052789982,0.6756944444444444,0.016953568463232684,0.7264026438539354,0.01735123648479079,314.44,122.45,191.55,0.11279999999999998,0.8872
compas,logistic_regression,race,dpd_violation,0.23,0.09,100,0.27695454702075334,0.03998909583747135,0.2753855984680947,0.21299601115705363,0.3380052789982,0.6756944444444444,0.016953568463232684,0.7264026438539354,0.01735123648479079,314.44,122.45,191.55,0.1638,0.8362
compas,logistic_regression,race,dpd_violation,0.24,0.15,100,0.27695454702075334,0.03998909583747135,0.2753855984680947,0.21299601115705363,0.3380052789982,0.6756944444444444,0.016953568463232684,0.7264026438539354,0.01735123648479079,314.44,122.45,191.55,0.255,0.745
compas,logistic_regression,race,dpd_violation,0.25,0.22,100,0.27695454702075334,0.03998909583747135,0.2753855984680947,0.21299601115705363,0.3380052789982,0.6756944444444444,0.016953568463232684,0.7264026438539354,0.01735123648479079,314.44,122.45,191.55,0.3432,0.6568
compas,logistic_regression,race,dpd_violation,0.26,0.29,100,0.27695454702075334,0.03998909583747135,0.2753855984680947,0.21299601115705363,0.3380052789982,0.6756944444444444,0.016953568463232684,0.7264026438539354,0.01735123648479079,314.44,122.45,191.55,0.41179999999999994,0.5882000000000001
compas,logistic_regression,race,dpd_violation,0.27,0.44,100,0.27695454702075334,0.03998909583747135,0.2753855984680947,0.21299601115705363,0.3380052789982,0.6756944444444444,0.016953568463232684,0.7264026438539354,0.01735123648479079,314.44,122.45,191.55,0.49280000000000007,0.5071999999999999
compas,logistic_regression,race,dpd_violation,0.28,0.54,100,0.27695454702075334,0.03998909583747135,0.2753855984680947,0.21299601115705363,0.3380052789982,0.6756944444444444,0.016953568463232684,0.7264026438539354,0.01735123648479079,314.44,122.45,191.55,0.4968,0.5032
compas,logistic_regression,race,dpd_violation,0.29,0.66,100,0.27695454702075334,0.03998909583747135,0.2753855984680947,0.21299601115705363,0.3380052789982,0.6756944444444444,0.016953568463232684,0.7264026438539354,0.01735123648479079,314.44,122.45,191.55,0.4488,0.5512
compas,logistic_regression,race,dpd_violation,0.3,0.77,100,0.27695454702075334,0.03998909583747135,0.2753855984680947,0.21299601115705363,0.3380052789982,0.6756944444444444,0.016953568463232684,0.7264026438539354,0.01735123648479079,314.44,122.45,191.55,0.35419999999999996,0.6458
compas,logistic_regression,race,dpr_violation,0.0,0.0,100,0.5355627873199016,0.061228418607638745,0.5360328736372652,0.43767774215537997,0.6380753409574702,0.6756944444444444,0.016953568463232684,0.7264026438539354,0.01735123648479079,314.44,122.45,191.55,0.0,1.0
compas,logistic_regression,race,dpr_violation,0.010000000000000009,0.0,100,0.5355627873199016,0.061228418607638745,0.5360328736372652,0.43767774215537997,0.6380753409574702,0.6756944444444444,0.016953568463232684,0.7264026438539354,0.01735123648479079,314.44,122.45,191.55,0.0,1.0
compas,logistic_regression,race,dpr_violation,0.020000000000000018,0.0,100,0.5355627873199016,0.061228418607638745,0.5360328736372652,0.43767774215537997,0.6380753409574702,0.6756944444444444,0.016953568463232684,0.7264026438539354,0.01735123648479079,314.44,122.45,191.55,0.0,1.0
compas,logistic_regression,race,dpr_violation,0.030000000000000027,0.0,100,0.5355627873199016,0.061228418607638745,0.5360328736372652,0.43767774215537997,0.6380753409574702,0.6756944444444444,0.016953568463232684,0.7264026438539354,0.01735123648479079,314.44,122.45,191.55,0.0,1.0
compas,logistic_regression,race,dpr_violation,0.040000000000000036,0.0,100,0.5355627873199016,0.061228418607638745,0.5360328736372652,0.43767774215537997,0.6380753409574702,0.6756944444444444,0.016953568463232684,0.7264026438539354,0.01735123648479079,314.44,122.45,191.55,0.0,1.0
compas,logistic_regression,race,dpr_violation,0.050000000000000044,0.0,100,0.5355627873199016,0.061228418607638745,0.5360328736372652,0.43767774215537997,0.6380753409574702,0.6756944444444444,0.016953568463232684,0.7264026438539354,0.01735123648479079,314.44,122.45,191.55,0.0,1.0
compas,logistic_regression,race,dpr_violation,0.06000000000000005,0.0,100,0.5355627873199016,0.061228418607638745,0.5360328736372652,0.43767774215537997,0.6380753409574702,0.6756944444444444,0.016953568463232684,0.7264026438539354,0.01735123648479079,314.44,122.45,191.55,0.0,1.0
compas,logistic_regression,race,dpr_violation,0.06999999999999995,0.0,100,0.5355627873199016,0.061228418607638745,0.5360328736372652,0.43767774215537997,0.6380753409574702,0.6756944444444444,0.016953568463232684,0.7264026438539354,0.01735123648479079,314.44,122.45,191.55,0.0,1.0
compas,logistic_regression,race,dpr_violation,0.07999999999999996,0.0,100,0.5355627873199016,0.061228418607638745,0.5360328736372652,0.43767774215537997,0.6380753409574702,0.6756944444444444,0.016953568463232684,0.7264026438539354,0.01735123648479079,314.44,122.45,191.55,0.0,1.0
compas,logistic_regression,race,dpr_violation,0.08999999999999997,0.0,100,0.5355627873199016,0.061228418607638745,0.5360328736372652,0.43767774215537997,0.6380753409574702,0.6756944444444444,0.016953568463232684,0.7264026438539354,0.01735123648479079,314.44,122.45,191.55,0.0,1.0
compas,logistic_regression,race,dpr_violation,0.09999999999999998,0.0,100,0.5355627873199016,0.061228418607638745,0.5360328736372652,0.43767774215537997,0.6380753409574702,0.6756944444444444,0.016953568463232684,0.7264026438539354,0.01735123648479079,314.44,122.45,191.55,0.0,1.0
compas,logistic_regression,race,dpr_violation,0.10999999999999999,0.0,100,0.5355627873199016,0.061228418607638745,0.5360328736372652,0.43767774215537997,0.6380753409574702,0.6756944444444444,0.016953568463232684,0.7264026438539354,0.01735123648479079,314.44,122.45,191.55,0.0,1.0
compas,logistic_regression,race,dpr_violation,0.12,0.0,100,0.5355627873199016,0.061228418607638745,0.5360328736372652,0.43767774215537997,0.6380753409574702,0.6756944444444444,0.016953568463232684,0.7264026438539354,0.01735123648479079,314.44,122.45,191.55,0.0,1.0
compas,logistic_regression,race,dpr_violation,0.13,0.0,100,0.5355627873199016,0.061228418607638745,0.5360328736372652,0.43767774215537997,0.6380753409574702,0.6756944444444444,0.016953568463232684,0.7264026438539354,0.01735123648479079,314.44,122.45,191.55,0.0,1.0
compas,logistic_regression,race,dpr_violation,0.14,0.0,100,0.5355627873199016,0.061228418607638745,0.5360328736372652,0.43767774215537997,0.6380753409574702,0.6756944444444444,0.016953568463232684,0.7264026438539354,0.01735123648479079,314.44,122.45,191.55,0.0,1.0
compas,logistic_regression,race,dpr_violation,0.15000000000000002,0.0,100,0.5355627873199016,0.061228418607638745,0.5360328736372652,0.43767774215537997,0.6380753409574702,0.6756944444444444,0.016953568463232684,0.7264026438539354,0.01735123648479079,314.44,122.45,191.55,0.0,1.0
compas,logistic_regression,race,dpr_violation,0.16000000000000003,0.0,100,0.5355627873199016,0.061228418607638745,0.5360328736372652,0.43767774215537997,0.6380753409574702,0.6756944444444444,0.016953568463232684,0.7264026438539354,0.01735123648479079,314.44,122.45,191.55,0.0,1.0
compas,logistic_regression,race,dpr_violation,0.17000000000000004,0.0,100,0.5355627873199016,0.061228418607638745,0.5360328736372652,0.43767774215537997,0.6380753409574702,0.6756944444444444,0.016953568463232684,0.7264026438539354,0.01735123648479079,314.44,122.45,191.55,0.0,1.0
compas,logistic_regression,race,dpr_violation,0.18000000000000005,0.0,100,0.5355627873199016,0.061228418607638745,0.5360328736372652,0.43767774215537997,0.6380753409574702,0.6756944444444444,0.016953568463232684,0.7264026438539354,0.01735123648479079,314.44,122.45,191.55,0.0,1.0
compas,logistic_regression,race,dpr_violation,0.18999999999999995,0.0,100,0.5355627873199016,0.061228418607638745,0.5360328736372652,0.43767774215537997,0.6380753409574702,0.6756944444444444,0.016953568463232684,0.7264026438539354,0.01735123648479079,314.44,122.45,191.55,0.0,1.0
compas,logistic_regression,race,dpr_violation,0.19999999999999996,0.0,100,0.5355627873199016,0.061228418607638745,0.5360328736372652,0.43767774215537997,0.6380753409574702,0.6756944444444444,0.016953568463232684,0.7264026438539354,0.01735123648479079,314.44,122.45,191.55,0.0,1.0
compas,logistic_regression,race,dpr_violation,0.20999999999999996,0.0,100,0.5355627873199016,0.061228418607638745,0.5360328736372652,0.43767774215537997,0.6380753409574702,0.6756944444444444,0.016953568463232684,0.7264026438539354,0.01735123648479079,314.44,122.45,191.55,0.0,1.0
compas,logistic_regression,race,dpr_violation,0.21999999999999997,0.0,100,0.5355627873199016,0.061228418607638745,0.5360328736372652,0.43767774215537997,0.6380753409574702,0.6756944444444444,0.016953568463232684,0.7264026438539354,0.01735123648479079,314.44,122.45,191.55,0.0,1.0
compas,logistic_regression,race,dpr_violation,0.22999999999999998,0.0,100,0.5355627873199016,0.061228418607638745,0.5360328736372652,0.43767774215537997,0.6380753409574702,0.6756944444444444,0.016953568463232684,0.7264026438539354,0.01735123648479079,314.44,122.45,191.55,0.0,1.0
compas,logistic_regression,race,dpr_violation,0.24,0.0,100,0.5355627873199016,0.061228418607638745,0.5360328736372652,0.43767774215537997,0.6380753409574702,0.6756944444444444,0.016953568463232684,0.7264026438539354,0.01735123648479079,314.44,122.45,191.55,0.0,1.0
compas,logistic_regression,race,dpr_violation,0.25,0.0,100,0.5355627873199016,0.061228418607638745,0.5360328736372652,0.43767774215537997,0.6380753409574702,0.6756944444444444,0.016953568463232684,0.7264026438539354,0.01735123648479079,314.44,122.45,191.55,0.0,1.0
compas,logistic_regression,race,dpr_violation,0.26,0.0,100,0.5355627873199016,0.061228418607638745,0.5360328736372652,0.43767774215537997,0.6380753409574702,0.6756944444444444,0.016953568463232684,0.7264026438539354,0.01735123648479079,314.44,122.45,191.55,0.0,1.0
compas,logistic_regression,race,dpr_violation,0.27,0.0,100,0.5355627873199016,0.061228418607638745,0.5360328736372652,0.43767774215537997,0.6380753409574702,0.6756944444444444,0.016953568463232684,0.7264026438539354,0.01735123648479079,314.44,122.45,191.55,0.0,1.0
compas,logistic_regression,race,dpr_violation,0.28,0.0,100,0.5355627873199016,0.061228418607638745,0.5360328736372652,0.43767774215537997,0.6380753409574702,0.6756944444444444,0.016953568463232684,0.7264026438539354,0.01735123648479079,314.44,122.45,191.55,0.0,1.0
compas,logistic_regression,race,dpr_violation,0.29000000000000004,0.0,100,0.5355627873199016,0.061228418607638745,0.5360328736372652,0.43767774215537997,0.6380753409574702,0.6756944444444444,0.016953568463232684,0.7264026438539354,0.01735123648479079,314.44,122.45,191.55,0.0,1.0
compas,logistic_regression,race,dpr_violation,0.30000000000000004,0.0,100,0.5355627873199016,0.061228418607638745,0.5360328736372652,0.43767774215537997,0.6380753409574702,0.6756944444444444,0.016953568463232684,0.7264026438539354,0.01735123648479079,314.44,122.45,191.55,0.0,1.0
compas,logistic_regression,race,dpr_violation,0.31000000000000005,0.0,100,0.5355627873199016,0.061228418607638745,0.5360328736372652,0.43767774215537997,0.6380753409574702,0.6756944444444444,0.016953568463232684,0.7264026438539354,0.01735123648479079,314.44,122.45,191.55,0.0,1.0
compas,logistic_regression,race,dpr_violation,0.31999999999999995,0.0,100,0.5355627873199016,0.061228418607638745,0.5360328736372652,0.43767774215537997,0.6380753409574702,0.6756944444444444,0.016953568463232684,0.7264026438539354,0.01735123648479079,314.44,122.45,191.55,0.0,1.0
compas,logistic_regression,race,dpr_violation,0.32999999999999996,0.01,100,0.5355627873199016,0.061228418607638745,0.5360328736372652,0.43767774215537997,0.6380753409574702,0.6756944444444444,0.016953568463232684,0.7264026438539354,0.01735123648479079,314.44,122.45,191.55,0.0198,0.9802
compas,logistic_regression,race,dpr_violation,0.33999999999999997,0.01,100,0.5355627873199016,0.061228418607638745,0.5360328736372652,0.43767774215537997,0.6380753409574702,0.6756944444444444,0.016953568463232684,0.7264026438539354,0.01735123648479079,314.44,122.45,191.55,0.0198,0.9802
compas,logistic_regression,race,dpr_violation,0.35,0.01,100,0.5355627873199016,0.061228418607638745,0.5360328736372652,0.43767774215537997,0.6380753409574702,0.6756944444444444,0.016953568463232684,0.7264026438539354,0.01735123648479079,314.44,122.45,191.55,0.0198,0.9802
compas,logistic_regression,race,dpr_violation,0.36,0.02,100,0.5355627873199016,0.061228418607638745,0.5360328736372652,0.43767774215537997,0.6380753409574702,0.6756944444444444,0.016953568463232684,0.7264026438539354,0.01735123648479079,314.44,122.45,191.55,0.0392,0.9608
compas,logistic_regression,race,dpr_violation,0.37,0.02,100,0.5355627873199016,0.061228418607638745,0.5360328736372652,0.43767774215537997,0.6380753409574702,0.6756944444444444,0.016953568463232684,0.7264026438539354,0.01735123648479079,314.44,122.45,191.55,0.0392,0.9608
compas,logistic_regression,race,dpr_violation,0.38,0.02,100,0.5355627873199016,0.061228418607638745,0.5360328736372652,0.43767774215537997,0.6380753409574702,0.6756944444444444,0.016953568463232684,0.7264026438539354,0.01735123648479079,314.44,122.45,191.55,0.0392,0.9608
compas,logistic_regression,race,dpr_violation,0.39,0.02,100,0.5355627873199016,0.061228418607638745,0.5360328736372652,0.43767774215537997,0.6380753409574702,0.6756944444444444,0.016953568463232684,0.7264026438539354,0.01735123648479079,314.44,122.45,191.55,0.0392,0.9608
compas,logistic_regression,race,dpr_violation,0.4,0.02,100,0.5355627873199016,0.061228418607638745,0.5360328736372652,0.43767774215537997,0.6380753409574702,0.6756944444444444,0.016953568463232684,0.7264026438539354,0.01735123648479079,314.44,122.45,191.55,0.0392,0.9608
compas,logistic_regression,race,eod_violation,0.0,0.0,100,0.29814821724257956,0.06247288696372845,0.29562341064285125,0.19959317699076676,0.40279087883024506,0.6756944444444444,0.016953568463232684,0.7264026438539354,0.01735123648479079,314.44,122.45,191.55,0.0,1.0
compas,logistic_regression,race,eod_violation,0.01,0.0,100,0.29814821724257956,0.06247288696372845,0.29562341064285125,0.19959317699076676,0.40279087883024506,0.6756944444444444,0.016953568463232684,0.7264026438539354,0.01735123648479079,314.44,122.45,191.55,0.0,1.0
compas,logistic_regression,race,eod_violation,0.02,0.0,100,0.29814821724257956,0.06247288696372845,0.29562341064285125,0.19959317699076676,0.40279087883024506,0.6756944444444444,0.016953568463232684,0.7264026438539354,0.01735123648479079,314.44,122.45,191.55,0.0,1.0
compas,logistic_regression,race,eod_violation,0.03,0.0,100,0.29814821724257956,0.06247288696372845,0.29562341064285125,0.19959317699076676,0.40279087883024506,0.6756944444444444,0.016953568463232684,0.7264026438539354,0.01735123648479079,314.44,122.45,191.55,0.0,1.0
compas,logistic_regression,race,eod_violation,0.04,0.0,100,0.29814821724257956,0.06247288696372845,0.29562341064285125,0.19959317699076676,0.40279087883024506,0.6756944444444444,0.016953568463232684,0.7264026438539354,0.01735123648479079,314.44,122.45,191.55,0.0,1.0
compas,logistic_regression,race,eod_violation,0.05,0.0,100,0.29814821724257956,0.06247288696372845,0.29562341064285125,0.19959317699076676,0.40279087883024506,0.6756944444444444,0.016953568463232684,0.7264026438539354,0.01735123648479079,314.44,122.45,191.55,0.0,1.0
compas,logistic_regression,race,eod_violation,0.06,0.0,100,0.29814821724257956,0.06247288696372845,0.29562341064285125,0.19959317699076676,0.40279087883024506,0.6756944444444444,0.016953568463232684,0.7264026438539354,0.01735123648479079,314.44,122.45,191.55,0.0,1.0
compas,logistic_regression,race,eod_violation,0.07,0.0,100,0.29814821724257956,0.06247288696372845,0.29562341064285125,0.19959317699076676,0.40279087883024506,0.6756944444444444,0.016953568463232684,0.7264026438539354,0.01735123648479079,314.44,122.45,191.55,0.0,1.0
compas,logistic_regression,race,eod_violation,0.08,0.0,100,0.29814821724257956,0.06247288696372845,0.29562341064285125,0.19959317699076676,0.40279087883024506,0.6756944444444444,0.016953568463232684,0.7264026438539354,0.01735123648479079,314.44,122.45,191.55,0.0,1.0
compas,logistic_regression,race,eod_violation,0.09,0.0,100,0.29814821724257956,0.06247288696372845,0.29562341064285125,0.19959317699076676,0.40279087883024506,0.6756944444444444,0.016953568463232684,0.7264026438539354,0.01735123648479079,314.44,122.45,191.55,0.0,1.0
compas,logistic_regression,race,eod_violation,0.1,0.0,100,0.29814821724257956,0.06247288696372845,0.29562341064285125,0.19959317699076676,0.40279087883024506,0.6756944444444444,0.016953568463232684,0.7264026438539354,0.01735123648479079,314.44,122.45,191.55,0.0,1.0
compas,logistic_regression,race,eod_violation,0.11,0.0,100,0.29814821724257956,0.06247288696372845,0.29562341064285125,0.19959317699076676,0.40279087883024506,0.6756944444444444,0.016953568463232684,0.7264026438539354,0.01735123648479079,314.44,122.45,191.55,0.0,1.0
compas,logistic_regression,race,eod_violation,0.12,0.0,100,0.29814821724257956,0.06247288696372845,0.29562341064285125,0.19959317699076676,0.40279087883024506,0.6756944444444444,0.016953568463232684,0.7264026438539354,0.01735123648479079,314.44,122.45,191.55,0.0,1.0
compas,logistic_regression,race,eod_violation,0.13,0.0,100,0.29814821724257956,0.06247288696372845,0.29562341064285125,0.19959317699076676,0.40279087883024506,0.6756944444444444,0.016953568463232684,0.7264026438539354,0.01735123648479079,314.44,122.45,191.55,0.0,1.0
compas,logistic_regression,race,eod_violation,0.14,0.0,100,0.29814821724257956,0.06247288696372845,0.29562341064285125,0.19959317699076676,0.40279087883024506,0.6756944444444444,0.016953568463232684,0.7264026438539354,0.01735123648479079,314.44,122.45,191.55,0.0,1.0
compas,logistic_regression,race,eod_violation,0.15,0.02,100,0.29814821724257956,0.06247288696372845,0.29562341064285125,0.19959317699076676,0.40279087883024506,0.6756944444444444,0.016953568463232684,0.7264026438539354,0.01735123648479079,314.44,122.45,191.55,0.0392,0.9608
compas,logistic_regression,race,eod_violation,0.16,0.02,100,0.29814821724257956,0.06247288696372845,0.29562341064285125,0.19959317699076676,0.40279087883024506,0.6756944444444444,0.016953568463232684,0.7264026438539354,0.01735123648479079,314.44,122.45,191.55,0.0392,0.9608
compas,logistic_regression,race,eod_violation,0.17,0.03,100,0.29814821724257956,0.06247288696372845,0.29562341064285125,0.19959317699076676,0.40279087883024506,0.6756944444444444,0.016953568463232684,0.7264026438539354,0.01735123648479079,314.44,122.45,191.55,0.058199999999999995,0.9418
compas,logistic_regression,race,eod_violation,0.18,0.03,100,0.29814821724257956,0.06247288696372845,0.29562341064285125,0.19959317699076676,0.40279087883024506,0.6756944444444444,0.016953568463232684,0.7264026438539354,0.01735123648479079,314.44,122.45,191.55,0.058199999999999995,0.9418
compas,logistic_regression,race,eod_violation,0.19,0.04,100,0.29814821724257956,0.06247288696372845,0.29562341064285125,0.19959317699076676,0.40279087883024506,0.6756944444444444,0.016953568463232684,0.7264026438539354,0.01735123648479079,314.44,122.45,191.55,0.0768,0.9232
compas,logistic_regression,race,eod_violation,0.2,0.06,100,0.29814821724257956,0.06247288696372845,0.29562341064285125,0.19959317699076676,0.40279087883024506,0.6756944444444444,0.016953568463232684,0.7264026438539354,0.01735123648479079,314.44,122.45,191.55,0.11279999999999998,0.8872
compas,logistic_regression,race,eod_violation,0.21,0.06,100,0.29814821724257956,0.06247288696372845,0.29562341064285125,0.19959317699076676,0.40279087883024506,0.6756944444444444,0.016953568463232684,0.7264026438539354,0.01735123648479079,314.44,122.45,191.55,0.11279999999999998,0.8872
compas,logistic_regression,race,eod_violation,0.22,0.09,100,0.29814821724257956,0.06247288696372845,0.29562341064285125,0.19959317699076676,0.40279087883024506,0.6756944444444444,0.016953568463232684,0.7264026438539354,0.01735123648479079,314.44,122.45,191.55,0.1638,0.8362
compas,logistic_regression,race,eod_violation,0.23,0.11,100,0.29814821724257956,0.06247288696372845,0.29562341064285125,0.19959317699076676,0.40279087883024506,0.6756944444444444,0.016953568463232684,0.7264026438539354,0.01735123648479079,314.44,122.45,191.55,0.1958,0.8042
compas,logistic_regression,race,eod_violation,0.24,0.12,100,0.29814821724257956,0.06247288696372845,0.29562341064285125,0.19959317699076676,0.40279087883024506,0.6756944444444444,0.016953568463232684,0.7264026438539354,0.01735123648479079,314.44,122.45,191.55,0.2112,0.7888
compas,logistic_regression,race,eod_violation,0.25,0.17,100,0.29814821724257956,0.06247288696372845,0.29562341064285125,0.19959317699076676,0.40279087883024506,0.6756944444444444,0.016953568463232684,0.7264026438539354,0.01735123648479079,314.44,122.45,191.55,0.2822,0.7178
compas,logistic_regression,race,eod_violation,0.26,0.25,100,0.29814821724257956,0.06247288696372845,0.29562341064285125,0.19959317699076676,0.40279087883024506,0.6756944444444444,0.016953568463232684,0.7264026438539354,0.01735123648479079,314.44,122.45,191.55,0.375,0.625
compas,logistic_regression,race,eod_violation,0.27,0.35,100,0.29814821724257956,0.06247288696372845,0.29562341064285125,0.19959317699076676,0.40279087883024506,0.6756944444444444,0.016953568463232684,0.7264026438539354,0.01735123648479079,314.44,122.45,191.55,0.45499999999999996,0.545
compas,logistic_regression,race,eod_violation,0.28,0.39,100,0.29814821724257956,0.06247288696372845,0.29562341064285125,0.19959317699076676,0.40279087883024506,0.6756944444444444,0.016953568463232684,0.7264026438539354,0.01735123648479079,314.44,122.45,191.55,0.4758,0.5242
compas,logistic_regression,race,eod_violation,0.29,0.46,100,0.29814821724257956,0.06247288696372845,0.29562341064285125,0.19959317699076676,0.40279087883024506,0.6756944444444444,0.016953568463232684,0.7264026438539354,0.01735123648479079,314.44,122.45,191.55,0.4968000000000001,0.5031999999999999
compas,logistic_regression,race,eod_violation,0.3,0.52,100,0.29814821724257956,0.06247288696372845,0.29562341064285125,0.19959317699076676,0.40279087883024506,0.6756944444444444,0.016953568463232684,0.7264026438539354,0.01735123648479079,314.44,122.45,191.55,0.4992,0.5008
compas,logistic_regression,race,equalized_odds_violation,0.0,0.0,100,0.2987290911559907,0.06134821458439599,0.29562341064285125,0.2106496863664118,0.40279087883024506,0.6756944444444444,0.016953568463232684,0.7264026438539354,0.01735123648479079,314.44,122.45,191.55,0.0,1.0
compas,logistic_regression,race,equalized_odds_violation,0.01,0.0,100,0.2987290911559907,0.06134821458439599,0.29562341064285125,0.2106496863664118,0.40279087883024506,0.6756944444444444,0.016953568463232684,0.7264026438539354,0.01735123648479079,314.44,122.45,191.55,0.0,1.0
compas,logistic_regression,race,equalized_odds_violation,0.02,0.0,100,0.2987290911559907,0.06134821458439599,0.29562341064285125,0.2106496863664118,0.40279087883024506,0.6756944444444444,0.016953568463232684,0.7264026438539354,0.01735123648479079,314.44,122.45,191.55,0.0,1.0
compas,logistic_regression,race,equalized_odds_violation,0.03,0.0,100,0.2987290911559907,0.06134821458439599,0.29562341064285125,0.2106496863664118,0.40279087883024506,0.6756944444444444,0.016953568463232684,0.7264026438539354,0.01735123648479079,314.44,122.45,191.55,0.0,1.0
compas,logistic_regression,race,equalized_odds_violation,0.04,0.0,100,0.2987290911559907,0.06134821458439599,0.29562341064285125,0.2106496863664118,0.40279087883024506,0.6756944444444444,0.016953568463232684,0.7264026438539354,0.01735123648479079,314.44,122.45,191.55,0.0,1.0
compas,logistic_regression,race,equalized_odds_violation,0.05,0.0,100,0.2987290911559907,0.06134821458439599,0.29562341064285125,0.2106496863664118,0.40279087883024506,0.6756944444444444,0.016953568463232684,0.7264026438539354,0.01735123648479079,314.44,122.45,191.55,0.0,1.0
compas,logistic_regression,race,equalized_odds_violation,0.06,0.0,100,0.2987290911559907,0.06134821458439599,0.29562341064285125,0.2106496863664118,0.40279087883024506,0.6756944444444444,0.016953568463232684,0.7264026438539354,0.01735123648479079,314.44,122.45,191.55,0.0,1.0
compas,logistic_regression,race,equalized_odds_violation,0.07,0.0,100,0.2987290911559907,0.06134821458439599,0.29562341064285125,0.2106496863664118,0.40279087883024506,0.6756944444444444,0.016953568463232684,0.7264026438539354,0.01735123648479079,314.44,122.45,191.55,0.0,1.0
compas,logistic_regression,race,equalized_odds_violation,0.08,0.0,100,0.2987290911559907,0.06134821458439599,0.29562341064285125,0.2106496863664118,0.40279087883024506,0.6756944444444444,0.016953568463232684,0.7264026438539354,0.01735123648479079,314.44,122.45,191.55,0.0,1.0
compas,logistic_regression,race,equalized_odds_violation,0.09,0.0,100,0.2987290911559907,0.06134821458439599,0.29562341064285125,0.2106496863664118,0.40279087883024506,0.6756944444444444,0.016953568463232684,0.7264026438539354,0.01735123648479079,314.44,122.45,191.55,0.0,1.0
compas,logistic_regression,race,equalized_odds_violation,0.1,0.0,100,0.2987290911559907,0.06134821458439599,0.29562341064285125,0.2106496863664118,0.40279087883024506,0.6756944444444444,0.016953568463232684,0.7264026438539354,0.01735123648479079,314.44,122.45,191.55,0.0,1.0
compas,logistic_regression,race,equalized_odds_violation,0.11,0.0,100,0.2987290911559907,0.06134821458439599,0.29562341064285125,0.2106496863664118,0.40279087883024506,0.6756944444444444,0.016953568463232684,0.7264026438539354,0.01735123648479079,314.44,122.45,191.55,0.0,1.0
compas,logistic_regression,race,equalized_odds_violation,0.12,0.0,100,0.2987290911559907,0.06134821458439599,0.29562341064285125,0.2106496863664118,0.40279087883024506,0.6756944444444444,0.016953568463232684,0.7264026438539354,0.01735123648479079,314.44,122.45,191.55,0.0,1.0
compas,logistic_regression,race,equalized_odds_violation,0.13,0.0,100,0.2987290911559907,0.06134821458439599,0.29562341064285125,0.2106496863664118,0.40279087883024506,0.6756944444444444,0.016953568463232684,0.7264026438539354,0.01735123648479079,314.44,122.45,191.55,0.0,1.0
compas,logistic_regression,race,equalized_odds_violation,0.14,0.0,100,0.2987290911559907,0.06134821458439599,0.29562341064285125,0.2106496863664118,0.40279087883024506,0.6756944444444444,0.016953568463232684,0.7264026438539354,0.01735123648479079,314.44,122.45,191.55,0.0,1.0
compas,logistic_regression,race,equalized_odds_violation,0.15,0.01,100,0.2987290911559907,0.06134821458439599,0.29562341064285125,0.2106496863664118,0.40279087883024506,0.6756944444444444,0.016953568463232684,0.7264026438539354,0.01735123648479079,314.44,122.45,191.55,0.0198,0.9802
compas,logistic_regression,race,equalized_odds_violation,0.16,0.01,100,0.2987290911559907,0.06134821458439599,0.29562341064285125,0.2106496863664118,0.40279087883024506,0.6756944444444444,0.016953568463232684,0.7264026438539354,0.01735123648479079,314.44,122.45,191.55,0.0198,0.9802
compas,logistic_regression,race,equalized_odds_violation,0.17,0.02,100,0.2987290911559907,0.06134821458439599,0.29562341064285125,0.2106496863664118,0.40279087883024506,0.6756944444444444,0.016953568463232684,0.7264026438539354,0.01735123648479079,314.44,122.45,191.55,0.0392,0.9608
compas,logistic_regression,race,equalized_odds_violation,0.18,0.02,100,0.2987290911559907,0.06134821458439599,0.29562341064285125,0.2106496863664118,0.40279087883024506,0.6756944444444444,0.016953568463232684,0.7264026438539354,0.01735123648479079,314.44,122.45,191.55,0.0392,0.9608
compas,logistic_regression,race,equalized_odds_violation,0.19,0.04,100,0.2987290911559907,0.06134821458439599,0.29562341064285125,0.2106496863664118,0.40279087883024506,0.6756944444444444,0.016953568463232684,0.7264026438539354,0.01735123648479079,314.44,122.45,191.55,0.0768,0.9232
compas,logistic_regression,race,equalized_odds_violation,0.2,0.05,100,0.2987290911559907,0.06134821458439599,0.29562341064285125,0.2106496863664118,0.40279087883024506,0.6756944444444444,0.016953568463232684,0.7264026438539354,0.01735123648479079,314.44,122.45,191.55,0.095,0.905
compas,logistic_regression,race,equalized_odds_violation,0.21,0.05,100,0.2987290911559907,0.06134821458439599,0.29562341064285125,0.2106496863664118,0.40279087883024506,0.6756944444444444,0.016953568463232684,0.7264026438539354,0.01735123648479079,314.44,122.45,191.55,0.095,0.905
compas,logistic_regression,race,equalized_odds_violation,0.22,0.09,100,0.2987290911559907,0.06134821458439599,0.29562341064285125,0.2106496863664118,0.40279087883024506,0.6756944444444444,0.016953568463232684,0.7264026438539354,0.01735123648479079,314.44,122.45,191.55,0.1638,0.8362
compas,logistic_regression,race,equalized_odds_violation,0.23,0.11,100,0.2987290911559907,0.06134821458439599,0.29562341064285125,0.2106496863664118,0.40279087883024506,0.6756944444444444,0.016953568463232684,0.7264026438539354,0.01735123648479079,314.44,122.45,191.55,0.1958,0.8042
compas,logistic_regression,race,equalized_odds_violation,0.24,0.12,100,0.2987290911559907,0.06134821458439599,0.29562341064285125,0.2106496863664118,0.40279087883024506,0.6756944444444444,0.016953568463232684,0.7264026438539354,0.01735123648479079,314.44,122.45,191.55,0.2112,0.7888
compas,logistic_regression,race,equalized_odds_violation,0.25,0.17,100,0.2987290911559907,0.06134821458439599,0.29562341064285125,0.2106496863664118,0.40279087883024506,0.6756944444444444,0.016953568463232684,0.7264026438539354,0.01735123648479079,314.44,122.45,191.55,0.2822,0.7178
compas,logistic_regression,race,equalized_odds_violation,0.26,0.25,100,0.2987290911559907,0.06134821458439599,0.29562341064285125,0.2106496863664118,0.40279087883024506,0.6756944444444444,0.016953568463232684,0.7264026438539354,0.01735123648479079,314.44,122.45,191.55,0.375,0.625
compas,logistic_regression,race,equalized_odds_violation,0.27,0.35,100,0.2987290911559907,0.06134821458439599,0.29562341064285125,0.2106496863664118,0.40279087883024506,0.6756944444444444,0.016953568463232684,0.7264026438539354,0.01735123648479079,314.44,122.45,191.55,0.45499999999999996,0.545
compas,logistic_regression,race,equalized_odds_violation,0.28,0.39,100,0.2987290911559907,0.06134821458439599,0.29562341064285125,0.2106496863664118,0.40279087883024506,0.6756944444444444,0.016953568463232684,0.7264026438539354,0.01735123648479079,314.44,122.45,191.55,0.4758,0.5242
compas,logistic_regression,race,equalized_odds_violation,0.29,0.46,100,0.2987290911559907,0.06134821458439599,0.29562341064285125,0.2106496863664118,0.40279087883024506,0.6756944444444444,0.016953568463232684,0.7264026438539354,0.01735123648479079,314.44,122.45,191.55,0.4968000000000001,0.5031999999999999
compas,logistic_regression,race,equalized_odds_violation,0.3,0.52,100,0.2987290911559907,0.06134821458439599,0.29562341064285125,0.2106496863664118,0.40279087883024506,0.6756944444444444,0.016953568463232684,0.7264026438539354,0.01735123648479079,314.44,122.45,191.55,0.4992,0.5008
compas,logistic_regression,sex,dpd_violation,0.0,0.0,100,0.3240039675389516,0.037741257845727086,0.32585215710215704,0.2591459698018315,0.37714933997802147,0.6756944444444444,0.016953568463232684,0.7264026438539354,0.01735123648479079,155.49,55.6,99.89,0.0,1.0
compas,logistic_regression,sex,dpd_violation,0.01,0.0,100,0.3240039675389516,0.037741257845727086,0.32585215710215704,0.2591459698018315,0.37714933997802147,0.6756944444444444,0.016953568463232684,0.7264026438539354,0.01735123648479079,155.49,55.6,99.89,0.0,1.0
compas,logistic_regression,sex,dpd_violation,0.02,0.0,100,0.3240039675389516,0.037741257845727086,0.32585215710215704,0.2591459698018315,0.37714933997802147,0.6756944444444444,0.016953568463232684,0.7264026438539354,0.01735123648479079,155.49,55.6,99.89,0.0,1.0
compas,logistic_regression,sex,dpd_violation,0.03,0.0,100,0.3240039675389516,0.037741257845727086,0.32585215710215704,0.2591459698018315,0.37714933997802147,0.6756944444444444,0.016953568463232684,0.7264026438539354,0.01735123648479079,155.49,55.6,99.89,0.0,1.0
compas,logistic_regression,sex,dpd_violation,0.04,0.0,100,0.3240039675389516,0.037741257845727086,0.32585215710215704,0.2591459698018315,0.37714933997802147,0.6756944444444444,0.016953568463232684,0.7264026438539354,0.01735123648479079,155.49,55.6,99.89,0.0,1.0
compas,logistic_regression,sex,dpd_violation,0.05,0.0,100,0.3240039675389516,0.037741257845727086,0.32585215710215704,0.2591459698018315,0.37714933997802147,0.6756944444444444,0.016953568463232684,0.7264026438539354,0.01735123648479079,155.49,55.6,99.89,0.0,1.0
compas,logistic_regression,sex,dpd_violation,0.06,0.0,100,0.3240039675389516,0.037741257845727086,0.32585215710215704,0.2591459698018315,0.37714933997802147,0.6756944444444444,0.016953568463232684,0.7264026438539354,0.01735123648479079,155.49,55.6,99.89,0.0,1.0
compas,logistic_regression,sex,dpd_violation,0.07,0.0,100,0.3240039675389516,0.037741257845727086,0.32585215710215704,0.2591459698018315,0.37714933997802147,0.6756944444444444,0.016953568463232684,0.7264026438539354,0.01735123648479079,155.49,55.6,99.89,0.0,1.0
compas,logistic_regression,sex,dpd_violation,0.08,0.0,100,0.3240039675389516,0.037741257845727086,0.32585215710215704,0.2591459698018315,0.37714933997802147,0.6756944444444444,0.016953568463232684,0.7264026438539354,0.01735123648479079,155.49,55.6,99.89,0.0,1.0
compas,logistic_regression,sex,dpd_violation,0.09,0.0,100,0.3240039675389516,0.037741257845727086,0.32585215710215704,0.2591459698018315,0.37714933997802147,0.6756944444444444,0.016953568463232684,0.7264026438539354,0.01735123648479079,155.49,55.6,99.89,0.0,1.0
compas,logistic_regression,sex,dpd_violation,0.1,0.0,100,0.3240039675389516,0.037741257845727086,0.32585215710215704,0.2591459698018315,0.37714933997802147,0.6756944444444444,0.016953568463232684,0.7264026438539354,0.01735123648479079,155.49,55.6,99.89,0.0,1.0
compas,logistic_regression,sex,dpd_violation,0.11,0.0,100,0.3240039675389516,0.037741257845727086,0.32585215710215704,0.2591459698018315,0.37714933997802147,0.6756944444444444,0.016953568463232684,0.7264026438539354,0.01735123648479079,155.49,55.6,99.89,0.0,1.0
compas,logistic_regression,sex,dpd_violation,0.12,0.0,100,0.3240039675389516,0.037741257845727086,0.32585215710215704,0.2591459698018315,0.37714933997802147,0.6756944444444444,0.016953568463232684,0.7264026438539354,0.01735123648479079,155.49,55.6,99.89,0.0,1.0
compas,logistic_regression,sex,dpd_violation,0.13,0.0,100,0.3240039675389516,0.037741257845727086,0.32585215710215704,0.2591459698018315,0.37714933997802147,0.6756944444444444,0.016953568463232684,0.7264026438539354,0.01735123648479079,155.49,55.6,99.89,0.0,1.0
compas,logistic_regression,sex,dpd_violation,0.14,0.0,100,0.3240039675389516,0.037741257845727086,0.32585215710215704,0.2591459698018315,0.37714933997802147,0.6756944444444444,0.016953568463232684,0.7264026438539354,0.01735123648479079,155.49,55.6,99.89,0.0,1.0
compas,logistic_regression,sex,dpd_violation,0.15,0.0,100,0.3240039675389516,0.037741257845727086,0.32585215710215704,0.2591459698018315,0.37714933997802147,0.6756944444444444,0.016953568463232684,0.7264026438539354,0.01735123648479079,155.49,55.6,99.89,0.0,1.0
compas,logistic_regression,sex,dpd_violation,0.16,0.0,100,0.3240039675389516,0.037741257845727086,0.32585215710215704,0.2591459698018315,0.37714933997802147,0.6756944444444444,0.016953568463232684,0.7264026438539354,0.01735123648479079,155.49,55.6,99.89,0.0,1.0
compas,logistic_regression,sex,dpd_violation,0.17,0.0,100,0.3240039675389516,0.037741257845727086,0.32585215710215704,0.2591459698018315,0.37714933997802147,0.6756944444444444,0.016953568463232684,0.7264026438539354,0.01735123648479079,155.49,55.6,99.89,0.0,1.0
compas,logistic_regression,sex,dpd_violation,0.18,0.0,100,0.3240039675389516,0.037741257845727086,0.32585215710215704,0.2591459698018315,0.37714933997802147,0.6756944444444444,0.016953568463232684,0.7264026438539354,0.01735123648479079,155.49,55.6,99.89,0.0,1.0
compas,logistic_regression,sex,dpd_violation,0.19,0.0,100,0.3240039675389516,0.037741257845727086,0.32585215710215704,0.2591459698018315,0.37714933997802147,0.6756944444444444,0.016953568463232684,0.7264026438539354,0.01735123648479079,155.49,55.6,99.89,0.0,1.0
compas,logistic_regression,sex,dpd_violation,0.2,0.0,100,0.3240039675389516,0.037741257845727086,0.32585215710215704,0.2591459698018315,0.37714933997802147,0.6756944444444444,0.016953568463232684,0.7264026438539354,0.01735123648479079,155.49,55.6,99.89,0.0,1.0
compas,logistic_regression,sex,dpd_violation,0.21,0.0,100,0.3240039675389516,0.037741257845727086,0.32585215710215704,0.2591459698018315,0.37714933997802147,0.6756944444444444,0.016953568463232684,0.7264026438539354,0.01735123648479079,155.49,55.6,99.89,0.0,1.0
compas,logistic_regression,sex,dpd_violation,0.22,0.0,100,0.3240039675389516,0.037741257845727086,0.32585215710215704,0.2591459698018315,0.37714933997802147,0.6756944444444444,0.016953568463232684,0.7264026438539354,0.01735123648479079,155.49,55.6,99.89,0.0,1.0
compas,logistic_regression,sex,dpd_violation,0.23,0.0,100,0.3240039675389516,0.037741257845727086,0.32585215710215704,0.2591459698018315,0.37714933997802147,0.6756944444444444,0.016953568463232684,0.7264026438539354,0.01735123648479079,155.49,55.6,99.89,0.0,1.0
compas,logistic_regression,sex,dpd_violation,0.24,0.0,100,0.3240039675389516,0.037741257845727086,0.32585215710215704,0.2591459698018315,0.37714933997802147,0.6756944444444444,0.016953568463232684,0.7264026438539354,0.01735123648479079,155.49,55.6,99.89,0.0,1.0
compas,logistic_regression,sex,dpd_violation,0.25,0.03,100,0.3240039675389516,0.037741257845727086,0.32585215710215704,0.2591459698018315,0.37714933997802147,0.6756944444444444,0.016953568463232684,0.7264026438539354,0.01735123648479079,155.49,55.6,99.89,0.058199999999999995,0.9418
compas,logistic_regression,sex,dpd_violation,0.26,0.06,100,0.3240039675389516,0.037741257845727086,0.32585215710215704,0.2591459698018315,0.37714933997802147,0.6756944444444444,0.016953568463232684,0.7264026438539354,0.01735123648479079,155.49,55.6,99.89,0.11279999999999998,0.8872
compas,logistic_regression,sex,dpd_violation,0.27,0.08,100,0.3240039675389516,0.037741257845727086,0.32585215710215704,0.2591459698018315,0.37714933997802147,0.6756944444444444,0.016953568463232684,0.7264026438539354,0.01735123648479079,155.49,55.6,99.89,0.1472,0.8528
compas,logistic_regression,sex,dpd_violation,0.28,0.12,100,0.3240039675389516,0.037741257845727086,0.32585215710215704,0.2591459698018315,0.37714933997802147,0.6756944444444444,0.016953568463232684,0.7264026438539354,0.01735123648479079,155.49,55.6,99.89,0.2112,0.7888
compas,logistic_regression,sex,dpd_violation,0.29,0.17,100,0.3240039675389516,0.037741257845727086,0.32585215710215704,0.2591459698018315,0.37714933997802147,0.6756944444444444,0.016953568463232684,0.7264026438539354,0.01735123648479079,155.49,55.6,99.89,0.2822,0.7178
compas,logistic_regression,sex,dpd_violation,0.3,0.23,100,0.3240039675389516,0.037741257845727086,0.32585215710215704,0.2591459698018315,0.37714933997802147,0.6756944444444444,0.016953568463232684,0.7264026438539354,0.01735123648479079,155.49,55.6,99.89,0.3542,0.6457999999999999
compas,logistic_regression,sex,dpr_violation,0.0,0.0,100,0.6891534536497278,0.06445718060038107,0.6889158956448593,0.5693313524455557,0.7911603464955957,0.6756944444444444,0.016953568463232684,0.7264026438539354,0.01735123648479079,155.49,55.6,99.89,0.0,1.0
compas,logistic_regression,sex,dpr_violation,0.010000000000000009,0.0,100,0.6891534536497278,0.06445718060038107,0.6889158956448593,0.5693313524455557,0.7911603464955957,0.6756944444444444,0.016953568463232684,0.7264026438539354,0.01735123648479079,155.49,55.6,99.89,0.0,1.0
compas,logistic_regression,sex,dpr_violation,0.020000000000000018,0.0,100,0.6891534536497278,0.06445718060038107,0.6889158956448593,0.5693313524455557,0.7911603464955957,0.6756944444444444,0.016953568463232684,0.7264026438539354,0.01735123648479079,155.49,55.6,99.89,0.0,1.0
compas,logistic_regression,sex,dpr_violation,0.030000000000000027,0.0,100,0.6891534536497278,0.06445718060038107,0.6889158956448593,0.5693313524455557,0.7911603464955957,0.6756944444444444,0.016953568463232684,0.7264026438539354,0.01735123648479079,155.49,55.6,99.89,0.0,1.0
compas,logistic_regression,sex,dpr_violation,0.040000000000000036,0.0,100,0.6891534536497278,0.06445718060038107,0.6889158956448593,0.5693313524455557,0.7911603464955957,0.6756944444444444,0.016953568463232684,0.7264026438539354,0.01735123648479079,155.49,55.6,99.89,0.0,1.0
compas,logistic_regression,sex,dpr_violation,0.050000000000000044,0.0,100,0.6891534536497278,0.06445718060038107,0.6889158956448593,0.5693313524455557,0.7911603464955957,0.6756944444444444,0.016953568463232684,0.7264026438539354,0.01735123648479079,155.49,55.6,99.89,0.0,1.0
compas,logistic_regression,sex,dpr_violation,0.06000000000000005,0.0,100,0.6891534536497278,0.06445718060038107,0.6889158956448593,0.5693313524455557,0.7911603464955957,0.6756944444444444,0.016953568463232684,0.7264026438539354,0.01735123648479079,155.49,55.6,99.89,0.0,1.0
compas,logistic_regression,sex,dpr_violation,0.06999999999999995,0.0,100,0.6891534536497278,0.06445718060038107,0.6889158956448593,0.5693313524455557,0.7911603464955957,0.6756944444444444,0.016953568463232684,0.7264026438539354,0.01735123648479079,155.49,55.6,99.89,0.0,1.0
compas,logistic_regression,sex,dpr_violation,0.07999999999999996,0.0,100,0.6891534536497278,0.06445718060038107,0.6889158956448593,0.5693313524455557,0.7911603464955957,0.6756944444444444,0.016953568463232684,0.7264026438539354,0.01735123648479079,155.49,55.6,99.89,0.0,1.0
compas,logistic_regression,sex,dpr_violation,0.08999999999999997,0.0,100,0.6891534536497278,0.06445718060038107,0.6889158956448593,0.5693313524455557,0.7911603464955957,0.6756944444444444,0.016953568463232684,0.7264026438539354,0.01735123648479079,155.49,55.6,99.89,0.0,1.0
compas,logistic_regression,sex,dpr_violation,0.09999999999999998,0.0,100,0.6891534536497278,0.06445718060038107,0.6889158956448593,0.5693313524455557,0.7911603464955957,0.6756944444444444,0.016953568463232684,0.7264026438539354,0.01735123648479079,155.49,55.6,99.89,0.0,1.0
compas,logistic_regression,sex,dpr_violation,0.10999999999999999,0.0,100,0.6891534536497278,0.06445718060038107,0.6889158956448593,0.5693313524455557,0.7911603464955957,0.6756944444444444,0.016953568463232684,0.7264026438539354,0.01735123648479079,155.49,55.6,99.89,0.0,1.0
compas,logistic_regression,sex,dpr_violation,0.12,0.0,100,0.6891534536497278,0.06445718060038107,0.6889158956448593,0.5693313524455557,0.7911603464955957,0.6756944444444444,0.016953568463232684,0.7264026438539354,0.01735123648479079,155.49,55.6,99.89,0.0,1.0
compas,logistic_regression,sex,dpr_violation,0.13,0.0,100,0.6891534536497278,0.06445718060038107,0.6889158956448593,0.5693313524455557,0.7911603464955957,0.6756944444444444,0.016953568463232684,0.7264026438539354,0.01735123648479079,155.49,55.6,99.89,0.0,1.0
compas,logistic_regression,sex,dpr_violation,0.14,0.0,100,0.6891534536497278,0.06445718060038107,0.6889158956448593,0.5693313524455557,0.7911603464955957,0.6756944444444444,0.016953568463232684,0.7264026438539354,0.01735123648479079,155.49,55.6,99.89,0.0,1.0
compas,logistic_regression,sex,dpr_violation,0.15000000000000002,0.0,100,0.6891534536497278,0.06445718060038107,0.6889158956448593,0.5693313524455557,0.7911603464955957,0.6756944444444444,0.016953568463232684,0.7264026438539354,0.01735123648479079,155.49,55.6,99.89,0.0,1.0
compas,logistic_regression,sex,dpr_violation,0.16000000000000003,0.0,100,0.6891534536497278,0.06445718060038107,0.6889158956448593,0.5693313524455557,0.7911603464955957,0.6756944444444444,0.016953568463232684,0.7264026438539354,0.01735123648479079,155.49,55.6,99.89,0.0,1.0
compas,logistic_regression,sex,dpr_violation,0.17000000000000004,0.0,100,0.6891534536497278,0.06445718060038107,0.6889158956448593,0.5693313524455557,0.7911603464955957,0.6756944444444444,0.016953568463232684,0.7264026438539354,0.01735123648479079,155.49,55.6,99.89,0.0,1.0
compas,logistic_regression,sex,dpr_violation,0.18000000000000005,0.0,100,0.6891534536497278,0.06445718060038107,0.6889158956448593,0.5693313524455557,0.7911603464955957,0.6756944444444444,0.016953568463232684,0.7264026438539354,0.01735123648479079,155.49,55.6,99.89,0.0,1.0
compas,logistic_regression,sex,dpr_violation,0.18999999999999995,0.0,100,0.6891534536497278,0.06445718060038107,0.6889158956448593,0.5693313524455557,0.7911603464955957,0.6756944444444444,0.016953568463232684,0.7264026438539354,0.01735123648479079,155.49,55.6,99.89,0.0,1.0
compas,logistic_regression,sex,dpr_violation,0.19999999999999996,0.0,100,0.6891534536497278,0.06445718060038107,0.6889158956448593,0.5693313524455557,0.7911603464955957,0.6756944444444444,0.016953568463232684,0.7264026438539354,0.01735123648479079,155.49,55.6,99.89,0.0,1.0
compas,logistic_regression,sex,dpr_violation,0.20999999999999996,0.0,100,0.6891534536497278,0.06445718060038107,0.6889158956448593,0.5693313524455557,0.7911603464955957,0.6756944444444444,0.016953568463232684,0.7264026438539354,0.01735123648479079,155.49,55.6,99.89,0.0,1.0
compas,logistic_regression,sex,dpr_violation,0.21999999999999997,0.0,100,0.6891534536497278,0.06445718060038107,0.6889158956448593,0.5693313524455557,0.7911603464955957,0.6756944444444444,0.016953568463232684,0.7264026438539354,0.01735123648479079,155.49,55.6,99.89,0.0,1.0
compas,logistic_regression,sex,dpr_violation,0.22999999999999998,0.0,100,0.6891534536497278,0.06445718060038107,0.6889158956448593,0.5693313524455557,0.7911603464955957,0.6756944444444444,0.016953568463232684,0.7264026438539354,0.01735123648479079,155.49,55.6,99.89,0.0,1.0
compas,logistic_regression,sex,dpr_violation,0.24,0.0,100,0.6891534536497278,0.06445718060038107,0.6889158956448593,0.5693313524455557,0.7911603464955957,0.6756944444444444,0.016953568463232684,0.7264026438539354,0.01735123648479079,155.49,55.6,99.89,0.0,1.0
compas,logistic_regression,sex,dpr_violation,0.25,0.0,100,0.6891534536497278,0.06445718060038107,0.6889158956448593,0.5693313524455557,0.7911603464955957,0.6756944444444444,0.016953568463232684,0.7264026438539354,0.01735123648479079,155.49,55.6,99.89,0.0,1.0
compas,logistic_regression,sex,dpr_violation,0.26,0.0,100,0.6891534536497278,0.06445718060038107,0.6889158956448593,0.5693313524455557,0.7911603464955957,0.6756944444444444,0.016953568463232684,0.7264026438539354,0.01735123648479079,155.49,55.6,99.89,0.0,1.0
compas,logistic_regression,sex,dpr_violation,0.27,0.0,100,0.6891534536497278,0.06445718060038107,0.6889158956448593,0.5693313524455557,0.7911603464955957,0.6756944444444444,0.016953568463232684,0.7264026438539354,0.01735123648479079,155.49,55.6,99.89,0.0,1.0
compas,logistic_regression,sex,dpr_violation,0.28,0.0,100,0.6891534536497278,0.06445718060038107,0.6889158956448593,0.5693313524455557,0.7911603464955957,0.6756944444444444,0.016953568463232684,0.7264026438539354,0.01735123648479079,155.49,55.6,99.89,0.0,1.0
compas,logistic_regression,sex,dpr_violation,0.29000000000000004,0.0,100,0.6891534536497278,0.06445718060038107,0.6889158956448593,0.5693313524455557,0.7911603464955957,0.6756944444444444,0.016953568463232684,0.7264026438539354,0.01735123648479079,155.49,55.6,99.89,0.0,1.0
compas,logistic_regression,sex,dpr_violation,0.30000000000000004,0.0,100,0.6891534536497278,0.06445718060038107,0.6889158956448593,0.5693313524455557,0.7911603464955957,0.6756944444444444,0.016953568463232684,0.7264026438539354,0.01735123648479079,155.49,55.6,99.89,0.0,1.0
compas,logistic_regression,sex,dpr_violation,0.31000000000000005,0.0,100,0.6891534536497278,0.06445718060038107,0.6889158956448593,0.5693313524455557,0.7911603464955957,0.6756944444444444,0.016953568463232684,0.7264026438539354,0.01735123648479079,155.49,55.6,99.89,0.0,1.0
compas,logistic_regression,sex,dpr_violation,0.31999999999999995,0.0,100,0.6891534536497278,0.06445718060038107,0.6889158956448593,0.5693313524455557,0.7911603464955957,0.6756944444444444,0.016953568463232684,0.7264026438539354,0.01735123648479079,155.49,55.6,99.89,0.0,1.0
compas,logistic_regression,sex,dpr_violation,0.32999999999999996,0.0,100,0.6891534536497278,0.06445718060038107,0.6889158956448593,0.5693313524455557,0.7911603464955957,0.6756944444444444,0.016953568463232684,0.7264026438539354,0.01735123648479079,155.49,55.6,99.89,0.0,1.0
compas,logistic_regression,sex,dpr_violation,0.33999999999999997,0.0,100,0.6891534536497278,0.06445718060038107,0.6889158956448593,0.5693313524455557,0.7911603464955957,0.6756944444444444,0.016953568463232684,0.7264026438539354,0.01735123648479079,155.49,55.6,99.89,0.0,1.0
compas,logistic_regression,sex,dpr_violation,0.35,0.0,100,0.6891534536497278,0.06445718060038107,0.6889158956448593,0.5693313524455557,0.7911603464955957,0.6756944444444444,0.016953568463232684,0.7264026438539354,0.01735123648479079,155.49,55.6,99.89,0.0,1.0
compas,logistic_regression,sex,dpr_violation,0.36,0.0,100,0.6891534536497278,0.06445718060038107,0.6889158956448593,0.5693313524455557,0.7911603464955957,0.6756944444444444,0.016953568463232684,0.7264026438539354,0.01735123648479079,155.49,55.6,99.89,0.0,1.0
compas,logistic_regression,sex,dpr_violation,0.37,0.0,100,0.6891534536497278,0.06445718060038107,0.6889158956448593,0.5693313524455557,0.7911603464955957,0.6756944444444444,0.016953568463232684,0.7264026438539354,0.01735123648479079,155.49,55.6,99.89,0.0,1.0
compas,logistic_regression,sex,dpr_violation,0.38,0.0,100,0.6891534536497278,0.06445718060038107,0.6889158956448593,0.5693313524455557,0.7911603464955957,0.6756944444444444,0.016953568463232684,0.7264026438539354,0.01735123648479079,155.49,55.6,99.89,0.0,1.0
compas,logistic_regression,sex,dpr_violation,0.39,0.0,100,0.6891534536497278,0.06445718060038107,0.6889158956448593,0.5693313524455557,0.7911603464955957,0.6756944444444444,0.016953568463232684,0.7264026438539354,0.01735123648479079,155.49,55.6,99.89,0.0,1.0
compas,logistic_regression,sex,dpr_violation,0.4,0.0,100,0.6891534536497278,0.06445718060038107,0.6889158956448593,0.5693313524455557,0.7911603464955957,0.6756944444444444,0.016953568463232684,0.7264026438539354,0.01735123648479079,155.49,55.6,99.89,0.0,1.0
compas,logistic_regression,sex,eod_violation,0.0,0.0,100,0.3565480359852032,0.06623390650205187,0.3555760685711749,0.2558945936532144,0.4541517669612775,0.6756944444444444,0.016953568463232684,0.7264026438539354,0.01735123648479079,155.49,55.6,99.89,0.0,1.0
compas,logistic_regression,sex,eod_violation,0.01,0.0,100,0.3565480359852032,0.06623390650205187,0.3555760685711749,0.2558945936532144,0.4541517669612775,0.6756944444444444,0.016953568463232684,0.7264026438539354,0.01735123648479079,155.49,55.6,99.89,0.0,1.0
compas,logistic_regression,sex,eod_violation,0.02,0.0,100,0.3565480359852032,0.06623390650205187,0.3555760685711749,0.2558945936532144,0.4541517669612775,0.6756944444444444,0.016953568463232684,0.7264026438539354,0.01735123648479079,155.49,55.6,99.89,0.0,1.0
compas,logistic_regression,sex,eod_violation,0.03,0.0,100,0.3565480359852032,0.06623390650205187,0.3555760685711749,0.2558945936532144,0.4541517669612775,0.6756944444444444,0.016953568463232684,0.7264026438539354,0.01735123648479079,155.49,55.6,99.89,0.0,1.0
compas,logistic_regression,sex,eod_violation,0.04,0.0,100,0.3565480359852032,0.06623390650205187,0.3555760685711749,0.2558945936532144,0.4541517669612775,0.6756944444444444,0.016953568463232684,0.7264026438539354,0.01735123648479079,155.49,55.6,99.89,0.0,1.0
compas,logistic_regression,sex,eod_violation,0.05,0.0,100,0.3565480359852032,0.06623390650205187,0.3555760685711749,0.2558945936532144,0.4541517669612775,0.6756944444444444,0.016953568463232684,0.7264026438539354,0.01735123648479079,155.49,55.6,99.89,0.0,1.0
compas,logistic_regression,sex,eod_violation,0.06,0.0,100,0.3565480359852032,0.06623390650205187,0.3555760685711749,0.2558945936532144,0.4541517669612775,0.6756944444444444,0.016953568463232684,0.7264026438539354,0.01735123648479079,155.49,55.6,99.89,0.0,1.0
compas,logistic_regression,sex,eod_violation,0.07,0.0,100,0.3565480359852032,0.06623390650205187,0.3555760685711749,0.2558945936532144,0.4541517669612775,0.6756944444444444,0.016953568463232684,0.7264026438539354,0.01735123648479079,155.49,55.6,99.89,0.0,1.0
compas,logistic_regression,sex,eod_violation,0.08,0.0,100,0.3565480359852032,0.06623390650205187,0.3555760685711749,0.2558945936532144,0.4541517669612775,0.6756944444444444,0.016953568463232684,0.7264026438539354,0.01735123648479079,155.49,55.6,99.89,0.0,1.0
compas,logistic_regression,sex,eod_violation,0.09,0.0,100,0.3565480359852032,0.06623390650205187,0.3555760685711749,0.2558945936532144,0.4541517669612775,0.6756944444444444,0.016953568463232684,0.7264026438539354,0.01735123648479079,155.49,55.6,99.89,0.0,1.0
compas,logistic_regression,sex,eod_violation,0.1,0.0,100,0.3565480359852032,0.06623390650205187,0.3555760685711749,0.2558945936532144,0.4541517669612775,0.6756944444444444,0.016953568463232684,0.7264026438539354,0.01735123648479079,155.49,55.6,99.89,0.0,1.0
compas,logistic_regression,sex,eod_violation,0.11,0.0,100,0.3565480359852032,0.06623390650205187,0.3555760685711749,0.2558945936532144,0.4541517669612775,0.6756944444444444,0.016953568463232684,0.7264026438539354,0.01735123648479079,155.49,55.6,99.89,0.0,1.0
compas,logistic_regression,sex,eod_violation,0.12,0.0,100,0.3565480359852032,0.06623390650205187,0.3555760685711749,0.2558945936532144,0.4541517669612775,0.6756944444444444,0.016953568463232684,0.7264026438539354,0.01735123648479079,155.49,55.6,99.89,0.0,1.0
compas,logistic_regression,sex,eod_violation,0.13,0.0,100,0.3565480359852032,0.06623390650205187,0.3555760685711749,0.2558945936532144,0.4541517669612775,0.6756944444444444,0.016953568463232684,0.7264026438539354,0.01735123648479079,155.49,55.6,99.89,0.0,1.0
compas,logistic_regression,sex,eod_violation,0.14,0.0,100,0.3565480359852032,0.06623390650205187,0.3555760685711749,0.2558945936532144,0.4541517669612775,0.6756944444444444,0.016953568463232684,0.7264026438539354,0.01735123648479079,155.49,55.6,99.89,0.0,1.0
compas,logistic_regression,sex,eod_violation,0.15,0.0,100,0.3565480359852032,0.06623390650205187,0.3555760685711749,0.2558945936532144,0.4541517669612775,0.6756944444444444,0.016953568463232684,0.7264026438539354,0.01735123648479079,155.49,55.6,99.89,0.0,1.0
compas,logistic_regression,sex,eod_violation,0.16,0.0,100,0.3565480359852032,0.06623390650205187,0.3555760685711749,0.2558945936532144,0.4541517669612775,0.6756944444444444,0.016953568463232684,0.7264026438539354,0.01735123648479079,155.49,55.6,99.89,0.0,1.0
compas,logistic_regression,sex,eod_violation,0.17,0.0,100,0.3565480359852032,0.06623390650205187,0.3555760685711749,0.2558945936532144,0.4541517669612775,0.6756944444444444,0.016953568463232684,0.7264026438539354,0.01735123648479079,155.49,55.6,99.89,0.0,1.0
compas,logistic_regression,sex,eod_violation,0.18,0.0,100,0.3565480359852032,0.06623390650205187,0.3555760685711749,0.2558945936532144,0.4541517669612775,0.6756944444444444,0.016953568463232684,0.7264026438539354,0.01735123648479079,155.49,55.6,99.89,0.0,1.0
compas,logistic_regression,sex,eod_violation,0.19,0.0,100,0.3565480359852032,0.06623390650205187,0.3555760685711749,0.2558945936532144,0.4541517669612775,0.6756944444444444,0.016953568463232684,0.7264026438539354,0.01735123648479079,155.49,55.6,99.89,0.0,1.0
compas,logistic_regression,sex,eod_violation,0.2,0.0,100,0.3565480359852032,0.06623390650205187,0.3555760685711749,0.2558945936532144,0.4541517669612775,0.6756944444444444,0.016953568463232684,0.7264026438539354,0.01735123648479079,155.49,55.6,99.89,0.0,1.0
compas,logistic_regression,sex,eod_violation,0.21,0.01,100,0.3565480359852032,0.06623390650205187,0.3555760685711749,0.2558945936532144,0.4541517669612775,0.6756944444444444,0.016953568463232684,0.7264026438539354,0.01735123648479079,155.49,55.6,99.89,0.0198,0.9802
compas,logistic_regression,sex,eod_violation,0.22,0.04,100,0.3565480359852032,0.06623390650205187,0.3555760685711749,0.2558945936532144,0.4541517669612775,0.6756944444444444,0.016953568463232684,0.7264026438539354,0.01735123648479079,155.49,55.6,99.89,0.0768,0.9232
compas,logistic_regression,sex,eod_violation,0.23,0.05,100,0.3565480359852032,0.06623390650205187,0.3555760685711749,0.2558945936532144,0.4541517669612775,0.6756944444444444,0.016953568463232684,0.7264026438539354,0.01735123648479079,155.49,55.6,99.89,0.095,0.905
compas,logistic_regression,sex,eod_violation,0.24,0.05,100,0.3565480359852032,0.06623390650205187,0.3555760685711749,0.2558945936532144,0.4541517669612775,0.6756944444444444,0.016953568463232684,0.7264026438539354,0.01735123648479079,155.49,55.6,99.89,0.095,0.905
compas,logistic_regression,sex,eod_violation,0.25,0.05,100,0.3565480359852032,0.06623390650205187,0.3555760685711749,0.2558945936532144,0.4541517669612775,0.6756944444444444,0.016953568463232684,0.7264026438539354,0.01735123648479079,155.49,55.6,99.89,0.095,0.905
compas,logistic_regression,sex,eod_violation,0.26,0.08,100,0.3565480359852032,0.06623390650205187,0.3555760685711749,0.2558945936532144,0.4541517669612775,0.6756944444444444,0.016953568463232684,0.7264026438539354,0.01735123648479079,155.49,55.6,99.89,0.1472,0.8528
compas,logistic_regression,sex,eod_violation,0.27,0.08,100,0.3565480359852032,0.06623390650205187,0.3555760685711749,0.2558945936532144,0.4541517669612775,0.6756944444444444,0.016953568463232684,0.7264026438539354,0.01735123648479079,155.49,55.6,99.89,0.1472,0.8528
compas,logistic_regression,sex,eod_violation,0.28,0.11,100,0.3565480359852032,0.06623390650205187,0.3555760685711749,0.2558945936532144,0.4541517669612775,0.6756944444444444,0.016953568463232684,0.7264026438539354,0.01735123648479079,155.49,55.6,99.89,0.1958,0.8042
compas,logistic_regression,sex,eod_violation,0.29,0.15,100,0.3565480359852032,0.06623390650205187,0.3555760685711749,0.2558945936532144,0.4541517669612775,0.6756944444444444,0.016953568463232684,0.7264026438539354,0.01735123648479079,155.49,55.6,99.89,0.255,0.745
compas,logistic_regression,sex,eod_violation,0.3,0.21,100,0.3565480359852032,0.06623390650205187,0.3555760685711749,0.2558945936532144,0.4541517669612775,0.6756944444444444,0.016953568463232684,0.7264026438539354,0.01735123648479079,155.49,55.6,99.89,0.3318,0.6682
compas,logistic_regression,sex,equalized_odds_violation,0.0,0.0,100,0.35733741258769025,0.06530753690506678,0.3555760685711749,0.25596709730162187,0.4541517669612775,0.6756944444444444,0.016953568463232684,0.7264026438539354,0.01735123648479079,155.49,55.6,99.89,0.0,1.0
compas,logistic_regression,sex,equalized_odds_violation,0.01,0.0,100,0.35733741258769025,0.06530753690506678,0.3555760685711749,0.25596709730162187,0.4541517669612775,0.6756944444444444,0.016953568463232684,0.7264026438539354,0.01735123648479079,155.49,55.6,99.89,0.0,1.0
compas,logistic_regression,sex,equalized_odds_violation,0.02,0.0,100,0.35733741258769025,0.06530753690506678,0.3555760685711749,0.25596709730162187,0.4541517669612775,0.6756944444444444,0.016953568463232684,0.7264026438539354,0.01735123648479079,155.49,55.6,99.89,0.0,1.0
compas,logistic_regression,sex,equalized_odds_violation,0.03,0.0,100,0.35733741258769025,0.06530753690506678,0.3555760685711749,0.25596709730162187,0.4541517669612775,0.6756944444444444,0.016953568463232684,0.7264026438539354,0.01735123648479079,155.49,55.6,99.89,0.0,1.0
compas,logistic_regression,sex,equalized_odds_violation,0.04,0.0,100,0.35733741258769025,0.06530753690506678,0.3555760685711749,0.25596709730162187,0.4541517669612775,0.6756944444444444,0.016953568463232684,0.7264026438539354,0.01735123648479079,155.49,55.6,99.89,0.0,1.0
compas,logistic_regression,sex,equalized_odds_violation,0.05,0.0,100,0.35733741258769025,0.06530753690506678,0.3555760685711749,0.25596709730162187,0.4541517669612775,0.6756944444444444,0.016953568463232684,0.7264026438539354,0.01735123648479079,155.49,55.6,99.89,0.0,1.0
compas,logistic_regression,sex,equalized_odds_violation,0.06,0.0,100,0.35733741258769025,0.06530753690506678,0.3555760685711749,0.25596709730162187,0.4541517669612775,0.6756944444444444,0.016953568463232684,0.7264026438539354,0.01735123648479079,155.49,55.6,99.89,0.0,1.0
compas,logistic_regression,sex,equalized_odds_violation,0.07,0.0,100,0.35733741258769025,0.06530753690506678,0.3555760685711749,0.25596709730162187,0.4541517669612775,0.6756944444444444,0.016953568463232684,0.7264026438539354,0.01735123648479079,155.49,55.6,99.89,0.0,1.0
compas,logistic_regression,sex,equalized_odds_violation,0.08,0.0,100,0.35733741258769025,0.06530753690506678,0.3555760685711749,0.25596709730162187,0.4541517669612775,0.6756944444444444,0.016953568463232684,0.7264026438539354,0.01735123648479079,155.49,55.6,99.89,0.0,1.0
compas,logistic_regression,sex,equalized_odds_violation,0.09,0.0,100,0.35733741258769025,0.06530753690506678,0.3555760685711749,0.25596709730162187,0.4541517669612775,0.6756944444444444,0.016953568463232684,0.7264026438539354,0.01735123648479079,155.49,55.6,99.89,0.0,1.0
compas,logistic_regression,sex,equalized_odds_violation,0.1,0.0,100,0.35733741258769025,0.06530753690506678,0.3555760685711749,0.25596709730162187,0.4541517669612775,0.6756944444444444,0.016953568463232684,0.7264026438539354,0.01735123648479079,155.49,55.6,99.89,0.0,1.0
compas,logistic_regression,sex,equalized_odds_violation,0.11,0.0,100,0.35733741258769025,0.06530753690506678,0.3555760685711749,0.25596709730162187,0.4541517669612775,0.6756944444444444,0.016953568463232684,0.7264026438539354,0.01735123648479079,155.49,55.6,99.89,0.0,1.0
compas,logistic_regression,sex,equalized_odds_violation,0.12,0.0,100,0.35733741258769025,0.06530753690506678,0.3555760685711749,0.25596709730162187,0.4541517669612775,0.6756944444444444,0.016953568463232684,0.7264026438539354,0.01735123648479079,155.49,55.6,99.89,0.0,1.0
compas,logistic_regression,sex,equalized_odds_violation,0.13,0.0,100,0.35733741258769025,0.06530753690506678,0.3555760685711749,0.25596709730162187,0.4541517669612775,0.6756944444444444,0.016953568463232684,0.7264026438539354,0.01735123648479079,155.49,55.6,99.89,0.0,1.0
compas,logistic_regression,sex,equalized_odds_violation,0.14,0.0,100,0.35733741258769025,0.06530753690506678,0.3555760685711749,0.25596709730162187,0.4541517669612775,0.6756944444444444,0.016953568463232684,0.7264026438539354,0.01735123648479079,155.49,55.6,99.89,0.0,1.0
compas,logistic_regression,sex,equalized_odds_violation,0.15,0.0,100,0.35733741258769025,0.06530753690506678,0.3555760685711749,0.25596709730162187,0.4541517669612775,0.6756944444444444,0.016953568463232684,0.7264026438539354,0.01735123648479079,155.49,55.6,99.89,0.0,1.0
compas,logistic_regression,sex,equalized_odds_violation,0.16,0.0,100,0.35733741258769025,0.06530753690506678,0.3555760685711749,0.25596709730162187,0.4541517669612775,0.6756944444444444,0.016953568463232684,0.7264026438539354,0.01735123648479079,155.49,55.6,99.89,0.0,1.0
compas,logistic_regression,sex,equalized_odds_violation,0.17,0.0,100,0.35733741258769025,0.06530753690506678,0.3555760685711749,0.25596709730162187,0.4541517669612775,0.6756944444444444,0.016953568463232684,0.7264026438539354,0.01735123648479079,155.49,55.6,99.89,0.0,1.0
compas,logistic_regression,sex,equalized_odds_violation,0.18,0.0,100,0.35733741258769025,0.06530753690506678,0.3555760685711749,0.25596709730162187,0.4541517669612775,0.6756944444444444,0.016953568463232684,0.7264026438539354,0.01735123648479079,155.49,55.6,99.89,0.0,1.0
compas,logistic_regression,sex,equalized_odds_violation,0.19,0.0,100,0.35733741258769025,0.06530753690506678,0.3555760685711749,0.25596709730162187,0.4541517669612775,0.6756944444444444,0.016953568463232684,0.7264026438539354,0.01735123648479079,155.49,55.6,99.89,0.0,1.0
compas,logistic_regression,sex,equalized_odds_violation,0.2,0.0,100,0.35733741258769025,0.06530753690506678,0.3555760685711749,0.25596709730162187,0.4541517669612775,0.6756944444444444,0.016953568463232684,0.7264026438539354,0.01735123648479079,155.49,55.6,99.89,0.0,1.0
compas,logistic_regression,sex,equalized_odds_violation,0.21,0.01,100,0.35733741258769025,0.06530753690506678,0.3555760685711749,0.25596709730162187,0.4541517669612775,0.6756944444444444,0.016953568463232684,0.7264026438539354,0.01735123648479079,155.49,55.6,99.89,0.0198,0.9802
compas,logistic_regression,sex,equalized_odds_violation,0.22,0.04,100,0.35733741258769025,0.06530753690506678,0.3555760685711749,0.25596709730162187,0.4541517669612775,0.6756944444444444,0.016953568463232684,0.7264026438539354,0.01735123648479079,155.49,55.6,99.89,0.0768,0.9232
compas,logistic_regression,sex,equalized_odds_violation,0.23,0.05,100,0.35733741258769025,0.06530753690506678,0.3555760685711749,0.25596709730162187,0.4541517669612775,0.6756944444444444,0.016953568463232684,0.7264026438539354,0.01735123648479079,155.49,55.6,99.89,0.095,0.905
compas,logistic_regression,sex,equalized_odds_violation,0.24,0.05,100,0.35733741258769025,0.06530753690506678,0.3555760685711749,0.25596709730162187,0.4541517669612775,0.6756944444444444,0.016953568463232684,0.7264026438539354,0.01735123648479079,155.49,55.6,99.89,0.095,0.905
compas,logistic_regression,sex,equalized_odds_violation,0.25,0.05,100,0.35733741258769025,0.06530753690506678,0.3555760685711749,0.25596709730162187,0.4541517669612775,0.6756944444444444,0.016953568463232684,0.7264026438539354,0.01735123648479079,155.49,55.6,99.89,0.095,0.905
compas,logistic_regression,sex,equalized_odds_violation,0.26,0.06,100,0.35733741258769025,0.06530753690506678,0.3555760685711749,0.25596709730162187,0.4541517669612775,0.6756944444444444,0.016953568463232684,0.7264026438539354,0.01735123648479079,155.49,55.6,99.89,0.11279999999999998,0.8872
compas,logistic_regression,sex,equalized_odds_violation,0.27,0.06,100,0.35733741258769025,0.06530753690506678,0.3555760685711749,0.25596709730162187,0.4541517669612775,0.6756944444444444,0.016953568463232684,0.7264026438539354,0.01735123648479079,155.49,55.6,99.89,0.11279999999999998,0.8872
compas,logistic_regression,sex,equalized_odds_violation,0.28,0.09,100,0.35733741258769025,0.06530753690506678,0.3555760685711749,0.25596709730162187,0.4541517669612775,0.6756944444444444,0.016953568463232684,0.7264026438539354,0.01735123648479079,155.49,55.6,99.89,0.1638,0.8362
compas,logistic_regression,sex,equalized_odds_violation,0.29,0.14,100,0.35733741258769025,0.06530753690506678,0.3555760685711749,0.25596709730162187,0.4541517669612775,0.6756944444444444,0.016953568463232684,0.7264026438539354,0.01735123648479079,155.49,55.6,99.89,0.24080000000000001,0.7592
compas,logistic_regression,sex,equalized_odds_violation,0.3,0.2,100,0.35733741258769025,0.06530753690506678,0.3555760685711749,0.25596709730162187,0.4541517669612775,0.6756944444444444,0.016953568463232684,0.7264026438539354,0.01735123648479079,155.49,55.6,99.89,0.32000000000000006,0.6799999999999999
compas,random_forest,race,dpd_violation,0.0,0.0,100,0.2153715970053855,0.040059111753914266,0.21707595291318987,0.1582497310552219,0.2832666613626448,0.6454040404040404,0.015949628738644823,0.6961461925815966,0.01561105954896909,314.44,122.45,191.55,0.0,1.0
compas,random_forest,race,dpd_violation,0.01,0.0,100,0.2153715970053855,0.040059111753914266,0.21707595291318987,0.1582497310552219,0.2832666613626448,0.6454040404040404,0.015949628738644823,0.6961461925815966,0.01561105954896909,314.44,122.45,191.55,0.0,1.0
compas,random_forest,race,dpd_violation,0.02,0.0,100,0.2153715970053855,0.040059111753914266,0.21707595291318987,0.1582497310552219,0.2832666613626448,0.6454040404040404,0.015949628738644823,0.6961461925815966,0.01561105954896909,314.44,122.45,191.55,0.0,1.0
compas,random_forest,race,dpd_violation,0.03,0.0,100,0.2153715970053855,0.040059111753914266,0.21707595291318987,0.1582497310552219,0.2832666613626448,0.6454040404040404,0.015949628738644823,0.6961461925815966,0.01561105954896909,314.44,122.45,191.55,0.0,1.0
compas,random_forest,race,dpd_violation,0.04,0.0,100,0.2153715970053855,0.040059111753914266,0.21707595291318987,0.1582497310552219,0.2832666613626448,0.6454040404040404,0.015949628738644823,0.6961461925815966,0.01561105954896909,314.44,122.45,191.55,0.0,1.0
compas,random_forest,race,dpd_violation,0.05,0.0,100,0.2153715970053855,0.040059111753914266,0.21707595291318987,0.1582497310552219,0.2832666613626448,0.6454040404040404,0.015949628738644823,0.6961461925815966,0.01561105954896909,314.44,122.45,191.55,0.0,1.0
compas,random_forest,race,dpd_violation,0.06,0.0,100,0.2153715970053855,0.040059111753914266,0.21707595291318987,0.1582497310552219,0.2832666613626448,0.6454040404040404,0.015949628738644823,0.6961461925815966,0.01561105954896909,314.44,122.45,191.55,0.0,1.0
compas,random_forest,race,dpd_violation,0.07,0.0,100,0.2153715970053855,0.040059111753914266,0.21707595291318987,0.1582497310552219,0.2832666613626448,0.6454040404040404,0.015949628738644823,0.6961461925815966,0.01561105954896909,314.44,122.45,191.55,0.0,1.0
compas,random_forest,race,dpd_violation,0.08,0.0,100,0.2153715970053855,0.040059111753914266,0.21707595291318987,0.1582497310552219,0.2832666613626448,0.6454040404040404,0.015949628738644823,0.6961461925815966,0.01561105954896909,314.44,122.45,191.55,0.0,1.0
compas,random_forest,race,dpd_violation,0.09,0.0,100,0.2153715970053855,0.040059111753914266,0.21707595291318987,0.1582497310552219,0.2832666613626448,0.6454040404040404,0.015949628738644823,0.6961461925815966,0.01561105954896909,314.44,122.45,191.55,0.0,1.0
compas,random_forest,race,dpd_violation,0.1,0.0,100,0.2153715970053855,0.040059111753914266,0.21707595291318987,0.1582497310552219,0.2832666613626448,0.6454040404040404,0.015949628738644823,0.6961461925815966,0.01561105954896909,314.44,122.45,191.55,0.0,1.0
compas,random_forest,race,dpd_violation,0.11,0.01,100,0.2153715970053855,0.040059111753914266,0.21707595291318987,0.1582497310552219,0.2832666613626448,0.6454040404040404,0.015949628738644823,0.6961461925815966,0.01561105954896909,314.44,122.45,191.55,0.0198,0.9802
compas,random_forest,race,dpd_violation,0.12,0.01,100,0.2153715970053855,0.040059111753914266,0.21707595291318987,0.1582497310552219,0.2832666613626448,0.6454040404040404,0.015949628738644823,0.6961461925815966,0.01561105954896909,314.44,122.45,191.55,0.0198,0.9802
compas,random_forest,race,dpd_violation,0.13,0.01,100,0.2153715970053855,0.040059111753914266,0.21707595291318987,0.1582497310552219,0.2832666613626448,0.6454040404040404,0.015949628738644823,0.6961461925815966,0.01561105954896909,314.44,122.45,191.55,0.0198,0.9802
compas,random_forest,race,dpd_violation,0.14,0.03,100,0.2153715970053855,0.040059111753914266,0.21707595291318987,0.1582497310552219,0.2832666613626448,0.6454040404040404,0.015949628738644823,0.6961461925815966,0.01561105954896909,314.44,122.45,191.55,0.058199999999999995,0.9418
compas,random_forest,race,dpd_violation,0.15,0.04,100,0.2153715970053855,0.040059111753914266,0.21707595291318987,0.1582497310552219,0.2832666613626448,0.6454040404040404,0.015949628738644823,0.6961461925815966,0.01561105954896909,314.44,122.45,191.55,0.0768,0.9232
compas,random_forest,race,dpd_violation,0.16,0.06,100,0.2153715970053855,0.040059111753914266,0.21707595291318987,0.1582497310552219,0.2832666613626448,0.6454040404040404,0.015949628738644823,0.6961461925815966,0.01561105954896909,314.44,122.45,191.55,0.11279999999999998,0.8872
compas,random_forest,race,dpd_violation,0.17,0.11,100,0.2153715970053855,0.040059111753914266,0.21707595291318987,0.1582497310552219,0.2832666613626448,0.6454040404040404,0.015949628738644823,0.6961461925815966,0.01561105954896909,314.44,122.45,191.55,0.1958,0.8042
compas,random_forest,race,dpd_violation,0.18,0.17,100,0.2153715970053855,0.040059111753914266,0.21707595291318987,0.1582497310552219,0.2832666613626448,0.6454040404040404,0.015949628738644823,0.6961461925815966,0.01561105954896909,314.44,122.45,191.55,0.2822,0.7178
compas,random_forest,race,dpd_violation,0.19,0.29,100,0.2153715970053855,0.040059111753914266,0.21707595291318987,0.1582497310552219,0.2832666613626448,0.6454040404040404,0.015949628738644823,0.6961461925815966,0.01561105954896909,314.44,122.45,191.55,0.41179999999999994,0.5882000000000001
compas,random_forest,race,dpd_violation,0.2,0.4,100,0.2153715970053855,0.040059111753914266,0.21707595291318987,0.1582497310552219,0.2832666613626448,0.6454040404040404,0.015949628738644823,0.6961461925815966,0.01561105954896909,314.44,122.45,191.55,0.48,0.52
compas,random_forest,race,dpd_violation,0.21,0.44,100,0.2153715970053855,0.040059111753914266,0.21707595291318987,0.1582497310552219,0.2832666613626448,0.6454040404040404,0.015949628738644823,0.6961461925815966,0.01561105954896909,314.44,122.45,191.55,0.49280000000000007,0.5071999999999999
compas,random_forest,race,dpd_violation,0.22,0.56,100,0.2153715970053855,0.040059111753914266,0.21707595291318987,0.1582497310552219,0.2832666613626448,0.6454040404040404,0.015949628738644823,0.6961461925815966,0.01561105954896909,314.44,122.45,191.55,0.49279999999999996,0.5072000000000001
compas,random_forest,race,dpd_violation,0.23,0.63,100,0.2153715970053855,0.040059111753914266,0.21707595291318987,0.1582497310552219,0.2832666613626448,0.6454040404040404,0.015949628738644823,0.6961461925815966,0.01561105954896909,314.44,122.45,191.55,0.4662,0.5338
compas,random_forest,race,dpd_violation,0.24,0.73,100,0.2153715970053855,0.040059111753914266,0.21707595291318987,0.1582497310552219,0.2832666613626448,0.6454040404040404,0.015949628738644823,0.6961461925815966,0.01561105954896909,314.44,122.45,191.55,0.3942,0.6058
compas,random_forest,race,dpd_violation,0.25,0.78,100,0.2153715970053855,0.040059111753914266,0.21707595291318987,0.1582497310552219,0.2832666613626448,0.6454040404040404,0.015949628738644823,0.6961461925815966,0.01561105954896909,314.44,122.45,191.55,0.34319999999999995,0.6568
compas,random_forest,race,dpd_violation,0.26,0.87,100,0.2153715970053855,0.040059111753914266,0.21707595291318987,0.1582497310552219,0.2832666613626448,0.6454040404040404,0.015949628738644823,0.6961461925815966,0.01561105954896909,314.44,122.45,191.55,0.2262,0.7738
compas,random_forest,race,dpd_violation,0.27,0.91,100,0.2153715970053855,0.040059111753914266,0.21707595291318987,0.1582497310552219,0.2832666613626448,0.6454040404040404,0.015949628738644823,0.6961461925815966,0.01561105954896909,314.44,122.45,191.55,0.16379999999999995,0.8362
compas,random_forest,race,dpd_violation,0.28,0.94,100,0.2153715970053855,0.040059111753914266,0.21707595291318987,0.1582497310552219,0.2832666613626448,0.6454040404040404,0.015949628738644823,0.6961461925815966,0.01561105954896909,314.44,122.45,191.55,0.1128000000000001,0.8871999999999999
compas,random_forest,race,dpd_violation,0.29,0.96,100,0.2153715970053855,0.040059111753914266,0.21707595291318987,0.1582497310552219,0.2832666613626448,0.6454040404040404,0.015949628738644823,0.6961461925815966,0.01561105954896909,314.44,122.45,191.55,0.07680000000000006,0.9231999999999999
compas,random_forest,race,dpd_violation,0.3,0.99,100,0.2153715970053855,0.040059111753914266,0.21707595291318987,0.1582497310552219,0.2832666613626448,0.6454040404040404,0.015949628738644823,0.6961461925815966,0.01561105954896909,314.44,122.45,191.55,0.01980000000000002,0.9802
compas,random_forest,race,dpr_violation,0.0,0.0,100,0.40485578575144276,0.06418939905867277,0.4096455372498965,0.3157551855323494,0.5152686776714406,0.6454040404040404,0.015949628738644823,0.6961461925815966,0.01561105954896909,314.44,122.45,191.55,0.0,1.0
compas,random_forest,race,dpr_violation,0.010000000000000009,0.0,100,0.40485578575144276,0.06418939905867277,0.4096455372498965,0.3157551855323494,0.5152686776714406,0.6454040404040404,0.015949628738644823,0.6961461925815966,0.01561105954896909,314.44,122.45,191.55,0.0,1.0
compas,random_forest,race,dpr_violation,0.020000000000000018,0.0,100,0.40485578575144276,0.06418939905867277,0.4096455372498965,0.3157551855323494,0.5152686776714406,0.6454040404040404,0.015949628738644823,0.6961461925815966,0.01561105954896909,314.44,122.45,191.55,0.0,1.0
compas,random_forest,race,dpr_violation,0.030000000000000027,0.0,100,0.40485578575144276,0.06418939905867277,0.4096455372498965,0.3157551855323494,0.5152686776714406,0.6454040404040404,0.015949628738644823,0.6961461925815966,0.01561105954896909,314.44,122.45,191.55,0.0,1.0
compas,random_forest,race,dpr_violation,0.040000000000000036,0.0,100,0.40485578575144276,0.06418939905867277,0.4096455372498965,0.3157551855323494,0.5152686776714406,0.6454040404040404,0.015949628738644823,0.6961461925815966,0.01561105954896909,314.44,122.45,191.55,0.0,1.0
compas,random_forest,race,dpr_violation,0.050000000000000044,0.0,100,0.40485578575144276,0.06418939905867277,0.4096455372498965,0.3157551855323494,0.5152686776714406,0.6454040404040404,0.015949628738644823,0.6961461925815966,0.01561105954896909,314.44,122.45,191.55,0.0,1.0
compas,random_forest,race,dpr_violation,0.06000000000000005,0.0,100,0.40485578575144276,0.06418939905867277,0.4096455372498965,0.3157551855323494,0.5152686776714406,0.6454040404040404,0.015949628738644823,0.6961461925815966,0.01561105954896909,314.44,122.45,191.55,0.0,1.0
compas,random_forest,race,dpr_violation,0.06999999999999995,0.0,100,0.40485578575144276,0.06418939905867277,0.4096455372498965,0.3157551855323494,0.5152686776714406,0.6454040404040404,0.015949628738644823,0.6961461925815966,0.01561105954896909,314.44,122.45,191.55,0.0,1.0
compas,random_forest,race,dpr_violation,0.07999999999999996,0.0,100,0.40485578575144276,0.06418939905867277,0.4096455372498965,0.3157551855323494,0.5152686776714406,0.6454040404040404,0.015949628738644823,0.6961461925815966,0.01561105954896909,314.44,122.45,191.55,0.0,1.0
compas,random_forest,race,dpr_violation,0.08999999999999997,0.0,100,0.40485578575144276,0.06418939905867277,0.4096455372498965,0.3157551855323494,0.5152686776714406,0.6454040404040404,0.015949628738644823,0.6961461925815966,0.01561105954896909,314.44,122.45,191.55,0.0,1.0
compas,random_forest,race,dpr_violation,0.09999999999999998,0.0,100,0.40485578575144276,0.06418939905867277,0.4096455372498965,0.3157551855323494,0.5152686776714406,0.6454040404040404,0.015949628738644823,0.6961461925815966,0.01561105954896909,314.44,122.45,191.55,0.0,1.0
compas,random_forest,race,dpr_violation,0.10999999999999999,0.0,100,0.40485578575144276,0.06418939905867277,0.4096455372498965,0.3157551855323494,0.5152686776714406,0.6454040404040404,0.015949628738644823,0.6961461925815966,0.01561105954896909,314.44,122.45,191.55,0.0,1.0
compas,random_forest,race,dpr_violation,0.12,0.0,100,0.40485578575144276,0.06418939905867277,0.4096455372498965,0.3157551855323494,0.5152686776714406,0.6454040404040404,0.015949628738644823,0.6961461925815966,0.01561105954896909,314.44,122.45,191.55,0.0,1.0
compas,random_forest,race,dpr_violation,0.13,0.0,100,0.40485578575144276,0.06418939905867277,0.4096455372498965,0.3157551855323494,0.5152686776714406,0.6454040404040404,0.015949628738644823,0.6961461925815966,0.01561105954896909,314.44,122.45,191.55,0.0,1.0
compas,random_forest,race,dpr_violation,0.14,0.0,100,0.40485578575144276,0.06418939905867277,0.4096455372498965,0.3157551855323494,0.5152686776714406,0.6454040404040404,0.015949628738644823,0.6961461925815966,0.01561105954896909,314.44,122.45,191.55,0.0,1.0
compas,random_forest,race,dpr_violation,0.15000000000000002,0.0,100,0.40485578575144276,0.06418939905867277,0.4096455372498965,0.3157551855323494,0.5152686776714406,0.6454040404040404,0.015949628738644823,0.6961461925815966,0.01561105954896909,314.44,122.45,191.55,0.0,1.0
compas,random_forest,race,dpr_violation,0.16000000000000003,0.0,100,0.40485578575144276,0.06418939905867277,0.4096455372498965,0.3157551855323494,0.5152686776714406,0.6454040404040404,0.015949628738644823,0.6961461925815966,0.01561105954896909,314.44,122.45,191.55,0.0,1.0
compas,random_forest,race,dpr_violation,0.17000000000000004,0.0,100,0.40485578575144276,0.06418939905867277,0.4096455372498965,0.3157551855323494,0.5152686776714406,0.6454040404040404,0.015949628738644823,0.6961461925815966,0.01561105954896909,314.44,122.45,191.55,0.0,1.0
compas,random_forest,race,dpr_violation,0.18000000000000005,0.0,100,0.40485578575144276,0.06418939905867277,0.4096455372498965,0.3157551855323494,0.5152686776714406,0.6454040404040404,0.015949628738644823,0.6961461925815966,0.01561105954896909,314.44,122.45,191.55,0.0,1.0
compas,random_forest,race,dpr_violation,0.18999999999999995,0.0,100,0.40485578575144276,0.06418939905867277,0.4096455372498965,0.3157551855323494,0.5152686776714406,0.6454040404040404,0.015949628738644823,0.6961461925815966,0.01561105954896909,314.44,122.45,191.55,0.0,1.0
compas,random_forest,race,dpr_violation,0.19999999999999996,0.0,100,0.40485578575144276,0.06418939905867277,0.4096455372498965,0.3157551855323494,0.5152686776714406,0.6454040404040404,0.015949628738644823,0.6961461925815966,0.01561105954896909,314.44,122.45,191.55,0.0,1.0
compas,random_forest,race,dpr_violation,0.20999999999999996,0.01,100,0.40485578575144276,0.06418939905867277,0.4096455372498965,0.3157551855323494,0.5152686776714406,0.6454040404040404,0.015949628738644823,0.6961461925815966,0.01561105954896909,314.44,122.45,191.55,0.0198,0.9802
compas,random_forest,race,dpr_violation,0.21999999999999997,0.01,100,0.40485578575144276,0.06418939905867277,0.4096455372498965,0.3157551855323494,0.5152686776714406,0.6454040404040404,0.015949628738644823,0.6961461925815966,0.01561105954896909,314.44,122.45,191.55,0.0198,0.9802
compas,random_forest,race,dpr_violation,0.22999999999999998,0.01,100,0.40485578575144276,0.06418939905867277,0.4096455372498965,0.3157551855323494,0.5152686776714406,0.6454040404040404,0.015949628738644823,0.6961461925815966,0.01561105954896909,314.44,122.45,191.55,0.0198,0.9802
compas,random_forest,race,dpr_violation,0.24,0.01,100,0.40485578575144276,0.06418939905867277,0.4096455372498965,0.3157551855323494,0.5152686776714406,0.6454040404040404,0.015949628738644823,0.6961461925815966,0.01561105954896909,314.44,122.45,191.55,0.0198,0.9802
compas,random_forest,race,dpr_violation,0.25,0.01,100,0.40485578575144276,0.06418939905867277,0.4096455372498965,0.3157551855323494,0.5152686776714406,0.6454040404040404,0.015949628738644823,0.6961461925815966,0.01561105954896909,314.44,122.45,191.55,0.0198,0.9802
compas,random_forest,race,dpr_violation,0.26,0.01,100,0.40485578575144276,0.06418939905867277,0.4096455372498965,0.3157551855323494,0.5152686776714406,0.6454040404040404,0.015949628738644823,0.6961461925815966,0.01561105954896909,314.44,122.45,191.55,0.0198,0.9802
compas,random_forest,race,dpr_violation,0.27,0.01,100,0.40485578575144276,0.06418939905867277,0.4096455372498965,0.3157551855323494,0.5152686776714406,0.6454040404040404,0.015949628738644823,0.6961461925815966,0.01561105954896909,314.44,122.45,191.55,0.0198,0.9802
compas,random_forest,race,dpr_violation,0.28,0.02,100,0.40485578575144276,0.06418939905867277,0.4096455372498965,0.3157551855323494,0.5152686776714406,0.6454040404040404,0.015949628738644823,0.6961461925815966,0.01561105954896909,314.44,122.45,191.55,0.0392,0.9608
compas,random_forest,race,dpr_violation,0.29000000000000004,0.03,100,0.40485578575144276,0.06418939905867277,0.4096455372498965,0.3157551855323494,0.5152686776714406,0.6454040404040404,0.015949628738644823,0.6961461925815966,0.01561105954896909,314.44,122.45,191.55,0.058199999999999995,0.9418
compas,random_forest,race,dpr_violation,0.30000000000000004,0.05,100,0.40485578575144276,0.06418939905867277,0.4096455372498965,0.3157551855323494,0.5152686776714406,0.6454040404040404,0.015949628738644823,0.6961461925815966,0.01561105954896909,314.44,122.45,191.55,0.095,0.905
compas,random_forest,race,dpr_violation,0.31000000000000005,0.05,100,0.40485578575144276,0.06418939905867277,0.4096455372498965,0.3157551855323494,0.5152686776714406,0.6454040404040404,0.015949628738644823,0.6961461925815966,0.01561105954896909,314.44,122.45,191.55,0.095,0.905
compas,random_forest,race,dpr_violation,0.31999999999999995,0.06,100,0.40485578575144276,0.06418939905867277,0.4096455372498965,0.3157551855323494,0.5152686776714406,0.6454040404040404,0.015949628738644823,0.6961461925815966,0.01561105954896909,314.44,122.45,191.55,0.11279999999999998,0.8872
compas,random_forest,race,dpr_violation,0.32999999999999996,0.09,100,0.40485578575144276,0.06418939905867277,0.4096455372498965,0.3157551855323494,0.5152686776714406,0.6454040404040404,0.015949628738644823,0.6961461925815966,0.01561105954896909,314.44,122.45,191.55,0.1638,0.8362
compas,random_forest,race,dpr_violation,0.33999999999999997,0.16,100,0.40485578575144276,0.06418939905867277,0.4096455372498965,0.3157551855323494,0.5152686776714406,0.6454040404040404,0.015949628738644823,0.6961461925815966,0.01561105954896909,314.44,122.45,191.55,0.2688,0.7312000000000001
compas,random_forest,race,dpr_violation,0.35,0.22,100,0.40485578575144276,0.06418939905867277,0.4096455372498965,0.3157551855323494,0.5152686776714406,0.6454040404040404,0.015949628738644823,0.6961461925815966,0.01561105954896909,314.44,122.45,191.55,0.3432,0.6568
compas,random_forest,race,dpr_violation,0.36,0.25,100,0.40485578575144276,0.06418939905867277,0.4096455372498965,0.3157551855323494,0.5152686776714406,0.6454040404040404,0.015949628738644823,0.6961461925815966,0.01561105954896909,314.44,122.45,191.55,0.375,0.625
compas,random_forest,race,dpr_violation,0.37,0.29,100,0.40485578575144276,0.06418939905867277,0.4096455372498965,0.3157551855323494,0.5152686776714406,0.6454040404040404,0.015949628738644823,0.6961461925815966,0.01561105954896909,314.44,122.45,191.55,0.41179999999999994,0.5882000000000001
compas,random_forest,race,dpr_violation,0.38,0.36,100,0.40485578575144276,0.06418939905867277,0.4096455372498965,0.3157551855323494,0.5152686776714406,0.6454040404040404,0.015949628738644823,0.6961461925815966,0.01561105954896909,314.44,122.45,191.55,0.4608,0.5392
compas,random_forest,race,dpr_violation,0.39,0.43,100,0.40485578575144276,0.06418939905867277,0.4096455372498965,0.3157551855323494,0.5152686776714406,0.6454040404040404,0.015949628738644823,0.6961461925815966,0.01561105954896909,314.44,122.45,191.55,0.4902,0.5098
compas,random_forest,race,dpr_violation,0.4,0.47,100,0.40485578575144276,0.06418939905867277,0.4096455372498965,0.3157551855323494,0.5152686776714406,0.6454040404040404,0.015949628738644823,0.6961461925815966,0.01561105954896909,314.44,122.45,191.55,0.4982,0.5018
compas,random_forest,race,eod_violation,0.0,0.0,100,0.2318929735194552,0.052197493670843795,0.23598477545845964,0.15104654277797772,0.3076427011742966,0.6454040404040404,0.015949628738644823,0.6961461925815966,0.01561105954896909,314.44,122.45,191.55,0.0,1.0
compas,random_forest,race,eod_violation,0.01,0.0,100,0.2318929735194552,0.052197493670843795,0.23598477545845964,0.15104654277797772,0.3076427011742966,0.6454040404040404,0.015949628738644823,0.6961461925815966,0.01561105954896909,314.44,122.45,191.55,0.0,1.0
compas,random_forest,race,eod_violation,0.02,0.0,100,0.2318929735194552,0.052197493670843795,0.23598477545845964,0.15104654277797772,0.3076427011742966,0.6454040404040404,0.015949628738644823,0.6961461925815966,0.01561105954896909,314.44,122.45,191.55,0.0,1.0
compas,random_forest,race,eod_violation,0.03,0.0,100,0.2318929735194552,0.052197493670843795,0.23598477545845964,0.15104654277797772,0.3076427011742966,0.6454040404040404,0.015949628738644823,0.6961461925815966,0.01561105954896909,314.44,122.45,191.55,0.0,1.0
compas,random_forest,race,eod_violation,0.04,0.0,100,0.2318929735194552,0.052197493670843795,0.23598477545845964,0.15104654277797772,0.3076427011742966,0.6454040404040404,0.015949628738644823,0.6961461925815966,0.01561105954896909,314.44,122.45,191.55,0.0,1.0
compas,random_forest,race,eod_violation,0.05,0.0,100,0.2318929735194552,0.052197493670843795,0.23598477545845964,0.15104654277797772,0.3076427011742966,0.6454040404040404,0.015949628738644823,0.6961461925815966,0.01561105954896909,314.44,122.45,191.55,0.0,1.0
compas,random_forest,race,eod_violation,0.06,0.0,100,0.2318929735194552,0.052197493670843795,0.23598477545845964,0.15104654277797772,0.3076427011742966,0.6454040404040404,0.015949628738644823,0.6961461925815966,0.01561105954896909,314.44,122.45,191.55,0.0,1.0
compas,random_forest,race,eod_violation,0.07,0.0,100,0.2318929735194552,0.052197493670843795,0.23598477545845964,0.15104654277797772,0.3076427011742966,0.6454040404040404,0.015949628738644823,0.6961461925815966,0.01561105954896909,314.44,122.45,191.55,0.0,1.0
compas,random_forest,race,eod_violation,0.08,0.0,100,0.2318929735194552,0.052197493670843795,0.23598477545845964,0.15104654277797772,0.3076427011742966,0.6454040404040404,0.015949628738644823,0.6961461925815966,0.01561105954896909,314.44,122.45,191.55,0.0,1.0
compas,random_forest,race,eod_violation,0.09,0.0,100,0.2318929735194552,0.052197493670843795,0.23598477545845964,0.15104654277797772,0.3076427011742966,0.6454040404040404,0.015949628738644823,0.6961461925815966,0.01561105954896909,314.44,122.45,191.55,0.0,1.0
compas,random_forest,race,eod_violation,0.1,0.0,100,0.2318929735194552,0.052197493670843795,0.23598477545845964,0.15104654277797772,0.3076427011742966,0.6454040404040404,0.015949628738644823,0.6961461925815966,0.01561105954896909,314.44,122.45,191.55,0.0,1.0
compas,random_forest,race,eod_violation,0.11,0.0,100,0.2318929735194552,0.052197493670843795,0.23598477545845964,0.15104654277797772,0.3076427011742966,0.6454040404040404,0.015949628738644823,0.6961461925815966,0.01561105954896909,314.44,122.45,191.55,0.0,1.0
compas,random_forest,race,eod_violation,0.12,0.01,100,0.2318929735194552,0.052197493670843795,0.23598477545845964,0.15104654277797772,0.3076427011742966,0.6454040404040404,0.015949628738644823,0.6961461925815966,0.01561105954896909,314.44,122.45,191.55,0.0198,0.9802
compas,random_forest,race,eod_violation,0.13,0.02,100,0.2318929735194552,0.052197493670843795,0.23598477545845964,0.15104654277797772,0.3076427011742966,0.6454040404040404,0.015949628738644823,0.6961461925815966,0.01561105954896909,314.44,122.45,191.55,0.0392,0.9608
compas,random_forest,race,eod_violation,0.14,0.04,100,0.2318929735194552,0.052197493670843795,0.23598477545845964,0.15104654277797772,0.3076427011742966,0.6454040404040404,0.015949628738644823,0.6961461925815966,0.01561105954896909,314.44,122.45,191.55,0.0768,0.9232
compas,random_forest,race,eod_violation,0.15,0.05,100,0.2318929735194552,0.052197493670843795,0.23598477545845964,0.15104654277797772,0.3076427011742966,0.6454040404040404,0.015949628738644823,0.6961461925815966,0.01561105954896909,314.44,122.45,191.55,0.095,0.905
compas,random_forest,race,eod_violation,0.16,0.1,100,0.2318929735194552,0.052197493670843795,0.23598477545845964,0.15104654277797772,0.3076427011742966,0.6454040404040404,0.015949628738644823,0.6961461925815966,0.01561105954896909,314.44,122.45,191.55,0.18000000000000002,0.82
compas,random_forest,race,eod_violation,0.17,0.14,100,0.2318929735194552,0.052197493670843795,0.23598477545845964,0.15104654277797772,0.3076427011742966,0.6454040404040404,0.015949628738644823,0.6961461925815966,0.01561105954896909,314.44,122.45,191.55,0.24080000000000001,0.7592
compas,random_forest,race,eod_violation,0.18,0.17,100,0.2318929735194552,0.052197493670843795,0.23598477545845964,0.15104654277797772,0.3076427011742966,0.6454040404040404,0.015949628738644823,0.6961461925815966,0.01561105954896909,314.44,122.45,191.55,0.2822,0.7178
compas,random_forest,race,eod_violation,0.19,0.24,100,0.2318929735194552,0.052197493670843795,0.23598477545845964,0.15104654277797772,0.3076427011742966,0.6454040404040404,0.015949628738644823,0.6961461925815966,0.01561105954896909,314.44,122.45,191.55,0.3648,0.6352
compas,random_forest,race,eod_violation,0.2,0.28,100,0.2318929735194552,0.052197493670843795,0.23598477545845964,0.15104654277797772,0.3076427011742966,0.6454040404040404,0.015949628738644823,0.6961461925815966,0.01561105954896909,314.44,122.45,191.55,0.4032,0.5968
compas,random_forest,race,eod_violation,0.21,0.32,100,0.2318929735194552,0.052197493670843795,0.23598477545845964,0.15104654277797772,0.3076427011742966,0.6454040404040404,0.015949628738644823,0.6961461925815966,0.01561105954896909,314.44,122.45,191.55,0.4352,0.5648
compas,random_forest,race,eod_violation,0.22,0.4,100,0.2318929735194552,0.052197493670843795,0.23598477545845964,0.15104654277797772,0.3076427011742966,0.6454040404040404,0.015949628738644823,0.6961461925815966,0.01561105954896909,314.44,122.45,191.55,0.48,0.52
compas,random_forest,race,eod_violation,0.23,0.46,100,0.2318929735194552,0.052197493670843795,0.23598477545845964,0.15104654277797772,0.3076427011742966,0.6454040404040404,0.015949628738644823,0.6961461925815966,0.01561105954896909,314.44,122.45,191.55,0.4968000000000001,0.5031999999999999
compas,random_forest,race,eod_violation,0.24,0.55,100,0.2318929735194552,0.052197493670843795,0.23598477545845964,0.15104654277797772,0.3076427011742966,0.6454040404040404,0.015949628738644823,0.6961461925815966,0.01561105954896909,314.44,122.45,191.55,0.495,0.505
compas,random_forest,race,eod_violation,0.25,0.64,100,0.2318929735194552,0.052197493670843795,0.23598477545845964,0.15104654277797772,0.3076427011742966,0.6454040404040404,0.015949628738644823,0.6961461925815966,0.01561105954896909,314.44,122.45,191.55,0.4608,0.5392
compas,random_forest,race,eod_violation,0.26,0.72,100,0.2318929735194552,0.052197493670843795,0.23598477545845964,0.15104654277797772,0.3076427011742966,0.6454040404040404,0.015949628738644823,0.6961461925815966,0.01561105954896909,314.44,122.45,191.55,0.4032,0.5968
compas,random_forest,race,eod_violation,0.27,0.78,100,0.2318929735194552,0.052197493670843795,0.23598477545845964,0.15104654277797772,0.3076427011742966,0.6454040404040404,0.015949628738644823,0.6961461925815966,0.01561105954896909,314.44,122.45,191.55,0.34319999999999995,0.6568
compas,random_forest,race,eod_violation,0.28,0.82,100,0.2318929735194552,0.052197493670843795,0.23598477545845964,0.15104654277797772,0.3076427011742966,0.6454040404040404,0.015949628738644823,0.6961461925815966,0.01561105954896909,314.44,122.45,191.55,0.2952000000000001,0.7047999999999999
compas,random_forest,race,eod_violation,0.29,0.87,100,0.2318929735194552,0.052197493670843795,0.23598477545845964,0.15104654277797772,0.3076427011742966,0.6454040404040404,0.015949628738644823,0.6961461925815966,0.01561105954896909,314.44,122.45,191.55,0.2262,0.7738
compas,random_forest,race,eod_violation,0.3,0.92,100,0.2318929735194552,0.052197493670843795,0.23598477545845964,0.15104654277797772,0.3076427011742966,0.6454040404040404,0.015949628738644823,0.6961461925815966,0.01561105954896909,314.44,122.45,191.55,0.14719999999999994,0.8528
compas,random_forest,race,equalized_odds_violation,0.0,0.0,100,0.23229534319567663,0.051775261730821774,0.23598477545845964,0.15104654277797772,0.3076427011742966,0.6454040404040404,0.015949628738644823,0.6961461925815966,0.01561105954896909,314.44,122.45,191.55,0.0,1.0
compas,random_forest,race,equalized_odds_violation,0.01,0.0,100,0.23229534319567663,0.051775261730821774,0.23598477545845964,0.15104654277797772,0.3076427011742966,0.6454040404040404,0.015949628738644823,0.6961461925815966,0.01561105954896909,314.44,122.45,191.55,0.0,1.0
compas,random_forest,race,equalized_odds_violation,0.02,0.0,100,0.23229534319567663,0.051775261730821774,0.23598477545845964,0.15104654277797772,0.3076427011742966,0.6454040404040404,0.015949628738644823,0.6961461925815966,0.01561105954896909,314.44,122.45,191.55,0.0,1.0
compas,random_forest,race,equalized_odds_violation,0.03,0.0,100,0.23229534319567663,0.051775261730821774,0.23598477545845964,0.15104654277797772,0.3076427011742966,0.6454040404040404,0.015949628738644823,0.6961461925815966,0.01561105954896909,314.44,122.45,191.55,0.0,1.0
compas,random_forest,race,equalized_odds_violation,0.04,0.0,100,0.23229534319567663,0.051775261730821774,0.23598477545845964,0.15104654277797772,0.3076427011742966,0.6454040404040404,0.015949628738644823,0.6961461925815966,0.01561105954896909,314.44,122.45,191.55,0.0,1.0
compas,random_forest,race,equalized_odds_violation,0.05,0.0,100,0.23229534319567663,0.051775261730821774,0.23598477545845964,0.15104654277797772,0.3076427011742966,0.6454040404040404,0.015949628738644823,0.6961461925815966,0.01561105954896909,314.44,122.45,191.55,0.0,1.0
compas,random_forest,race,equalized_odds_violation,0.06,0.0,100,0.23229534319567663,0.051775261730821774,0.23598477545845964,0.15104654277797772,0.3076427011742966,0.6454040404040404,0.015949628738644823,0.6961461925815966,0.01561105954896909,314.44,122.45,191.55,0.0,1.0
compas,random_forest,race,equalized_odds_violation,0.07,0.0,100,0.23229534319567663,0.051775261730821774,0.23598477545845964,0.15104654277797772,0.3076427011742966,0.6454040404040404,0.015949628738644823,0.6961461925815966,0.01561105954896909,314.44,122.45,191.55,0.0,1.0
compas,random_forest,race,equalized_odds_violation,0.08,0.0,100,0.23229534319567663,0.051775261730821774,0.23598477545845964,0.15104654277797772,0.3076427011742966,0.6454040404040404,0.015949628738644823,0.6961461925815966,0.01561105954896909,314.44,122.45,191.55,0.0,1.0
compas,random_forest,race,equalized_odds_violation,0.09,0.0,100,0.23229534319567663,0.051775261730821774,0.23598477545845964,0.15104654277797772,0.3076427011742966,0.6454040404040404,0.015949628738644823,0.6961461925815966,0.01561105954896909,314.44,122.45,191.55,0.0,1.0
compas,random_forest,race,equalized_odds_violation,0.1,0.0,100,0.23229534319567663,0.051775261730821774,0.23598477545845964,0.15104654277797772,0.3076427011742966,0.6454040404040404,0.015949628738644823,0.6961461925815966,0.01561105954896909,314.44,122.45,191.55,0.0,1.0
compas,random_forest,race,equalized_odds_violation,0.11,0.0,100,0.23229534319567663,0.051775261730821774,0.23598477545845964,0.15104654277797772,0.3076427011742966,0.6454040404040404,0.015949628738644823,0.6961461925815966,0.01561105954896909,314.44,122.45,191.55,0.0,1.0
compas,random_forest,race,equalized_odds_violation,0.12,0.01,100,0.23229534319567663,0.051775261730821774,0.23598477545845964,0.15104654277797772,0.3076427011742966,0.6454040404040404,0.015949628738644823,0.6961461925815966,0.01561105954896909,314.44,122.45,191.55,0.0198,0.9802
compas,random_forest,race,equalized_odds_violation,0.13,0.02,100,0.23229534319567663,0.051775261730821774,0.23598477545845964,0.15104654277797772,0.3076427011742966,0.6454040404040404,0.015949628738644823,0.6961461925815966,0.01561105954896909,314.44,122.45,191.55,0.0392,0.9608
compas,random_forest,race,equalized_odds_violation,0.14,0.04,100,0.23229534319567663,0.051775261730821774,0.23598477545845964,0.15104654277797772,0.3076427011742966,0.6454040404040404,0.015949628738644823,0.6961461925815966,0.01561105954896909,314.44,122.45,191.55,0.0768,0.9232
compas,random_forest,race,equalized_odds_violation,0.15,0.05,100,0.23229534319567663,0.051775261730821774,0.23598477545845964,0.15104654277797772,0.3076427011742966,0.6454040404040404,0.015949628738644823,0.6961461925815966,0.01561105954896909,314.44,122.45,191.55,0.095,0.905
compas,random_forest,race,equalized_odds_violation,0.16,0.09,100,0.23229534319567663,0.051775261730821774,0.23598477545845964,0.15104654277797772,0.3076427011742966,0.6454040404040404,0.015949628738644823,0.6961461925815966,0.01561105954896909,314.44,122.45,191.55,0.1638,0.8362
compas,random_forest,race,equalized_odds_violation,0.17,0.13,100,0.23229534319567663,0.051775261730821774,0.23598477545845964,0.15104654277797772,0.3076427011742966,0.6454040404040404,0.015949628738644823,0.6961461925815966,0.01561105954896909,314.44,122.45,191.55,0.2262,0.7738
compas,random_forest,race,equalized_odds_violation,0.18,0.16,100,0.23229534319567663,0.051775261730821774,0.23598477545845964,0.15104654277797772,0.3076427011742966,0.6454040404040404,0.015949628738644823,0.6961461925815966,0.01561105954896909,314.44,122.45,191.55,0.2688,0.7312000000000001
compas,random_forest,race,equalized_odds_violation,0.19,0.22,100,0.23229534319567663,0.051775261730821774,0.23598477545845964,0.15104654277797772,0.3076427011742966,0.6454040404040404,0.015949628738644823,0.6961461925815966,0.01561105954896909,314.44,122.45,191.55,0.3432,0.6568
compas,random_forest,race,equalized_odds_violation,0.2,0.28,100,0.23229534319567663,0.051775261730821774,0.23598477545845964,0.15104654277797772,0.3076427011742966,0.6454040404040404,0.015949628738644823,0.6961461925815966,0.01561105954896909,314.44,122.45,191.55,0.4032,0.5968
compas,random_forest,race,equalized_odds_violation,0.21,0.32,100,0.23229534319567663,0.051775261730821774,0.23598477545845964,0.15104654277797772,0.3076427011742966,0.6454040404040404,0.015949628738644823,0.6961461925815966,0.01561105954896909,314.44,122.45,191.55,0.4352,0.5648
compas,random_forest,race,equalized_odds_violation,0.22,0.4,100,0.23229534319567663,0.051775261730821774,0.23598477545845964,0.15104654277797772,0.3076427011742966,0.6454040404040404,0.015949628738644823,0.6961461925815966,0.01561105954896909,314.44,122.45,191.55,0.48,0.52
compas,random_forest,race,equalized_odds_violation,0.23,0.46,100,0.23229534319567663,0.051775261730821774,0.23598477545845964,0.15104654277797772,0.3076427011742966,0.6454040404040404,0.015949628738644823,0.6961461925815966,0.01561105954896909,314.44,122.45,191.55,0.4968000000000001,0.5031999999999999
compas,random_forest,race,equalized_odds_violation,0.24,0.55,100,0.23229534319567663,0.051775261730821774,0.23598477545845964,0.15104654277797772,0.3076427011742966,0.6454040404040404,0.015949628738644823,0.6961461925815966,0.01561105954896909,314.44,122.45,191.55,0.495,0.505
compas,random_forest,race,equalized_odds_violation,0.25,0.64,100,0.23229534319567663,0.051775261730821774,0.23598477545845964,0.15104654277797772,0.3076427011742966,0.6454040404040404,0.015949628738644823,0.6961461925815966,0.01561105954896909,314.44,122.45,191.55,0.4608,0.5392
compas,random_forest,race,equalized_odds_violation,0.26,0.72,100,0.23229534319567663,0.051775261730821774,0.23598477545845964,0.15104654277797772,0.3076427011742966,0.6454040404040404,0.015949628738644823,0.6961461925815966,0.01561105954896909,314.44,122.45,191.55,0.4032,0.5968
compas,random_forest,race,equalized_odds_violation,0.27,0.78,100,0.23229534319567663,0.051775261730821774,0.23598477545845964,0.15104654277797772,0.3076427011742966,0.6454040404040404,0.015949628738644823,0.6961461925815966,0.01561105954896909,314.44,122.45,191.55,0.34319999999999995,0.6568
compas,random_forest,race,equalized_odds_violation,0.28,0.82,100,0.23229534319567663,0.051775261730821774,0.23598477545845964,0.15104654277797772,0.3076427011742966,0.6454040404040404,0.015949628738644823,0.6961461925815966,0.01561105954896909,314.44,122.45,191.55,0.2952000000000001,0.7047999999999999
compas,random_forest,race,equalized_odds_violation,0.29,0.87,100,0.23229534319567663,0.051775261730821774,0.23598477545845964,0.15104654277797772,0.3076427011742966,0.6454040404040404,0.015949628738644823,0.6961461925815966,0.01561105954896909,314.44,122.45,191.55,0.2262,0.7738
compas,random_forest,race,equalized_odds_violation,0.3,0.92,100,0.23229534319567663,0.051775261730821774,0.23598477545845964,0.15104654277797772,0.3076427011742966,0.6454040404040404,0.015949628738644823,0.6961461925815966,0.01561105954896909,314.44,122.45,191.55,0.14719999999999994,0.8528
compas,random_forest,sex,dpd_violation,0.0,0.0,100,0.20433353840513174,0.0442972848117044,0.2107889003017329,0.12594936708860754,0.2724145925953355,0.6454040404040404,0.015949628738644823,0.6961461925815966,0.01561105954896909,155.49,55.6,99.89,0.0,1.0
compas,random_forest,sex,dpd_violation,0.01,0.0,100,0.20433353840513174,0.0442972848117044,0.2107889003017329,0.12594936708860754,0.2724145925953355,0.6454040404040404,0.015949628738644823,0.6961461925815966,0.01561105954896909,155.49,55.6,99.89,0.0,1.0
compas,random_forest,sex,dpd_violation,0.02,0.0,100,0.20433353840513174,0.0442972848117044,0.2107889003017329,0.12594936708860754,0.2724145925953355,0.6454040404040404,0.015949628738644823,0.6961461925815966,0.01561105954896909,155.49,55.6,99.89,0.0,1.0
compas,random_forest,sex,dpd_violation,0.03,0.0,100,0.20433353840513174,0.0442972848117044,0.2107889003017329,0.12594936708860754,0.2724145925953355,0.6454040404040404,0.015949628738644823,0.6961461925815966,0.01561105954896909,155.49,55.6,99.89,0.0,1.0
compas,random_forest,sex,dpd_violation,0.04,0.0,100,0.20433353840513174,0.0442972848117044,0.2107889003017329,0.12594936708860754,0.2724145925953355,0.6454040404040404,0.015949628738644823,0.6961461925815966,0.01561105954896909,155.49,55.6,99.89,0.0,1.0
compas,random_forest,sex,dpd_violation,0.05,0.0,100,0.20433353840513174,0.0442972848117044,0.2107889003017329,0.12594936708860754,0.2724145925953355,0.6454040404040404,0.015949628738644823,0.6961461925815966,0.01561105954896909,155.49,55.6,99.89,0.0,1.0
compas,random_forest,sex,dpd_violation,0.06,0.0,100,0.20433353840513174,0.0442972848117044,0.2107889003017329,0.12594936708860754,0.2724145925953355,0.6454040404040404,0.015949628738644823,0.6961461925815966,0.01561105954896909,155.49,55.6,99.89,0.0,1.0
compas,random_forest,sex,dpd_violation,0.07,0.01,100,0.20433353840513174,0.0442972848117044,0.2107889003017329,0.12594936708860754,0.2724145925953355,0.6454040404040404,0.015949628738644823,0.6961461925815966,0.01561105954896909,155.49,55.6,99.89,0.0198,0.9802
compas,random_forest,sex,dpd_violation,0.08,0.01,100,0.20433353840513174,0.0442972848117044,0.2107889003017329,0.12594936708860754,0.2724145925953355,0.6454040404040404,0.015949628738644823,0.6961461925815966,0.01561105954896909,155.49,55.6,99.89,0.0198,0.9802
compas,random_forest,sex,dpd_violation,0.09,0.01,100,0.20433353840513174,0.0442972848117044,0.2107889003017329,0.12594936708860754,0.2724145925953355,0.6454040404040404,0.015949628738644823,0.6961461925815966,0.01561105954896909,155.49,55.6,99.89,0.0198,0.9802
compas,random_forest,sex,dpd_violation,0.1,0.01,100,0.20433353840513174,0.0442972848117044,0.2107889003017329,0.12594936708860754,0.2724145925953355,0.6454040404040404,0.015949628738644823,0.6961461925815966,0.01561105954896909,155.49,55.6,99.89,0.0198,0.9802
compas,random_forest,sex,dpd_violation,0.11,0.01,100,0.20433353840513174,0.0442972848117044,0.2107889003017329,0.12594936708860754,0.2724145925953355,0.6454040404040404,0.015949628738644823,0.6961461925815966,0.01561105954896909,155.49,55.6,99.89,0.0198,0.9802
compas,random_forest,sex,dpd_violation,0.12,0.04,100,0.20433353840513174,0.0442972848117044,0.2107889003017329,0.12594936708860754,0.2724145925953355,0.6454040404040404,0.015949628738644823,0.6961461925815966,0.01561105954896909,155.49,55.6,99.89,0.0768,0.9232
compas,random_forest,sex,dpd_violation,0.13,0.06,100,0.20433353840513174,0.0442972848117044,0.2107889003017329,0.12594936708860754,0.2724145925953355,0.6454040404040404,0.015949628738644823,0.6961461925815966,0.01561105954896909,155.49,55.6,99.89,0.11279999999999998,0.8872
compas,random_forest,sex,dpd_violation,0.14,0.07,100,0.20433353840513174,0.0442972848117044,0.2107889003017329,0.12594936708860754,0.2724145925953355,0.6454040404040404,0.015949628738644823,0.6961461925815966,0.01561105954896909,155.49,55.6,99.89,0.1302,0.8698
compas,random_forest,sex,dpd_violation,0.15,0.11,100,0.20433353840513174,0.0442972848117044,0.2107889003017329,0.12594936708860754,0.2724145925953355,0.6454040404040404,0.015949628738644823,0.6961461925815966,0.01561105954896909,155.49,55.6,99.89,0.1958,0.8042
compas,random_forest,sex,dpd_violation,0.16,0.15,100,0.20433353840513174,0.0442972848117044,0.2107889003017329,0.12594936708860754,0.2724145925953355,0.6454040404040404,0.015949628738644823,0.6961461925815966,0.01561105954896909,155.49,55.6,99.89,0.255,0.745
compas,random_forest,sex,dpd_violation,0.17,0.2,100,0.20433353840513174,0.0442972848117044,0.2107889003017329,0.12594936708860754,0.2724145925953355,0.6454040404040404,0.015949628738644823,0.6961461925815966,0.01561105954896909,155.49,55.6,99.89,0.32000000000000006,0.6799999999999999
compas,random_forest,sex,dpd_violation,0.18,0.31,100,0.20433353840513174,0.0442972848117044,0.2107889003017329,0.12594936708860754,0.2724145925953355,0.6454040404040404,0.015949628738644823,0.6961461925815966,0.01561105954896909,155.49,55.6,99.89,0.42779999999999996,0.5722
compas,random_forest,sex,dpd_violation,0.19,0.39,100,0.20433353840513174,0.0442972848117044,0.2107889003017329,0.12594936708860754,0.2724145925953355,0.6454040404040404,0.015949628738644823,0.6961461925815966,0.01561105954896909,155.49,55.6,99.89,0.4758,0.5242
compas,random_forest,sex,dpd_violation,0.2,0.42,100,0.20433353840513174,0.0442972848117044,0.2107889003017329,0.12594936708860754,0.2724145925953355,0.6454040404040404,0.015949628738644823,0.6961461925815966,0.01561105954896909,155.49,55.6,99.89,0.4872,0.5127999999999999
compas,random_forest,sex,dpd_violation,0.21,0.5,100,0.20433353840513174,0.0442972848117044,0.2107889003017329,0.12594936708860754,0.2724145925953355,0.6454040404040404,0.015949628738644823,0.6961461925815966,0.01561105954896909,155.49,55.6,99.89,0.5,0.5
compas,random_forest,sex,dpd_violation,0.22,0.63,100,0.20433353840513174,0.0442972848117044,0.2107889003017329,0.12594936708860754,0.2724145925953355,0.6454040404040404,0.015949628738644823,0.6961461925815966,0.01561105954896909,155.49,55.6,99.89,0.4662,0.5338
compas,random_forest,sex,dpd_violation,0.23,0.71,100,0.20433353840513174,0.0442972848117044,0.2107889003017329,0.12594936708860754,0.2724145925953355,0.6454040404040404,0.015949628738644823,0.6961461925815966,0.01561105954896909,155.49,55.6,99.89,0.41180000000000005,0.5882
compas,random_forest,sex,dpd_violation,0.24,0.79,100,0.20433353840513174,0.0442972848117044,0.2107889003017329,0.12594936708860754,0.2724145925953355,0.6454040404040404,0.015949628738644823,0.6961461925815966,0.01561105954896909,155.49,55.6,99.89,0.3318,0.6682
compas,random_forest,sex,dpd_violation,0.25,0.87,100,0.20433353840513174,0.0442972848117044,0.2107889003017329,0.12594936708860754,0.2724145925953355,0.6454040404040404,0.015949628738644823,0.6961461925815966,0.01561105954896909,155.49,55.6,99.89,0.2262,0.7738
compas,random_forest,sex,dpd_violation,0.26,0.93,100,0.20433353840513174,0.0442972848117044,0.2107889003017329,0.12594936708860754,0.2724145925953355,0.6454040404040404,0.015949628738644823,0.6961461925815966,0.01561105954896909,155.49,55.6,99.89,0.13019999999999993,0.8698000000000001
compas,random_forest,sex,dpd_violation,0.27,0.94,100,0.20433353840513174,0.0442972848117044,0.2107889003017329,0.12594936708860754,0.2724145925953355,0.6454040404040404,0.015949628738644823,0.6961461925815966,0.01561105954896909,155.49,55.6,99.89,0.1128000000000001,0.8871999999999999
compas,random_forest,sex,dpd_violation,0.28,0.96,100,0.20433353840513174,0.0442972848117044,0.2107889003017329,0.12594936708860754,0.2724145925953355,0.6454040404040404,0.015949628738644823,0.6961461925815966,0.01561105954896909,155.49,55.6,99.89,0.07680000000000006,0.9231999999999999
compas,random_forest,sex,dpd_violation,0.29,0.99,100,0.20433353840513174,0.0442972848117044,0.2107889003017329,0.12594936708860754,0.2724145925953355,0.6454040404040404,0.015949628738644823,0.6961461925815966,0.01561105954896909,155.49,55.6,99.89,0.01980000000000002,0.9802
compas,random_forest,sex,dpd_violation,0.3,0.99,100,0.20433353840513174,0.0442972848117044,0.2107889003017329,0.12594936708860754,0.2724145925953355,0.6454040404040404,0.015949628738644823,0.6961461925815966,0.01561105954896909,155.49,55.6,99.89,0.01980000000000002,0.9802
compas,random_forest,sex,dpr_violation,0.0,0.0,100,0.41999777506684166,0.0820062188242476,0.43226288022824755,0.27176348474719386,0.5353959199244951,0.6454040404040404,0.015949628738644823,0.6961461925815966,0.01561105954896909,155.49,55.6,99.89,0.0,1.0
compas,random_forest,sex,dpr_violation,0.010000000000000009,0.0,100,0.41999777506684166,0.0820062188242476,0.43226288022824755,0.27176348474719386,0.5353959199244951,0.6454040404040404,0.015949628738644823,0.6961461925815966,0.01561105954896909,155.49,55.6,99.89,0.0,1.0
compas,random_forest,sex,dpr_violation,0.020000000000000018,0.0,100,0.41999777506684166,0.0820062188242476,0.43226288022824755,0.27176348474719386,0.5353959199244951,0.6454040404040404,0.015949628738644823,0.6961461925815966,0.01561105954896909,155.49,55.6,99.89,0.0,1.0
compas,random_forest,sex,dpr_violation,0.030000000000000027,0.0,100,0.41999777506684166,0.0820062188242476,0.43226288022824755,0.27176348474719386,0.5353959199244951,0.6454040404040404,0.015949628738644823,0.6961461925815966,0.01561105954896909,155.49,55.6,99.89,0.0,1.0
compas,random_forest,sex,dpr_violation,0.040000000000000036,0.0,100,0.41999777506684166,0.0820062188242476,0.43226288022824755,0.27176348474719386,0.5353959199244951,0.6454040404040404,0.015949628738644823,0.6961461925815966,0.01561105954896909,155.49,55.6,99.89,0.0,1.0
compas,random_forest,sex,dpr_violation,0.050000000000000044,0.0,100,0.41999777506684166,0.0820062188242476,0.43226288022824755,0.27176348474719386,0.5353959199244951,0.6454040404040404,0.015949628738644823,0.6961461925815966,0.01561105954896909,155.49,55.6,99.89,0.0,1.0
compas,random_forest,sex,dpr_violation,0.06000000000000005,0.0,100,0.41999777506684166,0.0820062188242476,0.43226288022824755,0.27176348474719386,0.5353959199244951,0.6454040404040404,0.015949628738644823,0.6961461925815966,0.01561105954896909,155.49,55.6,99.89,0.0,1.0
compas,random_forest,sex,dpr_violation,0.06999999999999995,0.0,100,0.41999777506684166,0.0820062188242476,0.43226288022824755,0.27176348474719386,0.5353959199244951,0.6454040404040404,0.015949628738644823,0.6961461925815966,0.01561105954896909,155.49,55.6,99.89,0.0,1.0
compas,random_forest,sex,dpr_violation,0.07999999999999996,0.0,100,0.41999777506684166,0.0820062188242476,0.43226288022824755,0.27176348474719386,0.5353959199244951,0.6454040404040404,0.015949628738644823,0.6961461925815966,0.01561105954896909,155.49,55.6,99.89,0.0,1.0
compas,random_forest,sex,dpr_violation,0.08999999999999997,0.0,100,0.41999777506684166,0.0820062188242476,0.43226288022824755,0.27176348474719386,0.5353959199244951,0.6454040404040404,0.015949628738644823,0.6961461925815966,0.01561105954896909,155.49,55.6,99.89,0.0,1.0
compas,random_forest,sex,dpr_violation,0.09999999999999998,0.0,100,0.41999777506684166,0.0820062188242476,0.43226288022824755,0.27176348474719386,0.5353959199244951,0.6454040404040404,0.015949628738644823,0.6961461925815966,0.01561105954896909,155.49,55.6,99.89,0.0,1.0
compas,random_forest,sex,dpr_violation,0.10999999999999999,0.0,100,0.41999777506684166,0.0820062188242476,0.43226288022824755,0.27176348474719386,0.5353959199244951,0.6454040404040404,0.015949628738644823,0.6961461925815966,0.01561105954896909,155.49,55.6,99.89,0.0,1.0
compas,random_forest,sex,dpr_violation,0.12,0.0,100,0.41999777506684166,0.0820062188242476,0.43226288022824755,0.27176348474719386,0.5353959199244951,0.6454040404040404,0.015949628738644823,0.6961461925815966,0.01561105954896909,155.49,55.6,99.89,0.0,1.0
compas,random_forest,sex,dpr_violation,0.13,0.0,100,0.41999777506684166,0.0820062188242476,0.43226288022824755,0.27176348474719386,0.5353959199244951,0.6454040404040404,0.015949628738644823,0.6961461925815966,0.01561105954896909,155.49,55.6,99.89,0.0,1.0
compas,random_forest,sex,dpr_violation,0.14,0.0,100,0.41999777506684166,0.0820062188242476,0.43226288022824755,0.27176348474719386,0.5353959199244951,0.6454040404040404,0.015949628738644823,0.6961461925815966,0.01561105954896909,155.49,55.6,99.89,0.0,1.0
compas,random_forest,sex,dpr_violation,0.15000000000000002,0.01,100,0.41999777506684166,0.0820062188242476,0.43226288022824755,0.27176348474719386,0.5353959199244951,0.6454040404040404,0.015949628738644823,0.6961461925815966,0.01561105954896909,155.49,55.6,99.89,0.0198,0.9802
compas,random_forest,sex,dpr_violation,0.16000000000000003,0.01,100,0.41999777506684166,0.0820062188242476,0.43226288022824755,0.27176348474719386,0.5353959199244951,0.6454040404040404,0.015949628738644823,0.6961461925815966,0.01561105954896909,155.49,55.6,99.89,0.0198,0.9802
compas,random_forest,sex,dpr_violation,0.17000000000000004,0.01,100,0.41999777506684166,0.0820062188242476,0.43226288022824755,0.27176348474719386,0.5353959199244951,0.6454040404040404,0.015949628738644823,0.6961461925815966,0.01561105954896909,155.49,55.6,99.89,0.0198,0.9802
compas,random_forest,sex,dpr_violation,0.18000000000000005,0.01,100,0.41999777506684166,0.0820062188242476,0.43226288022824755,0.27176348474719386,0.5353959199244951,0.6454040404040404,0.015949628738644823,0.6961461925815966,0.01561105954896909,155.49,55.6,99.89,0.0198,0.9802
compas,random_forest,sex,dpr_violation,0.18999999999999995,0.01,100,0.41999777506684166,0.0820062188242476,0.43226288022824755,0.27176348474719386,0.5353959199244951,0.6454040404040404,0.015949628738644823,0.6961461925815966,0.01561105954896909,155.49,55.6,99.89,0.0198,0.9802
compas,random_forest,sex,dpr_violation,0.19999999999999996,0.01,100,0.41999777506684166,0.0820062188242476,0.43226288022824755,0.27176348474719386,0.5353959199244951,0.6454040404040404,0.015949628738644823,0.6961461925815966,0.01561105954896909,155.49,55.6,99.89,0.0198,0.9802
compas,random_forest,sex,dpr_violation,0.20999999999999996,0.01,100,0.41999777506684166,0.0820062188242476,0.43226288022824755,0.27176348474719386,0.5353959199244951,0.6454040404040404,0.015949628738644823,0.6961461925815966,0.01561105954896909,155.49,55.6,99.89,0.0198,0.9802
compas,random_forest,sex,dpr_violation,0.21999999999999997,0.01,100,0.41999777506684166,0.0820062188242476,0.43226288022824755,0.27176348474719386,0.5353959199244951,0.6454040404040404,0.015949628738644823,0.6961461925815966,0.01561105954896909,155.49,55.6,99.89,0.0198,0.9802
compas,random_forest,sex,dpr_violation,0.22999999999999998,0.01,100,0.41999777506684166,0.0820062188242476,0.43226288022824755,0.27176348474719386,0.5353959199244951,0.6454040404040404,0.015949628738644823,0.6961461925815966,0.01561105954896909,155.49,55.6,99.89,0.0198,0.9802
compas,random_forest,sex,dpr_violation,0.24,0.02,100,0.41999777506684166,0.0820062188242476,0.43226288022824755,0.27176348474719386,0.5353959199244951,0.6454040404040404,0.015949628738644823,0.6961461925815966,0.01561105954896909,155.49,55.6,99.89,0.0392,0.9608
compas,random_forest,sex,dpr_violation,0.25,0.02,100,0.41999777506684166,0.0820062188242476,0.43226288022824755,0.27176348474719386,0.5353959199244951,0.6454040404040404,0.015949628738644823,0.6961461925815966,0.01561105954896909,155.49,55.6,99.89,0.0392,0.9608
compas,random_forest,sex,dpr_violation,0.26,0.03,100,0.41999777506684166,0.0820062188242476,0.43226288022824755,0.27176348474719386,0.5353959199244951,0.6454040404040404,0.015949628738644823,0.6961461925815966,0.01561105954896909,155.49,55.6,99.89,0.058199999999999995,0.9418
compas,random_forest,sex,dpr_violation,0.27,0.05,100,0.41999777506684166,0.0820062188242476,0.43226288022824755,0.27176348474719386,0.5353959199244951,0.6454040404040404,0.015949628738644823,0.6961461925815966,0.01561105954896909,155.49,55.6,99.89,0.095,0.905
compas,random_forest,sex,dpr_violation,0.28,0.06,100,0.41999777506684166,0.0820062188242476,0.43226288022824755,0.27176348474719386,0.5353959199244951,0.6454040404040404,0.015949628738644823,0.6961461925815966,0.01561105954896909,155.49,55.6,99.89,0.11279999999999998,0.8872
compas,random_forest,sex,dpr_violation,0.29000000000000004,0.06,100,0.41999777506684166,0.0820062188242476,0.43226288022824755,0.27176348474719386,0.5353959199244951,0.6454040404040404,0.015949628738644823,0.6961461925815966,0.01561105954896909,155.49,55.6,99.89,0.11279999999999998,0.8872
compas,random_forest,sex,dpr_violation,0.30000000000000004,0.08,100,0.41999777506684166,0.0820062188242476,0.43226288022824755,0.27176348474719386,0.5353959199244951,0.6454040404040404,0.015949628738644823,0.6961461925815966,0.01561105954896909,155.49,55.6,99.89,0.1472,0.8528
compas,random_forest,sex,dpr_violation,0.31000000000000005,0.09,100,0.41999777506684166,0.0820062188242476,0.43226288022824755,0.27176348474719386,0.5353959199244951,0.6454040404040404,0.015949628738644823,0.6961461925815966,0.01561105954896909,155.49,55.6,99.89,0.1638,0.8362
compas,random_forest,sex,dpr_violation,0.31999999999999995,0.11,100,0.41999777506684166,0.0820062188242476,0.43226288022824755,0.27176348474719386,0.5353959199244951,0.6454040404040404,0.015949628738644823,0.6961461925815966,0.01561105954896909,155.49,55.6,99.89,0.1958,0.8042
compas,random_forest,sex,dpr_violation,0.32999999999999996,0.13,100,0.41999777506684166,0.0820062188242476,0.43226288022824755,0.27176348474719386,0.5353959199244951,0.6454040404040404,0.015949628738644823,0.6961461925815966,0.01561105954896909,155.49,55.6,99.89,0.2262,0.7738
compas,random_forest,sex,dpr_violation,0.33999999999999997,0.15,100,0.41999777506684166,0.0820062188242476,0.43226288022824755,0.27176348474719386,0.5353959199244951,0.6454040404040404,0.015949628738644823,0.6961461925815966,0.01561105954896909,155.49,55.6,99.89,0.255,0.745
compas,random_forest,sex,dpr_violation,0.35,0.18,100,0.41999777506684166,0.0820062188242476,0.43226288022824755,0.27176348474719386,0.5353959199244951,0.6454040404040404,0.015949628738644823,0.6961461925815966,0.01561105954896909,155.49,55.6,99.89,0.2952,0.7048
compas,random_forest,sex,dpr_violation,0.36,0.23,100,0.41999777506684166,0.0820062188242476,0.43226288022824755,0.27176348474719386,0.5353959199244951,0.6454040404040404,0.015949628738644823,0.6961461925815966,0.01561105954896909,155.49,55.6,99.89,0.3542,0.6457999999999999
compas,random_forest,sex,dpr_violation,0.37,0.29,100,0.41999777506684166,0.0820062188242476,0.43226288022824755,0.27176348474719386,0.5353959199244951,0.6454040404040404,0.015949628738644823,0.6961461925815966,0.01561105954896909,155.49,55.6,99.89,0.41179999999999994,0.5882000000000001
compas,random_forest,sex,dpr_violation,0.38,0.33,100,0.41999777506684166,0.0820062188242476,0.43226288022824755,0.27176348474719386,0.5353959199244951,0.6454040404040404,0.015949628738644823,0.6961461925815966,0.01561105954896909,155.49,55.6,99.89,0.4422,0.5578000000000001
compas,random_forest,sex,dpr_violation,0.39,0.34,100,0.41999777506684166,0.0820062188242476,0.43226288022824755,0.27176348474719386,0.5353959199244951,0.6454040404040404,0.015949628738644823,0.6961461925815966,0.01561105954896909,155.49,55.6,99.89,0.4488,0.5512
compas,random_forest,sex,dpr_violation,0.4,0.38,100,0.41999777506684166,0.0820062188242476,0.43226288022824755,0.27176348474719386,0.5353959199244951,0.6454040404040404,0.015949628738644823,0.6961461925815966,0.01561105954896909,155.49,55.6,99.89,0.4712,0.5287999999999999
compas,random_forest,sex,eod_violation,0.0,0.0,100,0.18666937819953755,0.06900340196973549,0.18269558856187373,0.07239182590618472,0.302919278391193,0.6454040404040404,0.015949628738644823,0.6961461925815966,0.01561105954896909,155.49,55.6,99.89,0.0,1.0
compas,random_forest,sex,eod_violation,0.01,0.0,100,0.18666937819953755,0.06900340196973549,0.18269558856187373,0.07239182590618472,0.302919278391193,0.6454040404040404,0.015949628738644823,0.6961461925815966,0.01561105954896909,155.49,55.6,99.89,0.0,1.0
compas,random_forest,sex,eod_violation,0.02,0.0,100,0.18666937819953755,0.06900340196973549,0.18269558856187373,0.07239182590618472,0.302919278391193,0.6454040404040404,0.015949628738644823,0.6961461925815966,0.01561105954896909,155.49,55.6,99.89,0.0,1.0
compas,random_forest,sex,eod_violation,0.03,0.01,100,0.18666937819953755,0.06900340196973549,0.18269558856187373,0.07239182590618472,0.302919278391193,0.6454040404040404,0.015949628738644823,0.6961461925815966,0.01561105954896909,155.49,55.6,99.89,0.0198,0.9802
compas,random_forest,sex,eod_violation,0.04,0.01,100,0.18666937819953755,0.06900340196973549,0.18269558856187373,0.07239182590618472,0.302919278391193,0.6454040404040404,0.015949628738644823,0.6961461925815966,0.01561105954896909,155.49,55.6,99.89,0.0198,0.9802
compas,random_forest,sex,eod_violation,0.05,0.02,100,0.18666937819953755,0.06900340196973549,0.18269558856187373,0.07239182590618472,0.302919278391193,0.6454040404040404,0.015949628738644823,0.6961461925815966,0.01561105954896909,155.49,55.6,99.89,0.0392,0.9608
compas,random_forest,sex,eod_violation,0.06,0.04,100,0.18666937819953755,0.06900340196973549,0.18269558856187373,0.07239182590618472,0.302919278391193,0.6454040404040404,0.015949628738644823,0.6961461925815966,0.01561105954896909,155.49,55.6,99.89,0.0768,0.9232
compas,random_forest,sex,eod_violation,0.07,0.05,100,0.18666937819953755,0.06900340196973549,0.18269558856187373,0.07239182590618472,0.302919278391193,0.6454040404040404,0.015949628738644823,0.6961461925815966,0.01561105954896909,155.49,55.6,99.89,0.095,0.905
compas,random_forest,sex,eod_violation,0.08,0.07,100,0.18666937819953755,0.06900340196973549,0.18269558856187373,0.07239182590618472,0.302919278391193,0.6454040404040404,0.015949628738644823,0.6961461925815966,0.01561105954896909,155.49,55.6,99.89,0.1302,0.8698
compas,random_forest,sex,eod_violation,0.09,0.08,100,0.18666937819953755,0.06900340196973549,0.18269558856187373,0.07239182590618472,0.302919278391193,0.6454040404040404,0.015949628738644823,0.6961461925815966,0.01561105954896909,155.49,55.6,99.89,0.1472,0.8528
compas,random_forest,sex,eod_violation,0.1,0.1,100,0.18666937819953755,0.06900340196973549,0.18269558856187373,0.07239182590618472,0.302919278391193,0.6454040404040404,0.015949628738644823,0.6961461925815966,0.01561105954896909,155.49,55.6,99.89,0.18000000000000002,0.82
compas,random_forest,sex,eod_violation,0.11,0.12,100,0.18666937819953755,0.06900340196973549,0.18269558856187373,0.07239182590618472,0.302919278391193,0.6454040404040404,0.015949628738644823,0.6961461925815966,0.01561105954896909,155.49,55.6,99.89,0.2112,0.7888
compas,random_forest,sex,eod_violation,0.12,0.14,100,0.18666937819953755,0.06900340196973549,0.18269558856187373,0.07239182590618472,0.302919278391193,0.6454040404040404,0.015949628738644823,0.6961461925815966,0.01561105954896909,155.49,55.6,99.89,0.24080000000000001,0.7592
compas,random_forest,sex,eod_violation,0.13,0.16,100,0.18666937819953755,0.06900340196973549,0.18269558856187373,0.07239182590618472,0.302919278391193,0.6454040404040404,0.015949628738644823,0.6961461925815966,0.01561105954896909,155.49,55.6,99.89,0.2688,0.7312000000000001
compas,random_forest,sex,eod_violation,0.14,0.24,100,0.18666937819953755,0.06900340196973549,0.18269558856187373,0.07239182590618472,0.302919278391193,0.6454040404040404,0.015949628738644823,0.6961461925815966,0.01561105954896909,155.49,55.6,99.89,0.3648,0.6352
compas,random_forest,sex,eod_violation,0.15,0.31,100,0.18666937819953755,0.06900340196973549,0.18269558856187373,0.07239182590618472,0.302919278391193,0.6454040404040404,0.015949628738644823,0.6961461925815966,0.01561105954896909,155.49,55.6,99.89,0.42779999999999996,0.5722
compas,random_forest,sex,eod_violation,0.16,0.35,100,0.18666937819953755,0.06900340196973549,0.18269558856187373,0.07239182590618472,0.302919278391193,0.6454040404040404,0.015949628738644823,0.6961461925815966,0.01561105954896909,155.49,55.6,99.89,0.45499999999999996,0.545
compas,random_forest,sex,eod_violation,0.17,0.45,100,0.18666937819953755,0.06900340196973549,0.18269558856187373,0.07239182590618472,0.302919278391193,0.6454040404040404,0.015949628738644823,0.6961461925815966,0.01561105954896909,155.49,55.6,99.89,0.49500000000000005,0.5049999999999999
compas,random_forest,sex,eod_violation,0.18,0.49,100,0.18666937819953755,0.06900340196973549,0.18269558856187373,0.07239182590618472,0.302919278391193,0.6454040404040404,0.015949628738644823,0.6961461925815966,0.01561105954896909,155.49,55.6,99.89,0.4998,0.5002
compas,random_forest,sex,eod_violation,0.19,0.53,100,0.18666937819953755,0.06900340196973549,0.18269558856187373,0.07239182590618472,0.302919278391193,0.6454040404040404,0.015949628738644823,0.6961461925815966,0.01561105954896909,155.49,55.6,99.89,0.4982,0.5018
compas,random_forest,sex,eod_violation,0.2,0.6,100,0.18666937819953755,0.06900340196973549,0.18269558856187373,0.07239182590618472,0.302919278391193,0.6454040404040404,0.015949628738644823,0.6961461925815966,0.01561105954896909,155.49,55.6,99.89,0.48,0.52
compas,random_forest,sex,eod_violation,0.21,0.63,100,0.18666937819953755,0.06900340196973549,0.18269558856187373,0.07239182590618472,0.302919278391193,0.6454040404040404,0.015949628738644823,0.6961461925815966,0.01561105954896909,155.49,55.6,99.89,0.4662,0.5338
compas,random_forest,sex,eod_violation,0.22,0.69,100,0.18666937819953755,0.06900340196973549,0.18269558856187373,0.07239182590618472,0.302919278391193,0.6454040404040404,0.015949628738644823,0.6961461925815966,0.01561105954896909,155.49,55.6,99.89,0.4278,0.5722
compas,random_forest,sex,eod_violation,0.23,0.75,100,0.18666937819953755,0.06900340196973549,0.18269558856187373,0.07239182590618472,0.302919278391193,0.6454040404040404,0.015949628738644823,0.6961461925815966,0.01561105954896909,155.49,55.6,99.89,0.375,0.625
compas,random_forest,sex,eod_violation,0.24,0.8,100,0.18666937819953755,0.06900340196973549,0.18269558856187373,0.07239182590618472,0.302919278391193,0.6454040404040404,0.015949628738644823,0.6961461925815966,0.01561105954896909,155.49,55.6,99.89,0.31999999999999995,0.68
compas,random_forest,sex,eod_violation,0.25,0.83,100,0.18666937819953755,0.06900340196973549,0.18269558856187373,0.07239182590618472,0.302919278391193,0.6454040404040404,0.015949628738644823,0.6961461925815966,0.01561105954896909,155.49,55.6,99.89,0.28220000000000006,0.7178
compas,random_forest,sex,eod_violation,0.26,0.89,100,0.18666937819953755,0.06900340196973549,0.18269558856187373,0.07239182590618472,0.302919278391193,0.6454040404040404,0.015949628738644823,0.6961461925815966,0.01561105954896909,155.49,55.6,99.89,0.19579999999999997,0.8042
compas,random_forest,sex,eod_violation,0.27,0.91,100,0.18666937819953755,0.06900340196973549,0.18269558856187373,0.07239182590618472,0.302919278391193,0.6454040404040404,0.015949628738644823,0.6961461925815966,0.01561105954896909,155.49,55.6,99.89,0.16379999999999995,0.8362
compas,random_forest,sex,eod_violation,0.28,0.93,100,0.18666937819953755,0.06900340196973549,0.18269558856187373,0.07239182590618472,0.302919278391193,0.6454040404040404,0.015949628738644823,0.6961461925815966,0.01561105954896909,155.49,55.6,99.89,0.13019999999999993,0.8698000000000001
compas,random_forest,sex,eod_violation,0.29,0.93,100,0.18666937819953755,0.06900340196973549,0.18269558856187373,0.07239182590618472,0.302919278391193,0.6454040404040404,0.015949628738644823,0.6961461925815966,0.01561105954896909,155.49,55.6,99.89,0.13019999999999993,0.8698000000000001
compas,random_forest,sex,eod_violation,0.3,0.94,100,0.18666937819953755,0.06900340196973549,0.18269558856187373,0.07239182590618472,0.302919278391193,0.6454040404040404,0.015949628738644823,0.6961461925815966,0.01561105954896909,155.49,55.6,99.89,0.1128000000000001,0.8871999999999999
compas,random_forest,sex,equalized_odds_violation,0.0,0.0,100,0.20402072062496862,0.059011137079833555,0.1975879556456186,0.11838851510143016,0.302919278391193,0.6454040404040404,0.015949628738644823,0.6961461925815966,0.01561105954896909,155.49,55.6,99.89,0.0,1.0
compas,random_forest,sex,equalized_odds_violation,0.01,0.0,100,0.20402072062496862,0.059011137079833555,0.1975879556456186,0.11838851510143016,0.302919278391193,0.6454040404040404,0.015949628738644823,0.6961461925815966,0.01561105954896909,155.49,55.6,99.89,0.0,1.0
compas,random_forest,sex,equalized_odds_violation,0.02,0.0,100,0.20402072062496862,0.059011137079833555,0.1975879556456186,0.11838851510143016,0.302919278391193,0.6454040404040404,0.015949628738644823,0.6961461925815966,0.01561105954896909,155.49,55.6,99.89,0.0,1.0
compas,random_forest,sex,equalized_odds_violation,0.03,0.0,100,0.20402072062496862,0.059011137079833555,0.1975879556456186,0.11838851510143016,0.302919278391193,0.6454040404040404,0.015949628738644823,0.6961461925815966,0.01561105954896909,155.49,55.6,99.89,0.0,1.0
compas,random_forest,sex,equalized_odds_violation,0.04,0.0,100,0.20402072062496862,0.059011137079833555,0.1975879556456186,0.11838851510143016,0.302919278391193,0.6454040404040404,0.015949628738644823,0.6961461925815966,0.01561105954896909,155.49,55.6,99.89,0.0,1.0
compas,random_forest,sex,equalized_odds_violation,0.05,0.0,100,0.20402072062496862,0.059011137079833555,0.1975879556456186,0.11838851510143016,0.302919278391193,0.6454040404040404,0.015949628738644823,0.6961461925815966,0.01561105954896909,155.49,55.6,99.89,0.0,1.0
compas,random_forest,sex,equalized_odds_violation,0.06,0.0,100,0.20402072062496862,0.059011137079833555,0.1975879556456186,0.11838851510143016,0.302919278391193,0.6454040404040404,0.015949628738644823,0.6961461925815966,0.01561105954896909,155.49,55.6,99.89,0.0,1.0
compas,random_forest,sex,equalized_odds_violation,0.07,0.0,100,0.20402072062496862,0.059011137079833555,0.1975879556456186,0.11838851510143016,0.302919278391193,0.6454040404040404,0.015949628738644823,0.6961461925815966,0.01561105954896909,155.49,55.6,99.89,0.0,1.0
compas,random_forest,sex,equalized_odds_violation,0.08,0.0,100,0.20402072062496862,0.059011137079833555,0.1975879556456186,0.11838851510143016,0.302919278391193,0.6454040404040404,0.015949628738644823,0.6961461925815966,0.01561105954896909,155.49,55.6,99.89,0.0,1.0
compas,random_forest,sex,equalized_odds_violation,0.09,0.01,100,0.20402072062496862,0.059011137079833555,0.1975879556456186,0.11838851510143016,0.302919278391193,0.6454040404040404,0.015949628738644823,0.6961461925815966,0.01561105954896909,155.49,55.6,99.89,0.0198,0.9802
compas,random_forest,sex,equalized_odds_violation,0.1,0.02,100,0.20402072062496862,0.059011137079833555,0.1975879556456186,0.11838851510143016,0.302919278391193,0.6454040404040404,0.015949628738644823,0.6961461925815966,0.01561105954896909,155.49,55.6,99.89,0.0392,0.9608
compas,random_forest,sex,equalized_odds_violation,0.11,0.03,100,0.20402072062496862,0.059011137079833555,0.1975879556456186,0.11838851510143016,0.302919278391193,0.6454040404040404,0.015949628738644823,0.6961461925815966,0.01561105954896909,155.49,55.6,99.89,0.058199999999999995,0.9418
compas,random_forest,sex,equalized_odds_violation,0.12,0.06,100,0.20402072062496862,0.059011137079833555,0.1975879556456186,0.11838851510143016,0.302919278391193,0.6454040404040404,0.015949628738644823,0.6961461925815966,0.01561105954896909,155.49,55.6,99.89,0.11279999999999998,0.8872
compas,random_forest,sex,equalized_odds_violation,0.13,0.08,100,0.20402072062496862,0.059011137079833555,0.1975879556456186,0.11838851510143016,0.302919278391193,0.6454040404040404,0.015949628738644823,0.6961461925815966,0.01561105954896909,155.49,55.6,99.89,0.1472,0.8528
compas,random_forest,sex,equalized_odds_violation,0.14,0.14,100,0.20402072062496862,0.059011137079833555,0.1975879556456186,0.11838851510143016,0.302919278391193,0.6454040404040404,0.015949628738644823,0.6961461925815966,0.01561105954896909,155.49,55.6,99.89,0.24080000000000001,0.7592
compas,random_forest,sex,equalized_odds_violation,0.15,0.18,100,0.20402072062496862,0.059011137079833555,0.1975879556456186,0.11838851510143016,0.302919278391193,0.6454040404040404,0.015949628738644823,0.6961461925815966,0.01561105954896909,155.49,55.6,99.89,0.2952,0.7048
compas,random_forest,sex,equalized_odds_violation,0.16,0.21,100,0.20402072062496862,0.059011137079833555,0.1975879556456186,0.11838851510143016,0.302919278391193,0.6454040404040404,0.015949628738644823,0.6961461925815966,0.01561105954896909,155.49,55.6,99.89,0.3318,0.6682
compas,random_forest,sex,equalized_odds_violation,0.17,0.31,100,0.20402072062496862,0.059011137079833555,0.1975879556456186,0.11838851510143016,0.302919278391193,0.6454040404040404,0.015949628738644823,0.6961461925815966,0.01561105954896909,155.49,55.6,99.89,0.42779999999999996,0.5722
compas,random_forest,sex,equalized_odds_violation,0.18,0.39,100,0.20402072062496862,0.059011137079833555,0.1975879556456186,0.11838851510143016,0.302919278391193,0.6454040404040404,0.015949628738644823,0.6961461925815966,0.01561105954896909,155.49,55.6,99.89,0.4758,0.5242
compas,random_forest,sex,equalized_odds_violation,0.19,0.43,100,0.20402072062496862,0.059011137079833555,0.1975879556456186,0.11838851510143016,0.302919278391193,0.6454040404040404,0.015949628738644823,0.6961461925815966,0.01561105954896909,155.49,55.6,99.89,0.4902,0.5098
compas,random_forest,sex,equalized_odds_violation,0.2,0.51,100,0.20402072062496862,0.059011137079833555,0.1975879556456186,0.11838851510143016,0.302919278391193,0.6454040404040404,0.015949628738644823,0.6961461925815966,0.01561105954896909,155.49,55.6,99.89,0.4998,0.5002
compas,random_forest,sex,equalized_odds_violation,0.21,0.54,100,0.20402072062496862,0.059011137079833555,0.1975879556456186,0.11838851510143016,0.302919278391193,0.6454040404040404,0.015949628738644823,0.6961461925815966,0.01561105954896909,155.49,55.6,99.89,0.4968,0.5032
compas,random_forest,sex,equalized_odds_violation,0.22,0.61,100,0.20402072062496862,0.059011137079833555,0.1975879556456186,0.11838851510143016,0.302919278391193,0.6454040404040404,0.015949628738644823,0.6961461925815966,0.01561105954896909,155.49,55.6,99.89,0.4758,0.5242
compas,random_forest,sex,equalized_odds_violation,0.23,0.7,100,0.20402072062496862,0.059011137079833555,0.1975879556456186,0.11838851510143016,0.302919278391193,0.6454040404040404,0.015949628738644823,0.6961461925815966,0.01561105954896909,155.49,55.6,99.89,0.42000000000000004,0.58
compas,random_forest,sex,equalized_odds_violation,0.24,0.77,100,0.20402072062496862,0.059011137079833555,0.1975879556456186,0.11838851510143016,0.302919278391193,0.6454040404040404,0.015949628738644823,0.6961461925815966,0.01561105954896909,155.49,55.6,99.89,0.35419999999999996,0.6458
compas,random_forest,sex,equalized_odds_violation,0.25,0.8,100,0.20402072062496862,0.059011137079833555,0.1975879556456186,0.11838851510143016,0.302919278391193,0.6454040404040404,0.015949628738644823,0.6961461925815966,0.01561105954896909,155.49,55.6,99.89,0.31999999999999995,0.68
compas,random_forest,sex,equalized_odds_violation,0.26,0.86,100,0.20402072062496862,0.059011137079833555,0.1975879556456186,0.11838851510143016,0.302919278391193,0.6454040404040404,0.015949628738644823,0.6961461925815966,0.01561105954896909,155.49,55.6,99.89,0.24080000000000001,0.7592
compas,random_forest,sex,equalized_odds_violation,0.27,0.88,100,0.20402072062496862,0.059011137079833555,0.1975879556456186,0.11838851510143016,0.302919278391193,0.6454040404040404,0.015949628738644823,0.6961461925815966,0.01561105954896909,155.49,55.6,99.89,0.2112,0.7888
compas,random_forest,sex,equalized_odds_violation,0.28,0.91,100,0.20402072062496862,0.059011137079833555,0.1975879556456186,0.11838851510143016,0.302919278391193,0.6454040404040404,0.015949628738644823,0.6961461925815966,0.01561105954896909,155.49,55.6,99.89,0.16379999999999995,0.8362
compas,random_forest,sex,equalized_odds_violation,0.29,0.92,100,0.20402072062496862,0.059011137079833555,0.1975879556456186,0.11838851510143016,0.302919278391193,0.6454040404040404,0.015949628738644823,0.6961461925815966,0.01561105954896909,155.49,55.6,99.89,0.14719999999999994,0.8528
compas,random_forest,sex,equalized_odds_violation,0.3,0.94,100,0.20402072062496862,0.059011137079833555,0.1975879556456186,0.11838851510143016,0.302919278391193,0.6454040404040404,0.015949628738644823,0.6961461925815966,0.01561105954896909,155.49,55.6,99.89,0.1128000000000001,0.8871999999999999
german,hist_gradient_boosting,age_lt_25,dpd_violation,0.0,0.0,73,0.1583052415253907,0.08994796205796615,0.1448412698412698,0.03172977420559582,0.301394934328861,0.7469406392694063,0.026350869832771816,0.7691643110821192,0.028822220772442498,23.91780821917808,14.246575342465754,9.67123287671233,0.0,1.0
german,hist_gradient_boosting,age_lt_25,dpd_violation,0.01,0.0,73,0.1583052415253907,0.08994796205796615,0.1448412698412698,0.03172977420559582,0.301394934328861,0.7469406392694063,0.026350869832771816,0.7691643110821192,0.028822220772442498,23.91780821917808,14.246575342465754,9.67123287671233,0.0,1.0
german,hist_gradient_boosting,age_lt_25,dpd_violation,0.02,0.0273972602739726,73,0.1583052415253907,0.08994796205796615,0.1448412698412698,0.03172977420559582,0.301394934328861,0.7469406392694063,0.026350869832771816,0.7691643110821192,0.028822220772442498,23.91780821917808,14.246575342465754,9.67123287671233,0.05329330080690561,0.9467066991930944
german,hist_gradient_boosting,age_lt_25,dpd_violation,0.03,0.0410958904109589,73,0.1583052415253907,0.08994796205796615,0.1448412698412698,0.03172977420559582,0.301394934328861,0.7469406392694063,0.026350869832771816,0.7691643110821192,0.028822220772442498,23.91780821917808,14.246575342465754,9.67123287671233,0.07881403640457872,0.9211859635954213
german,hist_gradient_boosting,age_lt_25,dpd_violation,0.04,0.0821917808219178,73,0.1583052415253907,0.08994796205796615,0.1448412698412698,0.03172977420559582,0.301394934328861,0.7469406392694063,0.026350869832771816,0.7691643110821192,0.028822220772442498,23.91780821917808,14.246575342465754,9.67123287671233,0.15087258397447925,0.8491274160255208
german,hist_gradient_boosting,age_lt_25,dpd_violation,0.05,0.1232876712328767,73,0.1583052415253907,0.08994796205796615,0.1448412698412698,0.03172977420559582,0.301394934328861,0.7469406392694063,0.026350869832771816,0.7691643110821192,0.028822220772442498,23.91780821917808,14.246575342465754,9.67123287671233,0.2161756427097016,0.7838243572902984
german,hist_gradient_boosting,age_lt_25,dpd_violation,0.06,0.1917808219178082,73,0.1583052415253907,0.08994796205796615,0.1448412698412698,0.03172977420559582,0.301394934328861,0.7469406392694063,0.026350869832771816,0.7691643110821192,0.028822220772442498,23.91780821917808,14.246575342465754,9.67123287671233,0.3100018765246763,0.6899981234753236
german,hist_gradient_boosting,age_lt_25,dpd_violation,0.07,0.1917808219178082,73,0.1583052415253907,0.08994796205796615,0.1448412698412698,0.03172977420559582,0.301394934328861,0.7469406392694063,0.026350869832771816,0.7691643110821192,0.028822220772442498,23.91780821917808,14.246575342465754,9.67123287671233,0.3100018765246763,0.6899981234753236
german,hist_gradient_boosting,age_lt_25,dpd_violation,0.08,0.2191780821917808,73,0.1583052415253907,0.08994796205796615,0.1448412698412698,0.03172977420559582,0.301394934328861,0.7469406392694063,0.026350869832771816,0.7691643110821192,0.028822220772442498,23.91780821917808,14.246575342465754,9.67123287671233,0.3422781009570276,0.6577218990429724
german,hist_gradient_boosting,age_lt_25,dpd_violation,0.09,0.2191780821917808,73,0.1583052415253907,0.08994796205796615,0.1448412698412698,0.03172977420559582,0.301394934328861,0.7469406392694063,0.026350869832771816,0.7691643110821192,0.028822220772442498,23.91780821917808,14.246575342465754,9.67123287671233,0.3422781009570276,0.6577218990429724
german,hist_gradient_boosting,age_lt_25,dpd_violation,0.1,0.2876712328767123,73,0.1583052415253907,0.08994796205796615,0.1448412698412698,0.03172977420559582,0.301394934328861,0.7469406392694063,0.026350869832771816,0.7691643110821192,0.028822220772442498,23.91780821917808,14.246575342465754,9.67123287671233,0.4098329893038093,0.5901670106961907
german,hist_gradient_boosting,age_lt_25,dpd_violation,0.11,0.3013698630136986,73,0.1583052415253907,0.08994796205796615,0.1448412698412698,0.03172977420559582,0.301394934328861,0.7469406392694063,0.026350869832771816,0.7691643110821192,0.028822220772442498,23.91780821917808,14.246575342465754,9.67123287671233,0.4210921373616063,0.5789078626383937
german,hist_gradient_boosting,age_lt_25,dpd_violation,0.12,0.3698630136986301,73,0.1583052415253907,0.08994796205796615,0.1448412698412698,0.03172977420559582,0.301394934328861,0.7469406392694063,0.026350869832771816,0.7691643110821192,0.028822220772442498,23.91780821917808,14.246575342465754,9.67123287671233,0.46612872959279417,0.5338712704072058
german,hist_gradient_boosting,age_lt_25,dpd_violation,0.13,0.3835616438356164,73,0.1583052415253907,0.08994796205796615,0.1448412698412698,0.03172977420559582,0.301394934328861,0.7469406392694063,0.026350869832771816,0.7691643110821192,0.028822220772442498,23.91780821917808,14.246575342465754,9.67123287671233,0.4728842184274723,0.5271157815725277
german,hist_gradient_boosting,age_lt_25,dpd_violation,0.14,0.4794520547945205,73,0.1583052415253907,0.08994796205796615,0.1448412698412698,0.03172977420559582,0.301394934328861,0.7469406392694063,0.026350869832771816,0.7691643110821192,0.028822220772442498,23.91780821917808,14.246575342465754,9.67123287671233,0.4991555638956653,0.5008444361043347
german,hist_gradient_boosting,age_lt_25,dpd_violation,0.15,0.547945205479452,73,0.1583052415253907,0.08994796205796615,0.1448412698412698,0.03172977420559582,0.301394934328861,0.7469406392694063,0.026350869832771816,0.7691643110821192,0.028822220772442498,23.91780821917808,14.246575342465754,9.67123287671233,0.4954025145430663,0.5045974854569337
german,hist_gradient_boosting,age_lt_25,dpd_violation,0.16,0.547945205479452,73,0.1583052415253907,0.08994796205796615,0.1448412698412698,0.03172977420559582,0.301394934328861,0.7469406392694063,0.026350869832771816,0.7691643110821192,0.028822220772442498,23.91780821917808,14.246575342465754,9.67123287671233,0.4954025145430663,0.5045974854569337
german,hist_gradient_boosting,age_lt_25,dpd_violation,0.17,0.6027397260273972,73,0.1583052415253907,0.08994796205796615,0.1448412698412698,0.03172977420559582,0.301394934328861,0.7469406392694063,0.026350869832771816,0.7691643110821192,0.028822220772442498,23.91780821917808,14.246575342465754,9.67123287671233,0.4788890973916307,0.5211109026083693
german,hist_gradient_boosting,age_lt_25,dpd_violation,0.18,0.6301369863013698,73,0.1583052415253907,0.08994796205796615,0.1448412698412698,0.03172977420559582,0.301394934328861,0.7469406392694063,0.026350869832771816,0.7691643110821192,0.028822220772442498,23.91780821917808,14.246575342465754,9.67123287671233,0.46612872959279417,0.5338712704072058
german,hist_gradient_boosting,age_lt_25,dpd_violation,0.19,0.6438356164383562,73,0.1583052415253907,0.08994796205796615,0.1448412698412698,0.03172977420559582,0.301394934328861,0.7469406392694063,0.026350869832771816,0.7691643110821192,0.028822220772442498,23.91780821917808,14.246575342465754,9.67123287671233,0.45862263088759614,0.5413773691124039
german,hist_gradient_boosting,age_lt_25,dpd_violation,0.2,0.6712328767123288,73,0.1583052415253907,0.08994796205796615,0.1448412698412698,0.03172977420559582,0.301394934328861,0.7469406392694063,0.026350869832771816,0.7691643110821192,0.028822220772442498,23.91780821917808,14.246575342465754,9.67123287671233,0.4413586038656408,0.5586413961343593
german,hist_gradient_boosting,age_lt_25,dpd_violation,0.21,0.6986301369863014,73,0.1583052415253907,0.08994796205796615,0.1448412698412698,0.03172977420559582,0.301394934328861,0.7469406392694063,0.026350869832771816,0.7691643110821192,0.028822220772442498,23.91780821917808,14.246575342465754,9.67123287671233,0.4210921373616063,0.5789078626383937
german,hist_gradient_boosting,age_lt_25,dpd_violation,0.22,0.726027397260274,73,0.1583052415253907,0.08994796205796615,0.1448412698412698,0.03172977420559582,0.301394934328861,0.7469406392694063,0.026350869832771816,0.7691643110821192,0.028822220772442498,23.91780821917808,14.246575342465754,9.67123287671233,0.3978232313754926,0.6021767686245074
german,hist_gradient_boosting,age_lt_25,dpd_violation,0.23,0.7671232876712328,73,0.1583052415253907,0.08994796205796615,0.1448412698412698,0.03172977420559582,0.301394934328861,0.7469406392694063,0.026350869832771816,0.7691643110821192,0.028822220772442498,23.91780821917808,14.246575342465754,9.67123287671233,0.3572902983674236,0.6427097016325765
german,hist_gradient_boosting,age_lt_25,dpd_violation,0.24,0.821917808219178,73,0.1583052415253907,0.08994796205796615,0.1448412698412698,0.03172977420559582,0.301394934328861,0.7469406392694063,0.026350869832771816,0.7691643110821192,0.028822220772442498,23.91780821917808,14.246575342465754,9.67123287671233,0.292737849502721,0.7072621504972789
german,hist_gradient_boosting,age_lt_25,dpd_violation,0.25,0.863013698630137,73,0.1583052415253907,0.08994796205796615,0.1448412698412698,0.03172977420559582,0.301394934328861,0.7469406392694063,0.026350869832771816,0.7691643110821192,0.028822220772442498,23.91780821917808,14.246575342465754,9.67123287671233,0.23644210921373615,0.7635578907862639
german,hist_gradient_boosting,age_lt_25,dpd_violation,0.26,0.8904109589041096,73,0.1583052415253907,0.08994796205796615,0.1448412698412698,0.03172977420559582,0.301394934328861,0.7469406392694063,0.026350869832771816,0.7691643110821192,0.028822220772442498,23.91780821917808,14.246575342465754,9.67123287671233,0.1951585663351473,0.8048414336648527
german,hist_gradient_boosting,age_lt_25,dpd_violation,0.27,0.9041095890410958,73,0.1583052415253907,0.08994796205796615,0.1448412698412698,0.03172977420559582,0.301394934328861,0.7469406392694063,0.026350869832771816,0.7691643110821192,0.028822220772442498,23.91780821917808,14.246575342465754,9.67123287671233,0.17339088009007328,0.8266091199099267
german,hist_gradient_boosting,age_lt_25,dpd_violation,0.28,0.9041095890410958,73,0.1583052415253907,0.08994796205796615,0.1448412698412698,0.03172977420559582,0.301394934328861,0.7469406392694063,0.026350869832771816,0.7691643110821192,0.028822220772442498,23.91780821917808,14.246575342465754,9.67123287671233,0.17339088009007328,0.8266091199099267
german,hist_gradient_boosting,age_lt_25,dpd_violation,0.29,0.9315068493150684,73,0.1583052415253907,0.08994796205796615,0.1448412698412698,0.03172977420559582,0.301394934328861,0.7469406392694063,0.026350869832771816,0.7691643110821192,0.028822220772442498,23.91780821917808,14.246575342465754,9.67123287671233,0.12760367798836564,0.8723963220116344
german,hist_gradient_boosting,age_lt_25,dpd_violation,0.3,0.9315068493150684,73,0.1583052415253907,0.08994796205796615,0.1448412698412698,0.03172977420559582,0.301394934328861,0.7469406392694063,0.026350869832771816,0.7691643110821192,0.028822220772442498,23.91780821917808,14.246575342465754,9.67123287671233,0.12760367798836564,0.8723963220116344
german,hist_gradient_boosting,age_lt_25,dpr_violation,0.0,0.0,73,0.20026076790733155,0.11345749130876408,0.1803394625176803,0.0414083387317683,0.3803319462381019,0.7469406392694063,0.026350869832771816,0.7691643110821192,0.028822220772442498,23.91780821917808,14.246575342465754,9.67123287671233,0.0,1.0
german,hist_gradient_boosting,age_lt_25,dpr_violation,0.010000000000000009,0.0,73,0.20026076790733155,0.11345749130876408,0.1803394625176803,0.0414083387317683,0.3803319462381019,0.7469406392694063,0.026350869832771816,0.7691643110821192,0.028822220772442498,23.91780821917808,14.246575342465754,9.67123287671233,0.0,1.0
german,hist_gradient_boosting,age_lt_25,dpr_violation,0.020000000000000018,0.0273972602739726,73,0.20026076790733155,0.11345749130876408,0.1803394625176803,0.0414083387317683,0.3803319462381019,0.7469406392694063,0.026350869832771816,0.7691643110821192,0.028822220772442498,23.91780821917808,14.246575342465754,9.67123287671233,0.05329330080690561,0.9467066991930944
german,hist_gradient_boosting,age_lt_25,dpr_violation,0.030000000000000027,0.0410958904109589,73,0.20026076790733155,0.11345749130876408,0.1803394625176803,0.0414083387317683,0.3803319462381019,0.7469406392694063,0.026350869832771816,0.7691643110821192,0.028822220772442498,23.91780821917808,14.246575342465754,9.67123287671233,0.07881403640457872,0.9211859635954213
german,hist_gradient_boosting,age_lt_25,dpr_violation,0.040000000000000036,0.0410958904109589,73,0.20026076790733155,0.11345749130876408,0.1803394625176803,0.0414083387317683,0.3803319462381019,0.7469406392694063,0.026350869832771816,0.7691643110821192,0.028822220772442498,23.91780821917808,14.246575342465754,9.67123287671233,0.07881403640457872,0.9211859635954213
german,hist_gradient_boosting,age_lt_25,dpr_violation,0.050000000000000044,0.0684931506849315,73,0.20026076790733155,0.11345749130876408,0.1803394625176803,0.0414083387317683,0.3803319462381019,0.7469406392694063,0.026350869832771816,0.7691643110821192,0.028822220772442498,23.91780821917808,14.246575342465754,9.67123287671233,0.12760367798836553,0.8723963220116344
german,hist_gradient_boosting,age_lt_25,dpr_violation,0.06000000000000005,0.1095890410958904,73,0.20026076790733155,0.11345749130876408,0.1803394625176803,0.0414083387317683,0.3803319462381019,0.7469406392694063,0.026350869832771816,0.7691643110821192,0.028822220772442498,23.91780821917808,14.246575342465754,9.67123287671233,0.1951585663351473,0.8048414336648527
german,hist_gradient_boosting,age_lt_25,dpr_violation,0.06999999999999995,0.1506849315068493,73,0.20026076790733155,0.11345749130876408,0.1803394625176803,0.0414083387317683,0.3803319462381019,0.7469406392694063,0.026350869832771816,0.7691643110821192,0.028822220772442498,23.91780821917808,14.246575342465754,9.67123287671233,0.2559579658472509,0.7440420341527492
german,hist_gradient_boosting,age_lt_25,dpr_violation,0.07999999999999996,0.1780821917808219,73,0.20026076790733155,0.11345749130876408,0.1803394625176803,0.0414083387317683,0.3803319462381019,0.7469406392694063,0.026350869832771816,0.7691643110821192,0.028822220772442498,23.91780821917808,14.246575342465754,9.67123287671233,0.2927378495027209,0.7072621504972791
german,hist_gradient_boosting,age_lt_25,dpr_violation,0.08999999999999997,0.1917808219178082,73,0.20026076790733155,0.11345749130876408,0.1803394625176803,0.0414083387317683,0.3803319462381019,0.7469406392694063,0.026350869832771816,0.7691643110821192,0.028822220772442498,23.91780821917808,14.246575342465754,9.67123287671233,0.3100018765246763,0.6899981234753236
german,hist_gradient_boosting,age_lt_25,dpr_violation,0.09999999999999998,0.1917808219178082,73,0.20026076790733155,0.11345749130876408,0.1803394625176803,0.0414083387317683,0.3803319462381019,0.7469406392694063,0.026350869832771816,0.7691643110821192,0.028822220772442498,23.91780821917808,14.246575342465754,9.67123287671233,0.3100018765246763,0.6899981234753236
german,hist_gradient_boosting,age_lt_25,dpr_violation,0.10999999999999999,0.2328767123287671,73,0.20026076790733155,0.11345749130876408,0.1803394625176803,0.0414083387317683,0.3803319462381019,0.7469406392694063,0.026350869832771816,0.7691643110821192,0.028822220772442498,23.91780821917808,14.246575342465754,9.67123287671233,0.3572902983674235,0.6427097016325765
german,hist_gradient_boosting,age_lt_25,dpr_violation,0.12,0.2602739726027397,73,0.20026076790733155,0.11345749130876408,0.1803394625176803,0.0414083387317683,0.3803319462381019,0.7469406392694063,0.026350869832771816,0.7691643110821192,0.028822220772442498,23.91780821917808,14.246575342465754,9.67123287671233,0.38506286357665603,0.614937136423344
german,hist_gradient_boosting,age_lt_25,dpr_violation,0.13,0.273972602739726,73,0.20026076790733155,0.11345749130876408,0.1803394625176803,0.0414083387317683,0.3803319462381019,0.7469406392694063,0.026350869832771816,0.7691643110821192,0.028822220772442498,23.91780821917808,14.246575342465754,9.67123287671233,0.3978232313754926,0.6021767686245074
german,hist_gradient_boosting,age_lt_25,dpr_violation,0.14,0.3013698630136986,73,0.20026076790733155,0.11345749130876408,0.1803394625176803,0.0414083387317683,0.3803319462381019,0.7469406392694063,0.026350869832771816,0.7691643110821192,0.028822220772442498,23.91780821917808,14.246575342465754,9.67123287671233,0.4210921373616063,0.5789078626383937
german,hist_gradient_boosting,age_lt_25,dpr_violation,0.15000000000000002,0.3287671232876712,73,0.20026076790733155,0.11345749130876408,0.1803394625176803,0.0414083387317683,0.3803319462381019,0.7469406392694063,0.026350869832771816,0.7691643110821192,0.028822220772442498,23.91780821917808,14.246575342465754,9.67123287671233,0.4413586038656408,0.5586413961343593
german,hist_gradient_boosting,age_lt_25,dpr_violation,0.16000000000000003,0.3972602739726027,73,0.20026076790733155,0.11345749130876408,0.1803394625176803,0.0414083387317683,0.3803319462381019,0.7469406392694063,0.026350869832771816,0.7691643110821192,0.028822220772442498,23.91780821917808,14.246575342465754,9.67123287671233,0.47888909739163066,0.5211109026083693
german,hist_gradient_boosting,age_lt_25,dpr_violation,0.17000000000000004,0.410958904109589,73,0.20026076790733155,0.11345749130876408,0.1803394625176803,0.0414083387317683,0.3803319462381019,0.7469406392694063,0.026350869832771816,0.7691643110821192,0.028822220772442498,23.91780821917808,14.246575342465754,9.67123287671233,0.4841433664852693,0.5158566335147308
german,hist_gradient_boosting,age_lt_25,dpr_violation,0.18000000000000005,0.4931506849315068,73,0.20026076790733155,0.11345749130876408,0.1803394625176803,0.0414083387317683,0.3803319462381019,0.7469406392694063,0.026350869832771816,0.7691643110821192,0.028822220772442498,23.91780821917808,14.246575342465754,9.67123287671233,0.499906173766185,0.500093826233815
german,hist_gradient_boosting,age_lt_25,dpr_violation,0.18999999999999995,0.5342465753424658,73,0.20026076790733155,0.11345749130876408,0.1803394625176803,0.0414083387317683,0.3803319462381019,0.7469406392694063,0.026350869832771816,0.7691643110821192,0.028822220772442498,23.91780821917808,14.246575342465754,9.67123287671233,0.4976543441546256,0.5023456558453744
german,hist_gradient_boosting,age_lt_25,dpr_violation,0.19999999999999996,0.5616438356164384,73,0.20026076790733155,0.11345749130876408,0.1803394625176803,0.0414083387317683,0.3803319462381019,0.7469406392694063,0.026350869832771816,0.7691643110821192,0.028822220772442498,23.91780821917808,14.246575342465754,9.67123287671233,0.49240007506098704,0.507599924939013
german,hist_gradient_boosting,age_lt_25,dpr_violation,0.20999999999999996,0.6027397260273972,73,0.20026076790733155,0.11345749130876408,0.1803394625176803,0.0414083387317683,0.3803319462381019,0.7469406392694063,0.026350869832771816,0.7691643110821192,0.028822220772442498,23.91780821917808,14.246575342465754,9.67123287671233,0.4788890973916307,0.5211109026083693
german,hist_gradient_boosting,age_lt_25,dpr_violation,0.21999999999999997,0.6027397260273972,73,0.20026076790733155,0.11345749130876408,0.1803394625176803,0.0414083387317683,0.3803319462381019,0.7469406392694063,0.026350869832771816,0.7691643110821192,0.028822220772442498,23.91780821917808,14.246575342465754,9.67123287671233,0.4788890973916307,0.5211109026083693
german,hist_gradient_boosting,age_lt_25,dpr_violation,0.22999999999999998,0.6301369863013698,73,0.20026076790733155,0.11345749130876408,0.1803394625176803,0.0414083387317683,0.3803319462381019,0.7469406392694063,0.026350869832771816,0.7691643110821192,0.028822220772442498,23.91780821917808,14.246575342465754,9.67123287671233,0.46612872959279417,0.5338712704072058
german,hist_gradient_boosting,age_lt_25,dpr_violation,0.24,0.6301369863013698,73,0.20026076790733155,0.11345749130876408,0.1803394625176803,0.0414083387317683,0.3803319462381019,0.7469406392694063,0.026350869832771816,0.7691643110821192,0.028822220772442498,23.91780821917808,14.246575342465754,9.67123287671233,0.46612872959279417,0.5338712704072058
german,hist_gradient_boosting,age_lt_25,dpr_violation,0.25,0.6438356164383562,73,0.20026076790733155,0.11345749130876408,0.1803394625176803,0.0414083387317683,0.3803319462381019,0.7469406392694063,0.026350869832771816,0.7691643110821192,0.028822220772442498,23.91780821917808,14.246575342465754,9.67123287671233,0.45862263088759614,0.5413773691124039
german,hist_gradient_boosting,age_lt_25,dpr_violation,0.26,0.6712328767123288,73,0.20026076790733155,0.11345749130876408,0.1803394625176803,0.0414083387317683,0.3803319462381019,0.7469406392694063,0.026350869832771816,0.7691643110821192,0.028822220772442498,23.91780821917808,14.246575342465754,9.67123287671233,0.4413586038656408,0.5586413961343593
german,hist_gradient_boosting,age_lt_25,dpr_violation,0.27,0.684931506849315,73,0.20026076790733155,0.11345749130876408,0.1803394625176803,0.0414083387317683,0.3803319462381019,0.7469406392694063,0.026350869832771816,0.7691643110821192,0.028822220772442498,23.91780821917808,14.246575342465754,9.67123287671233,0.4316006755488835,0.5683993244511165
german,hist_gradient_boosting,age_lt_25,dpr_violation,0.28,0.7808219178082192,73,0.20026076790733155,0.11345749130876408,0.1803394625176803,0.0414083387317683,0.3803319462381019,0.7469406392694063,0.026350869832771816,0.7691643110821192,0.028822220772442498,23.91780821917808,14.246575342465754,9.67123287671233,0.3422781009570276,0.6577218990429724
german,hist_gradient_boosting,age_lt_25,dpr_violation,0.29000000000000004,0.7945205479452054,73,0.20026076790733155,0.11345749130876408,0.1803394625176803,0.0414083387317683,0.3803319462381019,0.7469406392694063,0.026350869832771816,0.7691643110821192,0.028822220772442498,23.91780821917808,14.246575342465754,9.67123287671233,0.3265152936761119,0.6734847063238881
german,hist_gradient_boosting,age_lt_25,dpr_violation,0.30000000000000004,0.8356164383561644,73,0.20026076790733155,0.11345749130876408,0.1803394625176803,0.0414083387317683,0.3803319462381019,0.7469406392694063,0.026350869832771816,0.7691643110821192,0.028822220772442498,23.91780821917808,14.246575342465754,9.67123287671233,0.2747232126102458,0.7252767873897542
german,hist_gradient_boosting,age_lt_25,dpr_violation,0.31000000000000005,0.8493150684931506,73,0.20026076790733155,0.11345749130876408,0.1803394625176803,0.0414083387317683,0.3803319462381019,0.7469406392694063,0.026350869832771816,0.7691643110821192,0.028822220772442498,23.91780821917808,14.246575342465754,9.67123287671233,0.25595796584725095,0.744042034152749
german,hist_gradient_boosting,age_lt_25,dpr_violation,0.31999999999999995,0.8767123287671232,73,0.20026076790733155,0.11345749130876408,0.1803394625176803,0.0414083387317683,0.3803319462381019,0.7469406392694063,0.026350869832771816,0.7691643110821192,0.028822220772442498,23.91780821917808,14.246575342465754,9.67123287671233,0.21617564270970172,0.7838243572902983
german,hist_gradient_boosting,age_lt_25,dpr_violation,0.32999999999999996,0.9041095890410958,73,0.20026076790733155,0.11345749130876408,0.1803394625176803,0.0414083387317683,0.3803319462381019,0.7469406392694063,0.026350869832771816,0.7691643110821192,0.028822220772442498,23.91780821917808,14.246575342465754,9.67123287671233,0.17339088009007328,0.8266091199099267
german,hist_gradient_boosting,age_lt_25,dpr_violation,0.33999999999999997,0.9041095890410958,73,0.20026076790733155,0.11345749130876408,0.1803394625176803,0.0414083387317683,0.3803319462381019,0.7469406392694063,0.026350869832771816,0.7691643110821192,0.028822220772442498,23.91780821917808,14.246575342465754,9.67123287671233,0.17339088009007328,0.8266091199099267
german,hist_gradient_boosting,age_lt_25,dpr_violation,0.35,0.9178082191780822,73,0.20026076790733155,0.11345749130876408,0.1803394625176803,0.0414083387317683,0.3803319462381019,0.7469406392694063,0.026350869832771816,0.7691643110821192,0.028822220772442498,23.91780821917808,14.246575342465754,9.67123287671233,0.15087258397447925,0.8491274160255208
german,hist_gradient_boosting,age_lt_25,dpr_violation,0.36,0.9315068493150684,73,0.20026076790733155,0.11345749130876408,0.1803394625176803,0.0414083387317683,0.3803319462381019,0.7469406392694063,0.026350869832771816,0.7691643110821192,0.028822220772442498,23.91780821917808,14.246575342465754,9.67123287671233,0.12760367798836564,0.8723963220116344
german,hist_gradient_boosting,age_lt_25,dpr_violation,0.37,0.9315068493150684,73,0.20026076790733155,0.11345749130876408,0.1803394625176803,0.0414083387317683,0.3803319462381019,0.7469406392694063,0.026350869832771816,0.7691643110821192,0.028822220772442498,23.91780821917808,14.246575342465754,9.67123287671233,0.12760367798836564,0.8723963220116344
german,hist_gradient_boosting,age_lt_25,dpr_violation,0.38,0.9452054794520548,73,0.20026076790733155,0.11345749130876408,0.1803394625176803,0.0414083387317683,0.3803319462381019,0.7469406392694063,0.026350869832771816,0.7691643110821192,0.028822220772442498,23.91780821917808,14.246575342465754,9.67123287671233,0.10358416213173202,0.896415837868268
german,hist_gradient_boosting,age_lt_25,dpr_violation,0.39,0.958904109589041,73,0.20026076790733155,0.11345749130876408,0.1803394625176803,0.0414083387317683,0.3803319462381019,0.7469406392694063,0.026350869832771816,0.7691643110821192,0.028822220772442498,23.91780821917808,14.246575342465754,9.67123287671233,0.07881403640457882,0.9211859635954212
german,hist_gradient_boosting,age_lt_25,dpr_violation,0.4,0.958904109589041,73,0.20026076790733155,0.11345749130876408,0.1803394625176803,0.0414083387317683,0.3803319462381019,0.7469406392694063,0.026350869832771816,0.7691643110821192,0.028822220772442498,23.91780821917808,14.246575342465754,9.67123287671233,0.07881403640457882,0.9211859635954212
german,hist_gradient_boosting,age_lt_25,eod_violation,0.0,0.0,70,0.13250420207851152,0.09090739054343291,0.1172161172161172,0.016952247191011145,0.2827341137123745,0.7481904761904762,0.02476742519553972,0.7695873015873016,0.028520759258225756,24.057142857142857,14.485714285714286,9.571428571428571,0.0,1.0
german,hist_gradient_boosting,age_lt_25,eod_violation,0.01,0.02857142857142857,70,0.13250420207851152,0.09090739054343291,0.1172161172161172,0.016952247191011145,0.2827341137123745,0.7481904761904762,0.02476742519553972,0.7695873015873016,0.028520759258225756,24.057142857142857,14.485714285714286,9.571428571428571,0.05551020408163265,0.9444897959183673
german,hist_gradient_boosting,age_lt_25,eod_violation,0.02,0.05714285714285714,70,0.13250420207851152,0.09090739054343291,0.1172161172161172,0.016952247191011145,0.2827341137123745,0.7481904761904762,0.02476742519553972,0.7695873015873016,0.028520759258225756,24.057142857142857,14.485714285714286,9.571428571428571,0.10775510204081633,0.8922448979591837
german,hist_gradient_boosting,age_lt_25,eod_violation,0.03,0.14285714285714285,70,0.13250420207851152,0.09090739054343291,0.1172161172161172,0.016952247191011145,0.2827341137123745,0.7481904761904762,0.02476742519553972,0.7695873015873016,0.028520759258225756,24.057142857142857,14.485714285714286,9.571428571428571,0.24489795918367346,0.7551020408163265
german,hist_gradient_boosting,age_lt_25,eod_violation,0.04,0.18571428571428572,70,0.13250420207851152,0.09090739054343291,0.1172161172161172,0.016952247191011145,0.2827341137123745,0.7481904761904762,0.02476742519553972,0.7695873015873016,0.028520759258225756,24.057142857142857,14.485714285714286,9.571428571428571,0.30244897959183675,0.6975510204081632
german,hist_gradient_boosting,age_lt_25,eod_violation,0.05,0.22857142857142856,70,0.13250420207851152,0.09090739054343291,0.1172161172161172,0.016952247191011145,0.2827341137123745,0.7481904761904762,0.02476742519553972,0.7695873015873016,0.028520759258225756,24.057142857142857,14.485714285714286,9.571428571428571,0.3526530612244898,0.6473469387755102
german,hist_gradient_boosting,age_lt_25,eod_violation,0.06,0.2857142857142857,70,0.13250420207851152,0.09090739054343291,0.1172161172161172,0.016952247191011145,0.2827341137123745,0.7481904761904762,0.02476742519553972,0.7695873015873016,0.028520759258225756,24.057142857142857,14.485714285714286,9.571428571428571,0.40816326530612246,0.5918367346938775
german,hist_gradient_boosting,age_lt_25,eod_violation,0.07,0.3,70,0.13250420207851152,0.09090739054343291,0.1172161172161172,0.016952247191011145,0.2827341137123745,0.7481904761904762,0.02476742519553972,0.7695873015873016,0.028520759258225756,24.057142857142857,14.485714285714286,9.571428571428571,0.42,0.5800000000000001
german,hist_gradient_boosting,age_lt_25,eod_violation,0.08,0.32857142857142857,70,0.13250420207851152,0.09090739054343291,0.1172161172161172,0.016952247191011145,0.2827341137123745,0.7481904761904762,0.02476742519553972,0.7695873015873016,0.028520759258225756,24.057142857142857,14.485714285714286,9.571428571428571,0.4412244897959184,0.5587755102040817
german,hist_gradient_boosting,age_lt_25,eod_violation,0.09,0.4142857142857143,70,0.13250420207851152,0.09090739054343291,0.1172161172161172,0.016952247191011145,0.2827341137123745,0.7481904761904762,0.02476742519553972,0.7695873015873016,0.028520759258225756,24.057142857142857,14.485714285714286,9.571428571428571,0.4853061224489796,0.5146938775510204
german,hist_gradient_boosting,age_lt_25,eod_violation,0.1,0.42857142857142855,70,0.13250420207851152,0.09090739054343291,0.1172161172161172,0.016952247191011145,0.2827341137123745,0.7481904761904762,0.02476742519553972,0.7695873015873016,0.028520759258225756,24.057142857142857,14.485714285714286,9.571428571428571,0.48979591836734687,0.5102040816326532
german,hist_gradient_boosting,age_lt_25,eod_violation,0.11,0.42857142857142855,70,0.13250420207851152,0.09090739054343291,0.1172161172161172,0.016952247191011145,0.2827341137123745,0.7481904761904762,0.02476742519553972,0.7695873015873016,0.028520759258225756,24.057142857142857,14.485714285714286,9.571428571428571,0.48979591836734687,0.5102040816326532
german,hist_gradient_boosting,age_lt_25,eod_violation,0.12,0.5142857142857142,70,0.13250420207851152,0.09090739054343291,0.1172161172161172,0.016952247191011145,0.2827341137123745,0.7481904761904762,0.02476742519553972,0.7695873015873016,0.028520759258225756,24.057142857142857,14.485714285714286,9.571428571428571,0.4995918367346939,0.5004081632653061
german,hist_gradient_boosting,age_lt_25,eod_violation,0.13,0.5571428571428572,70,0.13250420207851152,0.09090739054343291,0.1172161172161172,0.016952247191011145,0.2827341137123745,0.7481904761904762,0.02476742519553972,0.7695873015873016,0.028520759258225756,24.057142857142857,14.485714285714286,9.571428571428571,0.493469387755102,0.506530612244898
german,hist_gradient_boosting,age_lt_25,eod_violation,0.14,0.5857142857142857,70,0.13250420207851152,0.09090739054343291,0.1172161172161172,0.016952247191011145,0.2827341137123745,0.7481904761904762,0.02476742519553972,0.7695873015873016,0.028520759258225756,24.057142857142857,14.485714285714286,9.571428571428571,0.4853061224489796,0.5146938775510204
german,hist_gradient_boosting,age_lt_25,eod_violation,0.15,0.6142857142857143,70,0.13250420207851152,0.09090739054343291,0.1172161172161172,0.016952247191011145,0.2827341137123745,0.7481904761904762,0.02476742519553972,0.7695873015873016,0.028520759258225756,24.057142857142857,14.485714285714286,9.571428571428571,0.4738775510204081,0.5261224489795919
german,hist_gradient_boosting,age_lt_25,eod_violation,0.16,0.6285714285714286,70,0.13250420207851152,0.09090739054343291,0.1172161172161172,0.016952247191011145,0.2827341137123745,0.7481904761904762,0.02476742519553972,0.7695873015873016,0.028520759258225756,24.057142857142857,14.485714285714286,9.571428571428571,0.4669387755102041,0.5330612244897959
german,hist_gradient_boosting,age_lt_25,eod_violation,0.17,0.6571428571428571,70,0.13250420207851152,0.09090739054343291,0.1172161172161172,0.016952247191011145,0.2827341137123745,0.7481904761904762,0.02476742519553972,0.7695873015873016,0.028520759258225756,24.057142857142857,14.485714285714286,9.571428571428571,0.4506122448979592,0.5493877551020407
german,hist_gradient_boosting,age_lt_25,eod_violation,0.18,0.6714285714285714,70,0.13250420207851152,0.09090739054343291,0.1172161172161172,0.016952247191011145,0.2827341137123745,0.7481904761904762,0.02476742519553972,0.7695873015873016,0.028520759258225756,24.057142857142857,14.485714285714286,9.571428571428571,0.4412244897959184,0.5587755102040817
german,hist_gradient_boosting,age_lt_25,eod_violation,0.19,0.7,70,0.13250420207851152,0.09090739054343291,0.1172161172161172,0.016952247191011145,0.2827341137123745,0.7481904761904762,0.02476742519553972,0.7695873015873016,0.028520759258225756,24.057142857142857,14.485714285714286,9.571428571428571,0.42000000000000004,0.58
german,hist_gradient_boosting,age_lt_25,eod_violation,0.2,0.7285714285714285,70,0.13250420207851152,0.09090739054343291,0.1172161172161172,0.016952247191011145,0.2827341137123745,0.7481904761904762,0.02476742519553972,0.7695873015873016,0.028520759258225756,24.057142857142857,14.485714285714286,9.571428571428571,0.3955102040816327,0.6044897959183673
german,hist_gradient_boosting,age_lt_25,eod_violation,0.21,0.8,70,0.13250420207851152,0.09090739054343291,0.1172161172161172,0.016952247191011145,0.2827341137123745,0.7481904761904762,0.02476742519553972,0.7695873015873016,0.028520759258225756,24.057142857142857,14.485714285714286,9.571428571428571,0.31999999999999995,0.68
german,hist_gradient_boosting,age_lt_25,eod_violation,0.22,0.8428571428571429,70,0.13250420207851152,0.09090739054343291,0.1172161172161172,0.016952247191011145,0.2827341137123745,0.7481904761904762,0.02476742519553972,0.7695873015873016,0.028520759258225756,24.057142857142857,14.485714285714286,9.571428571428571,0.2648979591836735,0.7351020408163265
german,hist_gradient_boosting,age_lt_25,eod_violation,0.23,0.8714285714285714,70,0.13250420207851152,0.09090739054343291,0.1172161172161172,0.016952247191011145,0.2827341137123745,0.7481904761904762,0.02476742519553972,0.7695873015873016,0.028520759258225756,24.057142857142857,14.485714285714286,9.571428571428571,0.22408163265306122,0.7759183673469388
german,hist_gradient_boosting,age_lt_25,eod_violation,0.24,0.9,70,0.13250420207851152,0.09090739054343291,0.1172161172161172,0.016952247191011145,0.2827341137123745,0.7481904761904762,0.02476742519553972,0.7695873015873016,0.028520759258225756,24.057142857142857,14.485714285714286,9.571428571428571,0.17999999999999997,0.8200000000000001
german,hist_gradient_boosting,age_lt_25,eod_violation,0.25,0.9,70,0.13250420207851152,0.09090739054343291,0.1172161172161172,0.016952247191011145,0.2827341137123745,0.7481904761904762,0.02476742519553972,0.7695873015873016,0.028520759258225756,24.057142857142857,14.485714285714286,9.571428571428571,0.17999999999999997,0.8200000000000001
german,hist_gradient_boosting,age_lt_25,eod_violation,0.26,0.9142857142857143,70,0.13250420207851152,0.09090739054343291,0.1172161172161172,0.016952247191011145,0.2827341137123745,0.7481904761904762,0.02476742519553972,0.7695873015873016,0.028520759258225756,24.057142857142857,14.485714285714286,9.571428571428571,0.15673469387755107,0.8432653061224489
german,hist_gradient_boosting,age_lt_25,eod_violation,0.27,0.9285714285714286,70,0.13250420207851152,0.09090739054343291,0.1172161172161172,0.016952247191011145,0.2827341137123745,0.7481904761904762,0.02476742519553972,0.7695873015873016,0.028520759258225756,24.057142857142857,14.485714285714286,9.571428571428571,0.13265306122448975,0.8673469387755103
german,hist_gradient_boosting,age_lt_25,eod_violation,0.28,0.9428571428571428,70,0.13250420207851152,0.09090739054343291,0.1172161172161172,0.016952247191011145,0.2827341137123745,0.7481904761904762,0.02476742519553972,0.7695873015873016,0.028520759258225756,24.057142857142857,14.485714285714286,9.571428571428571,0.10775510204081636,0.8922448979591836
german,hist_gradient_boosting,age_lt_25,eod_violation,0.29,0.9571428571428572,70,0.13250420207851152,0.09090739054343291,0.1172161172161172,0.016952247191011145,0.2827341137123745,0.7481904761904762,0.02476742519553972,0.7695873015873016,0.028520759258225756,24.057142857142857,14.485714285714286,9.571428571428571,0.08204081632653054,0.9179591836734695
german,hist_gradient_boosting,age_lt_25,eod_violation,0.3,0.9571428571428572,70,0.13250420207851152,0.09090739054343291,0.1172161172161172,0.016952247191011145,0.2827341137123745,0.7481904761904762,0.02476742519553972,0.7695873015873016,0.028520759258225756,24.057142857142857,14.485714285714286,9.571428571428571,0.08204081632653054,0.9179591836734695
german,hist_gradient_boosting,age_lt_25,equalized_odds_violation,0.0,0.0,38,0.1885217156194018,0.09513583997540188,0.18186813186813183,0.06309523809523802,0.3520053475935828,0.7543859649122807,0.021338192903128158,0.7727262600946811,0.024747168724970733,25.105263157894736,14.0,11.105263157894736,0.0,1.0
german,hist_gradient_boosting,age_lt_25,equalized_odds_violation,0.01,0.0,38,0.1885217156194018,0.09513583997540188,0.18186813186813183,0.06309523809523802,0.3520053475935828,0.7543859649122807,0.021338192903128158,0.7727262600946811,0.024747168724970733,25.105263157894736,14.0,11.105263157894736,0.0,1.0
german,hist_gradient_boosting,age_lt_25,equalized_odds_violation,0.02,0.0,38,0.1885217156194018,0.09513583997540188,0.18186813186813183,0.06309523809523802,0.3520053475935828,0.7543859649122807,0.021338192903128158,0.7727262600946811,0.024747168724970733,25.105263157894736,14.0,11.105263157894736,0.0,1.0
german,hist_gradient_boosting,age_lt_25,equalized_odds_violation,0.03,0.02631578947368421,38,0.1885217156194018,0.09513583997540188,0.18186813186813183,0.06309523809523802,0.3520053475935828,0.7543859649122807,0.021338192903128158,0.7727262600946811,0.024747168724970733,25.105263157894736,14.0,11.105263157894736,0.05124653739612188,0.9487534626038782
german,hist_gradient_boosting,age_lt_25,equalized_odds_violation,0.04,0.02631578947368421,38,0.1885217156194018,0.09513583997540188,0.18186813186813183,0.06309523809523802,0.3520053475935828,0.7543859649122807,0.021338192903128158,0.7727262600946811,0.024747168724970733,25.105263157894736,14.0,11.105263157894736,0.05124653739612188,0.9487534626038782
german,hist_gradient_boosting,age_lt_25,equalized_odds_violation,0.05,0.05263157894736842,38,0.1885217156194018,0.09513583997540188,0.18186813186813183,0.06309523809523802,0.3520053475935828,0.7543859649122807,0.021338192903128158,0.7727262600946811,0.024747168724970733,25.105263157894736,14.0,11.105263157894736,0.0997229916897507,0.9002770083102493
german,hist_gradient_boosting,age_lt_25,equalized_odds_violation,0.06,0.05263157894736842,38,0.1885217156194018,0.09513583997540188,0.18186813186813183,0.06309523809523802,0.3520053475935828,0.7543859649122807,0.021338192903128158,0.7727262600946811,0.024747168724970733,25.105263157894736,14.0,11.105263157894736,0.0997229916897507,0.9002770083102493
german,hist_gradient_boosting,age_lt_25,equalized_odds_violation,0.07,0.07894736842105263,38,0.1885217156194018,0.09513583997540188,0.18186813186813183,0.06309523809523802,0.3520053475935828,0.7543859649122807,0.021338192903128158,0.7727262600946811,0.024747168724970733,25.105263157894736,14.0,11.105263157894736,0.14542936288088643,0.8545706371191135
german,hist_gradient_boosting,age_lt_25,equalized_odds_violation,0.08,0.13157894736842105,38,0.1885217156194018,0.09513583997540188,0.18186813186813183,0.06309523809523802,0.3520053475935828,0.7543859649122807,0.021338192903128158,0.7727262600946811,0.024747168724970733,25.105263157894736,14.0,11.105263157894736,0.22853185595567865,0.7714681440443214
german,hist_gradient_boosting,age_lt_25,equalized_odds_violation,0.09,0.18421052631578946,38,0.1885217156194018,0.09513583997540188,0.18186813186813183,0.06309523809523802,0.3520053475935828,0.7543859649122807,0.021338192903128158,0.7727262600946811,0.024747168724970733,25.105263157894736,14.0,11.105263157894736,0.3005540166204986,0.6994459833795015
german,hist_gradient_boosting,age_lt_25,equalized_odds_violation,0.1,0.21052631578947367,38,0.1885217156194018,0.09513583997540188,0.18186813186813183,0.06309523809523802,0.3520053475935828,0.7543859649122807,0.021338192903128158,0.7727262600946811,0.024747168724970733,25.105263157894736,14.0,11.105263157894736,0.33240997229916897,0.6675900277008311
german,hist_gradient_boosting,age_lt_25,equalized_odds_violation,0.11,0.21052631578947367,38,0.1885217156194018,0.09513583997540188,0.18186813186813183,0.06309523809523802,0.3520053475935828,0.7543859649122807,0.021338192903128158,0.7727262600946811,0.024747168724970733,25.105263157894736,14.0,11.105263157894736,0.33240997229916897,0.6675900277008311
german,hist_gradient_boosting,age_lt_25,equalized_odds_violation,0.12,0.2631578947368421,38,0.1885217156194018,0.09513583997540188,0.18186813186813183,0.06309523809523802,0.3520053475935828,0.7543859649122807,0.021338192903128158,0.7727262600946811,0.024747168724970733,25.105263157894736,14.0,11.105263157894736,0.3878116343490305,0.6121883656509695
german,hist_gradient_boosting,age_lt_25,equalized_odds_violation,0.13,0.2631578947368421,38,0.1885217156194018,0.09513583997540188,0.18186813186813183,0.06309523809523802,0.3520053475935828,0.7543859649122807,0.021338192903128158,0.7727262600946811,0.024747168724970733,25.105263157894736,14.0,11.105263157894736,0.3878116343490305,0.6121883656509695
german,hist_gradient_boosting,age_lt_25,equalized_odds_violation,0.14,0.2894736842105263,38,0.1885217156194018,0.09513583997540188,0.18186813186813183,0.06309523809523802,0.3520053475935828,0.7543859649122807,0.021338192903128158,0.7727262600946811,0.024747168724970733,25.105263157894736,14.0,11.105263157894736,0.4113573407202216,0.5886426592797784
german,hist_gradient_boosting,age_lt_25,equalized_odds_violation,0.15,0.3684210526315789,38,0.1885217156194018,0.09513583997540188,0.18186813186813183,0.06309523809523802,0.3520053475935828,0.7543859649122807,0.021338192903128158,0.7727262600946811,0.024747168724970733,25.105263157894736,14.0,11.105263157894736,0.4653739612188365,0.5346260387811634
german,hist_gradient_boosting,age_lt_25,equalized_odds_violation,0.16,0.42105263157894735,38,0.1885217156194018,0.09513583997540188,0.18186813186813183,0.06309523809523802,0.3520053475935828,0.7543859649122807,0.021338192903128158,0.7727262600946811,0.024747168724970733,25.105263157894736,14.0,11.105263157894736,0.48753462603878117,0.5124653739612188
german,hist_gradient_boosting,age_lt_25,equalized_odds_violation,0.17,0.47368421052631576,38,0.1885217156194018,0.09513583997540188,0.18186813186813183,0.06309523809523802,0.3520053475935828,0.7543859649122807,0.021338192903128158,0.7727262600946811,0.024747168724970733,25.105263157894736,14.0,11.105263157894736,0.49861495844875353,0.5013850415512464
german,hist_gradient_boosting,age_lt_25,equalized_odds_violation,0.18,0.5,38,0.1885217156194018,0.09513583997540188,0.18186813186813183,0.06309523809523802,0.3520053475935828,0.7543859649122807,0.021338192903128158,0.7727262600946811,0.024747168724970733,25.105263157894736,14.0,11.105263157894736,0.5,0.5
german,hist_gradient_boosting,age_lt_25,equalized_odds_violation,0.19,0.5,38,0.1885217156194018,0.09513583997540188,0.18186813186813183,0.06309523809523802,0.3520053475935828,0.7543859649122807,0.021338192903128158,0.7727262600946811,0.024747168724970733,25.105263157894736,14.0,11.105263157894736,0.5,0.5
german,hist_gradient_boosting,age_lt_25,equalized_odds_violation,0.2,0.5789473684210527,38,0.1885217156194018,0.09513583997540188,0.18186813186813183,0.06309523809523802,0.3520053475935828,0.7543859649122807,0.021338192903128158,0.7727262600946811,0.024747168724970733,25.105263157894736,14.0,11.105263157894736,0.48753462603878117,0.5124653739612188
german,hist_gradient_boosting,age_lt_25,equalized_odds_violation,0.21,0.6578947368421053,38,0.1885217156194018,0.09513583997540188,0.18186813186813183,0.06309523809523802,0.3520053475935828,0.7543859649122807,0.021338192903128158,0.7727262600946811,0.024747168724970733,25.105263157894736,14.0,11.105263157894736,0.45013850415512463,0.5498614958448753
german,hist_gradient_boosting,age_lt_25,equalized_odds_violation,0.22,0.7105263157894737,38,0.1885217156194018,0.09513583997540188,0.18186813186813183,0.06309523809523802,0.3520053475935828,0.7543859649122807,0.021338192903128158,0.7727262600946811,0.024747168724970733,25.105263157894736,14.0,11.105263157894736,0.4113573407202216,0.5886426592797784
german,hist_gradient_boosting,age_lt_25,equalized_odds_violation,0.23,0.7368421052631579,38,0.1885217156194018,0.09513583997540188,0.18186813186813183,0.06309523809523802,0.3520053475935828,0.7543859649122807,0.021338192903128158,0.7727262600946811,0.024747168724970733,25.105263157894736,14.0,11.105263157894736,0.3878116343490305,0.6121883656509695
german,hist_gradient_boosting,age_lt_25,equalized_odds_violation,0.24,0.7368421052631579,38,0.1885217156194018,0.09513583997540188,0.18186813186813183,0.06309523809523802,0.3520053475935828,0.7543859649122807,0.021338192903128158,0.7727262600946811,0.024747168724970733,25.105263157894736,14.0,11.105263157894736,0.3878116343490305,0.6121883656509695
german,hist_gradient_boosting,age_lt_25,equalized_odds_violation,0.25,0.7631578947368421,38,0.1885217156194018,0.09513583997540188,0.18186813186813183,0.06309523809523802,0.3520053475935828,0.7543859649122807,0.021338192903128158,0.7727262600946811,0.024747168724970733,25.105263157894736,14.0,11.105263157894736,0.3614958448753462,0.6385041551246537
german,hist_gradient_boosting,age_lt_25,equalized_odds_violation,0.26,0.7894736842105263,38,0.1885217156194018,0.09513583997540188,0.18186813186813183,0.06309523809523802,0.3520053475935828,0.7543859649122807,0.021338192903128158,0.7727262600946811,0.024747168724970733,25.105263157894736,14.0,11.105263157894736,0.33240997229916897,0.6675900277008311
german,hist_gradient_boosting,age_lt_25,equalized_odds_violation,0.27,0.7894736842105263,38,0.1885217156194018,0.09513583997540188,0.18186813186813183,0.06309523809523802,0.3520053475935828,0.7543859649122807,0.021338192903128158,0.7727262600946811,0.024747168724970733,25.105263157894736,14.0,11.105263157894736,0.33240997229916897,0.6675900277008311
german,hist_gradient_boosting,age_lt_25,equalized_odds_violation,0.28,0.8157894736842105,38,0.1885217156194018,0.09513583997540188,0.18186813186813183,0.06309523809523802,0.3520053475935828,0.7543859649122807,0.021338192903128158,0.7727262600946811,0.024747168724970733,25.105263157894736,14.0,11.105263157894736,0.30055401662049863,0.6994459833795014
german,hist_gradient_boosting,age_lt_25,equalized_odds_violation,0.29,0.8421052631578947,38,0.1885217156194018,0.09513583997540188,0.18186813186813183,0.06309523809523802,0.3520053475935828,0.7543859649122807,0.021338192903128158,0.7727262600946811,0.024747168724970733,25.105263157894736,14.0,11.105263157894736,0.26592797783933525,0.7340720221606647
german,hist_gradient_boosting,age_lt_25,equalized_odds_violation,0.3,0.8421052631578947,38,0.1885217156194018,0.09513583997540188,0.18186813186813183,0.06309523809523802,0.3520053475935828,0.7543859649122807,0.021338192903128158,0.7727262600946811,0.024747168724970733,25.105263157894736,14.0,11.105263157894736,0.26592797783933525,0.7340720221606647
german,hist_gradient_boosting,sex,dpd_violation,0.0,0.0,100,0.07845997001637305,0.055749974663380324,0.0690394511149228,0.006636002886002865,0.19020324167308936,0.7467333333333334,0.026233775917272502,0.7667174603174602,0.030551463464358358,45.71,29.81,15.88,0.0,1.0
german,hist_gradient_boosting,sex,dpd_violation,0.01,0.07,100,0.07845997001637305,0.055749974663380324,0.0690394511149228,0.006636002886002865,0.19020324167308936,0.7467333333333334,0.026233775917272502,0.7667174603174602,0.030551463464358358,45.71,29.81,15.88,0.1302,0.8698
german,hist_gradient_boosting,sex,dpd_violation,0.02,0.18,100,0.07845997001637305,0.055749974663380324,0.0690394511149228,0.006636002886002865,0.19020324167308936,0.7467333333333334,0.026233775917272502,0.7667174603174602,0.030551463464358358,45.71,29.81,15.88,0.2952,0.7048
german,hist_gradient_boosting,sex,dpd_violation,0.03,0.25,100,0.07845997001637305,0.055749974663380324,0.0690394511149228,0.006636002886002865,0.19020324167308936,0.7467333333333334,0.026233775917272502,0.7667174603174602,0.030551463464358358,45.71,29.81,15.88,0.375,0.625
german,hist_gradient_boosting,sex,dpd_violation,0.04,0.32,100,0.07845997001637305,0.055749974663380324,0.0690394511149228,0.006636002886002865,0.19020324167308936,0.7467333333333334,0.026233775917272502,0.7667174603174602,0.030551463464358358,45.71,29.81,15.88,0.4352,0.5648
german,hist_gradient_boosting,sex,dpd_violation,0.05,0.37,100,0.07845997001637305,0.055749974663380324,0.0690394511149228,0.006636002886002865,0.19020324167308936,0.7467333333333334,0.026233775917272502,0.7667174603174602,0.030551463464358358,45.71,29.81,15.88,0.4662,0.5338
german,hist_gradient_boosting,sex,dpd_violation,0.06,0.42,100,0.07845997001637305,0.055749974663380324,0.0690394511149228,0.006636002886002865,0.19020324167308936,0.7467333333333334,0.026233775917272502,0.7667174603174602,0.030551463464358358,45.71,29.81,15.88,0.4872,0.5127999999999999
german,hist_gradient_boosting,sex,dpd_violation,0.07,0.51,100,0.07845997001637305,0.055749974663380324,0.0690394511149228,0.006636002886002865,0.19020324167308936,0.7467333333333334,0.026233775917272502,0.7667174603174602,0.030551463464358358,45.71,29.81,15.88,0.4998,0.5002
german,hist_gradient_boosting,sex,dpd_violation,0.08,0.55,100,0.07845997001637305,0.055749974663380324,0.0690394511149228,0.006636002886002865,0.19020324167308936,0.7467333333333334,0.026233775917272502,0.7667174603174602,0.030551463464358358,45.71,29.81,15.88,0.495,0.505
german,hist_gradient_boosting,sex,dpd_violation,0.09,0.62,100,0.07845997001637305,0.055749974663380324,0.0690394511149228,0.006636002886002865,0.19020324167308936,0.7467333333333334,0.026233775917272502,0.7667174603174602,0.030551463464358358,45.71,29.81,15.88,0.4712,0.5287999999999999
german,hist_gradient_boosting,sex,dpd_violation,0.1,0.68,100,0.07845997001637305,0.055749974663380324,0.0690394511149228,0.006636002886002865,0.19020324167308936,0.7467333333333334,0.026233775917272502,0.7667174603174602,0.030551463464358358,45.71,29.81,15.88,0.4352,0.5648
german,hist_gradient_boosting,sex,dpd_violation,0.11,0.76,100,0.07845997001637305,0.055749974663380324,0.0690394511149228,0.006636002886002865,0.19020324167308936,0.7467333333333334,0.026233775917272502,0.7667174603174602,0.030551463464358358,45.71,29.81,15.88,0.3648,0.6352
german,hist_gradient_boosting,sex,dpd_violation,0.12,0.78,100,0.07845997001637305,0.055749974663380324,0.0690394511149228,0.006636002886002865,0.19020324167308936,0.7467333333333334,0.026233775917272502,0.7667174603174602,0.030551463464358358,45.71,29.81,15.88,0.34319999999999995,0.6568
german,hist_gradient_boosting,sex,dpd_violation,0.13,0.82,100,0.07845997001637305,0.055749974663380324,0.0690394511149228,0.006636002886002865,0.19020324167308936,0.7467333333333334,0.026233775917272502,0.7667174603174602,0.030551463464358358,45.71,29.81,15.88,0.2952000000000001,0.7047999999999999
german,hist_gradient_boosting,sex,dpd_violation,0.14,0.84,100,0.07845997001637305,0.055749974663380324,0.0690394511149228,0.006636002886002865,0.19020324167308936,0.7467333333333334,0.026233775917272502,0.7667174603174602,0.030551463464358358,45.71,29.81,15.88,0.26880000000000004,0.7312
german,hist_gradient_boosting,sex,dpd_violation,0.15,0.89,100,0.07845997001637305,0.055749974663380324,0.0690394511149228,0.006636002886002865,0.19020324167308936,0.7467333333333334,0.026233775917272502,0.7667174603174602,0.030551463464358358,45.71,29.81,15.88,0.19579999999999997,0.8042
german,hist_gradient_boosting,sex,dpd_violation,0.16,0.9,100,0.07845997001637305,0.055749974663380324,0.0690394511149228,0.006636002886002865,0.19020324167308936,0.7467333333333334,0.026233775917272502,0.7667174603174602,0.030551463464358358,45.71,29.81,15.88,0.17999999999999997,0.8200000000000001
german,hist_gradient_boosting,sex,dpd_violation,0.17,0.92,100,0.07845997001637305,0.055749974663380324,0.0690394511149228,0.006636002886002865,0.19020324167308936,0.7467333333333334,0.026233775917272502,0.7667174603174602,0.030551463464358358,45.71,29.81,15.88,0.14719999999999994,0.8528
german,hist_gradient_boosting,sex,dpd_violation,0.18,0.93,100,0.07845997001637305,0.055749974663380324,0.0690394511149228,0.006636002886002865,0.19020324167308936,0.7467333333333334,0.026233775917272502,0.7667174603174602,0.030551463464358358,45.71,29.81,15.88,0.13019999999999993,0.8698000000000001
german,hist_gradient_boosting,sex,dpd_violation,0.19,0.95,100,0.07845997001637305,0.055749974663380324,0.0690394511149228,0.006636002886002865,0.19020324167308936,0.7467333333333334,0.026233775917272502,0.7667174603174602,0.030551463464358358,45.71,29.81,15.88,0.09500000000000008,0.9049999999999999
german,hist_gradient_boosting,sex,dpd_violation,0.2,0.96,100,0.07845997001637305,0.055749974663380324,0.0690394511149228,0.006636002886002865,0.19020324167308936,0.7467333333333334,0.026233775917272502,0.7667174603174602,0.030551463464358358,45.71,29.81,15.88,0.07680000000000006,0.9231999999999999
german,hist_gradient_boosting,sex,dpd_violation,0.21,0.98,100,0.07845997001637305,0.055749974663380324,0.0690394511149228,0.006636002886002865,0.19020324167308936,0.7467333333333334,0.026233775917272502,0.7667174603174602,0.030551463464358358,45.71,29.81,15.88,0.03920000000000003,0.9608
german,hist_gradient_boosting,sex,dpd_violation,0.22,0.99,100,0.07845997001637305,0.055749974663380324,0.0690394511149228,0.006636002886002865,0.19020324167308936,0.7467333333333334,0.026233775917272502,0.7667174603174602,0.030551463464358358,45.71,29.81,15.88,0.01980000000000002,0.9802
german,hist_gradient_boosting,sex,dpd_violation,0.23,1.0,100,0.07845997001637305,0.055749974663380324,0.0690394511149228,0.006636002886002865,0.19020324167308936,0.7467333333333334,0.026233775917272502,0.7667174603174602,0.030551463464358358,45.71,29.81,15.88,0.0,1.0
german,hist_gradient_boosting,sex,dpd_violation,0.24,1.0,100,0.07845997001637305,0.055749974663380324,0.0690394511149228,0.006636002886002865,0.19020324167308936,0.7467333333333334,0.026233775917272502,0.7667174603174602,0.030551463464358358,45.71,29.81,15.88,0.0,1.0
german,hist_gradient_boosting,sex,dpd_violation,0.25,1.0,100,0.07845997001637305,0.055749974663380324,0.0690394511149228,0.006636002886002865,0.19020324167308936,0.7467333333333334,0.026233775917272502,0.7667174603174602,0.030551463464358358,45.71,29.81,15.88,0.0,1.0
german,hist_gradient_boosting,sex,dpd_violation,0.26,1.0,100,0.07845997001637305,0.055749974663380324,0.0690394511149228,0.006636002886002865,0.19020324167308936,0.7467333333333334,0.026233775917272502,0.7667174603174602,0.030551463464358358,45.71,29.81,15.88,0.0,1.0
german,hist_gradient_boosting,sex,dpd_violation,0.27,1.0,100,0.07845997001637305,0.055749974663380324,0.0690394511149228,0.006636002886002865,0.19020324167308936,0.7467333333333334,0.026233775917272502,0.7667174603174602,0.030551463464358358,45.71,29.81,15.88,0.0,1.0
german,hist_gradient_boosting,sex,dpd_violation,0.28,1.0,100,0.07845997001637305,0.055749974663380324,0.0690394511149228,0.006636002886002865,0.19020324167308936,0.7467333333333334,0.026233775917272502,0.7667174603174602,0.030551463464358358,45.71,29.81,15.88,0.0,1.0
german,hist_gradient_boosting,sex,dpd_violation,0.29,1.0,100,0.07845997001637305,0.055749974663380324,0.0690394511149228,0.006636002886002865,0.19020324167308936,0.7467333333333334,0.026233775917272502,0.7667174603174602,0.030551463464358358,45.71,29.81,15.88,0.0,1.0
german,hist_gradient_boosting,sex,dpd_violation,0.3,1.0,100,0.07845997001637305,0.055749974663380324,0.0690394511149228,0.006636002886002865,0.19020324167308936,0.7467333333333334,0.026233775917272502,0.7667174603174602,0.030551463464358358,45.71,29.81,15.88,0.0,1.0
german,hist_gradient_boosting,sex,dpr_violation,0.0,0.0,100,0.09848153773672534,0.06866014509224924,0.08868436254895465,0.008488135753450515,0.23874932850086505,0.7467333333333334,0.026233775917272502,0.7667174603174602,0.030551463464358358,45.71,29.81,15.88,0.0,1.0
german,hist_gradient_boosting,sex,dpr_violation,0.010000000000000009,0.06,100,0.09848153773672534,0.06866014509224924,0.08868436254895465,0.008488135753450515,0.23874932850086505,0.7467333333333334,0.026233775917272502,0.7667174603174602,0.030551463464358358,45.71,29.81,15.88,0.11279999999999998,0.8872
german,hist_gradient_boosting,sex,dpr_violation,0.020000000000000018,0.13,100,0.09848153773672534,0.06866014509224924,0.08868436254895465,0.008488135753450515,0.23874932850086505,0.7467333333333334,0.026233775917272502,0.7667174603174602,0.030551463464358358,45.71,29.81,15.88,0.2262,0.7738
german,hist_gradient_boosting,sex,dpr_violation,0.030000000000000027,0.18,100,0.09848153773672534,0.06866014509224924,0.08868436254895465,0.008488135753450515,0.23874932850086505,0.7467333333333334,0.026233775917272502,0.7667174603174602,0.030551463464358358,45.71,29.81,15.88,0.2952,0.7048
german,hist_gradient_boosting,sex,dpr_violation,0.040000000000000036,0.25,100,0.09848153773672534,0.06866014509224924,0.08868436254895465,0.008488135753450515,0.23874932850086505,0.7467333333333334,0.026233775917272502,0.7667174603174602,0.030551463464358358,45.71,29.81,15.88,0.375,0.625
german,hist_gradient_boosting,sex,dpr_violation,0.050000000000000044,0.3,100,0.09848153773672534,0.06866014509224924,0.08868436254895465,0.008488135753450515,0.23874932850086505,0.7467333333333334,0.026233775917272502,0.7667174603174602,0.030551463464358358,45.71,29.81,15.88,0.42,0.5800000000000001
german,hist_gradient_boosting,sex,dpr_violation,0.06000000000000005,0.36,100,0.09848153773672534,0.06866014509224924,0.08868436254895465,0.008488135753450515,0.23874932850086505,0.7467333333333334,0.026233775917272502,0.7667174603174602,0.030551463464358358,45.71,29.81,15.88,0.4608,0.5392
german,hist_gradient_boosting,sex,dpr_violation,0.06999999999999995,0.38,100,0.09848153773672534,0.06866014509224924,0.08868436254895465,0.008488135753450515,0.23874932850086505,0.7467333333333334,0.026233775917272502,0.7667174603174602,0.030551463464358358,45.71,29.81,15.88,0.4712,0.5287999999999999
german,hist_gradient_boosting,sex,dpr_violation,0.07999999999999996,0.42,100,0.09848153773672534,0.06866014509224924,0.08868436254895465,0.008488135753450515,0.23874932850086505,0.7467333333333334,0.026233775917272502,0.7667174603174602,0.030551463464358358,45.71,29.81,15.88,0.4872,0.5127999999999999
german,hist_gradient_boosting,sex,dpr_violation,0.08999999999999997,0.52,100,0.09848153773672534,0.06866014509224924,0.08868436254895465,0.008488135753450515,0.23874932850086505,0.7467333333333334,0.026233775917272502,0.7667174603174602,0.030551463464358358,45.71,29.81,15.88,0.4992,0.5008
german,hist_gradient_boosting,sex,dpr_violation,0.09999999999999998,0.54,100,0.09848153773672534,0.06866014509224924,0.08868436254895465,0.008488135753450515,0.23874932850086505,0.7467333333333334,0.026233775917272502,0.7667174603174602,0.030551463464358358,45.71,29.81,15.88,0.4968,0.5032
german,hist_gradient_boosting,sex,dpr_violation,0.10999999999999999,0.57,100,0.09848153773672534,0.06866014509224924,0.08868436254895465,0.008488135753450515,0.23874932850086505,0.7467333333333334,0.026233775917272502,0.7667174603174602,0.030551463464358358,45.71,29.81,15.88,0.4902,0.5098
german,hist_gradient_boosting,sex,dpr_violation,0.12,0.66,100,0.09848153773672534,0.06866014509224924,0.08868436254895465,0.008488135753450515,0.23874932850086505,0.7467333333333334,0.026233775917272502,0.7667174603174602,0.030551463464358358,45.71,29.81,15.88,0.4488,0.5512
german,hist_gradient_boosting,sex,dpr_violation,0.13,0.72,100,0.09848153773672534,0.06866014509224924,0.08868436254895465,0.008488135753450515,0.23874932850086505,0.7467333333333334,0.026233775917272502,0.7667174603174602,0.030551463464358358,45.71,29.81,15.88,0.4032,0.5968
german,hist_gradient_boosting,sex,dpr_violation,0.14,0.75,100,0.09848153773672534,0.06866014509224924,0.08868436254895465,0.008488135753450515,0.23874932850086505,0.7467333333333334,0.026233775917272502,0.7667174603174602,0.030551463464358358,45.71,29.81,15.88,0.375,0.625
german,hist_gradient_boosting,sex,dpr_violation,0.15000000000000002,0.77,100,0.09848153773672534,0.06866014509224924,0.08868436254895465,0.008488135753450515,0.23874932850086505,0.7467333333333334,0.026233775917272502,0.7667174603174602,0.030551463464358358,45.71,29.81,15.88,0.35419999999999996,0.6458
german,hist_gradient_boosting,sex,dpr_violation,0.16000000000000003,0.81,100,0.09848153773672534,0.06866014509224924,0.08868436254895465,0.008488135753450515,0.23874932850086505,0.7467333333333334,0.026233775917272502,0.7667174603174602,0.030551463464358358,45.71,29.81,15.88,0.3077999999999999,0.6922000000000001
german,hist_gradient_boosting,sex,dpr_violation,0.17000000000000004,0.84,100,0.09848153773672534,0.06866014509224924,0.08868436254895465,0.008488135753450515,0.23874932850086505,0.7467333333333334,0.026233775917272502,0.7667174603174602,0.030551463464358358,45.71,29.81,15.88,0.26880000000000004,0.7312
german,hist_gradient_boosting,sex,dpr_violation,0.18000000000000005,0.88,100,0.09848153773672534,0.06866014509224924,0.08868436254895465,0.008488135753450515,0.23874932850086505,0.7467333333333334,0.026233775917272502,0.7667174603174602,0.030551463464358358,45.71,29.81,15.88,0.2112,0.7888
german,hist_gradient_boosting,sex,dpr_violation,0.18999999999999995,0.89,100,0.09848153773672534,0.06866014509224924,0.08868436254895465,0.008488135753450515,0.23874932850086505,0.7467333333333334,0.026233775917272502,0.7667174603174602,0.030551463464358358,45.71,29.81,15.88,0.19579999999999997,0.8042
german,hist_gradient_boosting,sex,dpr_violation,0.19999999999999996,0.9,100,0.09848153773672534,0.06866014509224924,0.08868436254895465,0.008488135753450515,0.23874932850086505,0.7467333333333334,0.026233775917272502,0.7667174603174602,0.030551463464358358,45.71,29.81,15.88,0.17999999999999997,0.8200000000000001
german,hist_gradient_boosting,sex,dpr_violation,0.20999999999999996,0.92,100,0.09848153773672534,0.06866014509224924,0.08868436254895465,0.008488135753450515,0.23874932850086505,0.7467333333333334,0.026233775917272502,0.7667174603174602,0.030551463464358358,45.71,29.81,15.88,0.14719999999999994,0.8528
german,hist_gradient_boosting,sex,dpr_violation,0.21999999999999997,0.94,100,0.09848153773672534,0.06866014509224924,0.08868436254895465,0.008488135753450515,0.23874932850086505,0.7467333333333334,0.026233775917272502,0.7667174603174602,0.030551463464358358,45.71,29.81,15.88,0.1128000000000001,0.8871999999999999
german,hist_gradient_boosting,sex,dpr_violation,0.22999999999999998,0.94,100,0.09848153773672534,0.06866014509224924,0.08868436254895465,0.008488135753450515,0.23874932850086505,0.7467333333333334,0.026233775917272502,0.7667174603174602,0.030551463464358358,45.71,29.81,15.88,0.1128000000000001,0.8871999999999999
german,hist_gradient_boosting,sex,dpr_violation,0.24,0.95,100,0.09848153773672534,0.06866014509224924,0.08868436254895465,0.008488135753450515,0.23874932850086505,0.7467333333333334,0.026233775917272502,0.7667174603174602,0.030551463464358358,45.71,29.81,15.88,0.09500000000000008,0.9049999999999999
german,hist_gradient_boosting,sex,dpr_violation,0.25,0.98,100,0.09848153773672534,0.06866014509224924,0.08868436254895465,0.008488135753450515,0.23874932850086505,0.7467333333333334,0.026233775917272502,0.7667174603174602,0.030551463464358358,45.71,29.81,15.88,0.03920000000000003,0.9608
german,hist_gradient_boosting,sex,dpr_violation,0.26,0.98,100,0.09848153773672534,0.06866014509224924,0.08868436254895465,0.008488135753450515,0.23874932850086505,0.7467333333333334,0.026233775917272502,0.7667174603174602,0.030551463464358358,45.71,29.81,15.88,0.03920000000000003,0.9608
german,hist_gradient_boosting,sex,dpr_violation,0.27,0.99,100,0.09848153773672534,0.06866014509224924,0.08868436254895465,0.008488135753450515,0.23874932850086505,0.7467333333333334,0.026233775917272502,0.7667174603174602,0.030551463464358358,45.71,29.81,15.88,0.01980000000000002,0.9802
german,hist_gradient_boosting,sex,dpr_violation,0.28,1.0,100,0.09848153773672534,0.06866014509224924,0.08868436254895465,0.008488135753450515,0.23874932850086505,0.7467333333333334,0.026233775917272502,0.7667174603174602,0.030551463464358358,45.71,29.81,15.88,0.0,1.0
german,hist_gradient_boosting,sex,dpr_violation,0.29000000000000004,1.0,100,0.09848153773672534,0.06866014509224924,0.08868436254895465,0.008488135753450515,0.23874932850086505,0.7467333333333334,0.026233775917272502,0.7667174603174602,0.030551463464358358,45.71,29.81,15.88,0.0,1.0
german,hist_gradient_boosting,sex,dpr_violation,0.30000000000000004,1.0,100,0.09848153773672534,0.06866014509224924,0.08868436254895465,0.008488135753450515,0.23874932850086505,0.7467333333333334,0.026233775917272502,0.7667174603174602,0.030551463464358358,45.71,29.81,15.88,0.0,1.0
german,hist_gradient_boosting,sex,dpr_violation,0.31000000000000005,1.0,100,0.09848153773672534,0.06866014509224924,0.08868436254895465,0.008488135753450515,0.23874932850086505,0.7467333333333334,0.026233775917272502,0.7667174603174602,0.030551463464358358,45.71,29.81,15.88,0.0,1.0
german,hist_gradient_boosting,sex,dpr_violation,0.31999999999999995,1.0,100,0.09848153773672534,0.06866014509224924,0.08868436254895465,0.008488135753450515,0.23874932850086505,0.7467333333333334,0.026233775917272502,0.7667174603174602,0.030551463464358358,45.71,29.81,15.88,0.0,1.0
german,hist_gradient_boosting,sex,dpr_violation,0.32999999999999996,1.0,100,0.09848153773672534,0.06866014509224924,0.08868436254895465,0.008488135753450515,0.23874932850086505,0.7467333333333334,0.026233775917272502,0.7667174603174602,0.030551463464358358,45.71,29.81,15.88,0.0,1.0
german,hist_gradient_boosting,sex,dpr_violation,0.33999999999999997,1.0,100,0.09848153773672534,0.06866014509224924,0.08868436254895465,0.008488135753450515,0.23874932850086505,0.7467333333333334,0.026233775917272502,0.7667174603174602,0.030551463464358358,45.71,29.81,15.88,0.0,1.0
german,hist_gradient_boosting,sex,dpr_violation,0.35,1.0,100,0.09848153773672534,0.06866014509224924,0.08868436254895465,0.008488135753450515,0.23874932850086505,0.7467333333333334,0.026233775917272502,0.7667174603174602,0.030551463464358358,45.71,29.81,15.88,0.0,1.0
german,hist_gradient_boosting,sex,dpr_violation,0.36,1.0,100,0.09848153773672534,0.06866014509224924,0.08868436254895465,0.008488135753450515,0.23874932850086505,0.7467333333333334,0.026233775917272502,0.7667174603174602,0.030551463464358358,45.71,29.81,15.88,0.0,1.0
german,hist_gradient_boosting,sex,dpr_violation,0.37,1.0,100,0.09848153773672534,0.06866014509224924,0.08868436254895465,0.008488135753450515,0.23874932850086505,0.7467333333333334,0.026233775917272502,0.7667174603174602,0.030551463464358358,45.71,29.81,15.88,0.0,1.0
german,hist_gradient_boosting,sex,dpr_violation,0.38,1.0,100,0.09848153773672534,0.06866014509224924,0.08868436254895465,0.008488135753450515,0.23874932850086505,0.7467333333333334,0.026233775917272502,0.7667174603174602,0.030551463464358358,45.71,29.81,15.88,0.0,1.0
german,hist_gradient_boosting,sex,dpr_violation,0.39,1.0,100,0.09848153773672534,0.06866014509224924,0.08868436254895465,0.008488135753450515,0.23874932850086505,0.7467333333333334,0.026233775917272502,0.7667174603174602,0.030551463464358358,45.71,29.81,15.88,0.0,1.0
german,hist_gradient_boosting,sex,dpr_violation,0.4,1.0,100,0.09848153773672534,0.06866014509224924,0.08868436254895465,0.008488135753450515,0.23874932850086505,0.7467333333333334,0.026233775917272502,0.7667174603174602,0.030551463464358358,45.71,29.81,15.88,0.0,1.0
german,hist_gradient_boosting,sex,eod_violation,0.0,0.01,100,0.07061698786457554,0.04426949867590689,0.06436479841616545,0.00891922185665556,0.1447492030153321,0.7467333333333334,0.026233775917272502,0.7667174603174602,0.030551463464358358,45.71,29.81,15.88,0.0198,0.9802
german,hist_gradient_boosting,sex,eod_violation,0.01,0.07,100,0.07061698786457554,0.04426949867590689,0.06436479841616545,0.00891922185665556,0.1447492030153321,0.7467333333333334,0.026233775917272502,0.7667174603174602,0.030551463464358358,45.71,29.81,15.88,0.1302,0.8698
german,hist_gradient_boosting,sex,eod_violation,0.02,0.15,100,0.07061698786457554,0.04426949867590689,0.06436479841616545,0.00891922185665556,0.1447492030153321,0.7467333333333334,0.026233775917272502,0.7667174603174602,0.030551463464358358,45.71,29.81,15.88,0.255,0.745
german,hist_gradient_boosting,sex,eod_violation,0.03,0.22,100,0.07061698786457554,0.04426949867590689,0.06436479841616545,0.00891922185665556,0.1447492030153321,0.7467333333333334,0.026233775917272502,0.7667174603174602,0.030551463464358358,45.71,29.81,15.88,0.3432,0.6568
german,hist_gradient_boosting,sex,eod_violation,0.04,0.32,100,0.07061698786457554,0.04426949867590689,0.06436479841616545,0.00891922185665556,0.1447492030153321,0.7467333333333334,0.026233775917272502,0.7667174603174602,0.030551463464358358,45.71,29.81,15.88,0.4352,0.5648
german,hist_gradient_boosting,sex,eod_violation,0.05,0.35,100,0.07061698786457554,0.04426949867590689,0.06436479841616545,0.00891922185665556,0.1447492030153321,0.7467333333333334,0.026233775917272502,0.7667174603174602,0.030551463464358358,45.71,29.81,15.88,0.45499999999999996,0.545
german,hist_gradient_boosting,sex,eod_violation,0.06,0.45,100,0.07061698786457554,0.04426949867590689,0.06436479841616545,0.00891922185665556,0.1447492030153321,0.7467333333333334,0.026233775917272502,0.7667174603174602,0.030551463464358358,45.71,29.81,15.88,0.49500000000000005,0.5049999999999999
german,hist_gradient_boosting,sex,eod_violation,0.07,0.54,100,0.07061698786457554,0.04426949867590689,0.06436479841616545,0.00891922185665556,0.1447492030153321,0.7467333333333334,0.026233775917272502,0.7667174603174602,0.030551463464358358,45.71,29.81,15.88,0.4968,0.5032
german,hist_gradient_boosting,sex,eod_violation,0.08,0.61,100,0.07061698786457554,0.04426949867590689,0.06436479841616545,0.00891922185665556,0.1447492030153321,0.7467333333333334,0.026233775917272502,0.7667174603174602,0.030551463464358358,45.71,29.81,15.88,0.4758,0.5242
german,hist_gradient_boosting,sex,eod_violation,0.09,0.63,100,0.07061698786457554,0.04426949867590689,0.06436479841616545,0.00891922185665556,0.1447492030153321,0.7467333333333334,0.026233775917272502,0.7667174603174602,0.030551463464358358,45.71,29.81,15.88,0.4662,0.5338
german,hist_gradient_boosting,sex,eod_violation,0.1,0.73,100,0.07061698786457554,0.04426949867590689,0.06436479841616545,0.00891922185665556,0.1447492030153321,0.7467333333333334,0.026233775917272502,0.7667174603174602,0.030551463464358358,45.71,29.81,15.88,0.3942,0.6058
german,hist_gradient_boosting,sex,eod_violation,0.11,0.8,100,0.07061698786457554,0.04426949867590689,0.06436479841616545,0.00891922185665556,0.1447492030153321,0.7467333333333334,0.026233775917272502,0.7667174603174602,0.030551463464358358,45.71,29.81,15.88,0.31999999999999995,0.68
german,hist_gradient_boosting,sex,eod_violation,0.12,0.84,100,0.07061698786457554,0.04426949867590689,0.06436479841616545,0.00891922185665556,0.1447492030153321,0.7467333333333334,0.026233775917272502,0.7667174603174602,0.030551463464358358,45.71,29.81,15.88,0.26880000000000004,0.7312
german,hist_gradient_boosting,sex,eod_violation,0.13,0.9,100,0.07061698786457554,0.04426949867590689,0.06436479841616545,0.00891922185665556,0.1447492030153321,0.7467333333333334,0.026233775917272502,0.7667174603174602,0.030551463464358358,45.71,29.81,15.88,0.17999999999999997,0.8200000000000001
german,hist_gradient_boosting,sex,eod_violation,0.14,0.92,100,0.07061698786457554,0.04426949867590689,0.06436479841616545,0.00891922185665556,0.1447492030153321,0.7467333333333334,0.026233775917272502,0.7667174603174602,0.030551463464358358,45.71,29.81,15.88,0.14719999999999994,0.8528
german,hist_gradient_boosting,sex,eod_violation,0.15,0.96,100,0.07061698786457554,0.04426949867590689,0.06436479841616545,0.00891922185665556,0.1447492030153321,0.7467333333333334,0.026233775917272502,0.7667174603174602,0.030551463464358358,45.71,29.81,15.88,0.07680000000000006,0.9231999999999999
german,hist_gradient_boosting,sex,eod_violation,0.16,0.97,100,0.07061698786457554,0.04426949867590689,0.06436479841616545,0.00891922185665556,0.1447492030153321,0.7467333333333334,0.026233775917272502,0.7667174603174602,0.030551463464358358,45.71,29.81,15.88,0.05820000000000005,0.9418
german,hist_gradient_boosting,sex,eod_violation,0.17,0.99,100,0.07061698786457554,0.04426949867590689,0.06436479841616545,0.00891922185665556,0.1447492030153321,0.7467333333333334,0.026233775917272502,0.7667174603174602,0.030551463464358358,45.71,29.81,15.88,0.01980000000000002,0.9802
german,hist_gradient_boosting,sex,eod_violation,0.18,0.99,100,0.07061698786457554,0.04426949867590689,0.06436479841616545,0.00891922185665556,0.1447492030153321,0.7467333333333334,0.026233775917272502,0.7667174603174602,0.030551463464358358,45.71,29.81,15.88,0.01980000000000002,0.9802
german,hist_gradient_boosting,sex,eod_violation,0.19,1.0,100,0.07061698786457554,0.04426949867590689,0.06436479841616545,0.00891922185665556,0.1447492030153321,0.7467333333333334,0.026233775917272502,0.7667174603174602,0.030551463464358358,45.71,29.81,15.88,0.0,1.0
german,hist_gradient_boosting,sex,eod_violation,0.2,1.0,100,0.07061698786457554,0.04426949867590689,0.06436479841616545,0.00891922185665556,0.1447492030153321,0.7467333333333334,0.026233775917272502,0.7667174603174602,0.030551463464358358,45.71,29.81,15.88,0.0,1.0
german,hist_gradient_boosting,sex,eod_violation,0.21,1.0,100,0.07061698786457554,0.04426949867590689,0.06436479841616545,0.00891922185665556,0.1447492030153321,0.7467333333333334,0.026233775917272502,0.7667174603174602,0.030551463464358358,45.71,29.81,15.88,0.0,1.0
german,hist_gradient_boosting,sex,eod_violation,0.22,1.0,100,0.07061698786457554,0.04426949867590689,0.06436479841616545,0.00891922185665556,0.1447492030153321,0.7467333333333334,0.026233775917272502,0.7667174603174602,0.030551463464358358,45.71,29.81,15.88,0.0,1.0
german,hist_gradient_boosting,sex,eod_violation,0.23,1.0,100,0.07061698786457554,0.04426949867590689,0.06436479841616545,0.00891922185665556,0.1447492030153321,0.7467333333333334,0.026233775917272502,0.7667174603174602,0.030551463464358358,45.71,29.81,15.88,0.0,1.0
german,hist_gradient_boosting,sex,eod_violation,0.24,1.0,100,0.07061698786457554,0.04426949867590689,0.06436479841616545,0.00891922185665556,0.1447492030153321,0.7467333333333334,0.026233775917272502,0.7667174603174602,0.030551463464358358,45.71,29.81,15.88,0.0,1.0
german,hist_gradient_boosting,sex,eod_violation,0.25,1.0,100,0.07061698786457554,0.04426949867590689,0.06436479841616545,0.00891922185665556,0.1447492030153321,0.7467333333333334,0.026233775917272502,0.7667174603174602,0.030551463464358358,45.71,29.81,15.88,0.0,1.0
german,hist_gradient_boosting,sex,eod_violation,0.26,1.0,100,0.07061698786457554,0.04426949867590689,0.06436479841616545,0.00891922185665556,0.1447492030153321,0.7467333333333334,0.026233775917272502,0.7667174603174602,0.030551463464358358,45.71,29.81,15.88,0.0,1.0
german,hist_gradient_boosting,sex,eod_violation,0.27,1.0,100,0.07061698786457554,0.04426949867590689,0.06436479841616545,0.00891922185665556,0.1447492030153321,0.7467333333333334,0.026233775917272502,0.7667174603174602,0.030551463464358358,45.71,29.81,15.88,0.0,1.0
german,hist_gradient_boosting,sex,eod_violation,0.28,1.0,100,0.07061698786457554,0.04426949867590689,0.06436479841616545,0.00891922185665556,0.1447492030153321,0.7467333333333334,0.026233775917272502,0.7667174603174602,0.030551463464358358,45.71,29.81,15.88,0.0,1.0
german,hist_gradient_boosting,sex,eod_violation,0.29,1.0,100,0.07061698786457554,0.04426949867590689,0.06436479841616545,0.00891922185665556,0.1447492030153321,0.7467333333333334,0.026233775917272502,0.7667174603174602,0.030551463464358358,45.71,29.81,15.88,0.0,1.0
german,hist_gradient_boosting,sex,eod_violation,0.3,1.0,100,0.07061698786457554,0.04426949867590689,0.06436479841616545,0.00891922185665556,0.1447492030153321,0.7467333333333334,0.026233775917272502,0.7667174603174602,0.030551463464358358,45.71,29.81,15.88,0.0,1.0
german,hist_gradient_boosting,sex,equalized_odds_violation,0.0,0.0,98,0.15224898389643252,0.09337501265693335,0.1278633004926108,0.03585299455535387,0.31467911877394633,0.7471428571428571,0.026272865457266432,0.7676773566569485,0.029946020672898612,45.734693877551024,29.683673469387756,16.03061224489796,0.0,1.0
german,hist_gradient_boosting,sex,equalized_odds_violation,0.01,0.0,98,0.15224898389643252,0.09337501265693335,0.1278633004926108,0.03585299455535387,0.31467911877394633,0.7471428571428571,0.026272865457266432,0.7676773566569485,0.029946020672898612,45.734693877551024,29.683673469387756,16.03061224489796,0.0,1.0
german,hist_gradient_boosting,sex,equalized_odds_violation,0.02,0.01020408163265306,98,0.15224898389643252,0.09337501265693335,0.1278633004926108,0.03585299455535387,0.31467911877394633,0.7471428571428571,0.026272865457266432,0.7676773566569485,0.029946020672898612,45.734693877551024,29.683673469387756,16.03061224489796,0.020199916701374426,0.9798000832986256
german,hist_gradient_boosting,sex,equalized_odds_violation,0.03,0.030612244897959183,98,0.15224898389643252,0.09337501265693335,0.1278633004926108,0.03585299455535387,0.31467911877394633,0.7471428571428571,0.026272865457266432,0.7676773566569485,0.029946020672898612,45.734693877551024,29.683673469387756,16.03061224489796,0.05935027072053311,0.9406497292794669
german,hist_gradient_boosting,sex,equalized_odds_violation,0.04,0.10204081632653061,98,0.15224898389643252,0.09337501265693335,0.1278633004926108,0.03585299455535387,0.31467911877394633,0.7471428571428571,0.026272865457266432,0.7676773566569485,0.029946020672898612,45.734693877551024,29.683673469387756,16.03061224489796,0.1832569762598917,0.8167430237401083
german,hist_gradient_boosting,sex,equalized_odds_violation,0.05,0.12244897959183673,98,0.15224898389643252,0.09337501265693335,0.1278633004926108,0.03585299455535387,0.31467911877394633,0.7471428571428571,0.026272865457266432,0.7676773566569485,0.029946020672898612,45.734693877551024,29.683673469387756,16.03061224489796,0.21491045397750935,0.7850895460224907
german,hist_gradient_boosting,sex,equalized_odds_violation,0.06,0.16326530612244897,98,0.15224898389643252,0.09337501265693335,0.1278633004926108,0.03585299455535387,0.31467911877394633,0.7471428571428571,0.026272865457266432,0.7676773566569485,0.029946020672898612,45.734693877551024,29.683673469387756,16.03061224489796,0.273219491878384,0.726780508121616
german,hist_gradient_boosting,sex,equalized_odds_violation,0.07,0.17346938775510204,98,0.15224898389643252,0.09337501265693335,0.1278633004926108,0.03585299455535387,0.31467911877394633,0.7471428571428571,0.026272865457266432,0.7676773566569485,0.029946020672898612,45.734693877551024,29.683673469387756,16.03061224489796,0.2867555185339442,0.7132444814660558
german,hist_gradient_boosting,sex,equalized_odds_violation,0.08,0.21428571428571427,98,0.15224898389643252,0.09337501265693335,0.1278633004926108,0.03585299455535387,0.31467911877394633,0.7471428571428571,0.026272865457266432,0.7676773566569485,0.029946020672898612,45.734693877551024,29.683673469387756,16.03061224489796,0.336734693877551,0.6632653061224489
german,hist_gradient_boosting,sex,equalized_odds_violation,0.09,0.23469387755102042,98,0.15224898389643252,0.09337501265693335,0.1278633004926108,0.03585299455535387,0.31467911877394633,0.7471428571428571,0.026272865457266432,0.7676773566569485,0.029946020672898612,45.734693877551024,29.683673469387756,16.03061224489796,0.3592253227821741,0.6407746772178259
german,hist_gradient_boosting,sex,equalized_odds_violation,0.1,0.3469387755102041,98,0.15224898389643252,0.09337501265693335,0.1278633004926108,0.03585299455535387,0.31467911877394633,0.7471428571428571,0.026272865457266432,0.7676773566569485,0.029946020672898612,45.734693877551024,29.683673469387756,16.03061224489796,0.4531445231153686,0.5468554768846314
german,hist_gradient_boosting,sex,equalized_odds_violation,0.11,0.4387755102040816,98,0.15224898389643252,0.09337501265693335,0.1278633004926108,0.03585299455535387,0.31467911877394633,0.7471428571428571,0.026272865457266432,0.7676773566569485,0.029946020672898612,45.734693877551024,29.683673469387756,16.03061224489796,0.492503123698459,0.5074968763015411
german,hist_gradient_boosting,sex,equalized_odds_violation,0.12,0.46938775510204084,98,0.15224898389643252,0.09337501265693335,0.1278633004926108,0.03585299455535387,0.31467911877394633,0.7471428571428571,0.026272865457266432,0.7676773566569485,0.029946020672898612,45.734693877551024,29.683673469387756,16.03061224489796,0.4981257809246147,0.5018742190753853
german,hist_gradient_boosting,sex,equalized_odds_violation,0.13,0.5204081632653061,98,0.15224898389643252,0.09337501265693335,0.1278633004926108,0.03585299455535387,0.31467911877394633,0.7471428571428571,0.026272865457266432,0.7676773566569485,0.029946020672898612,45.734693877551024,29.683673469387756,16.03061224489796,0.4991670137442732,0.5008329862557268
german,hist_gradient_boosting,sex,equalized_odds_violation,0.14,0.5306122448979592,98,0.15224898389643252,0.09337501265693335,0.1278633004926108,0.03585299455535387,0.31467911877394633,0.7471428571428571,0.026272865457266432,0.7676773566569485,0.029946020672898612,45.734693877551024,29.683673469387756,16.03061224489796,0.49812578092461474,0.5018742190753853
german,hist_gradient_boosting,sex,equalized_odds_violation,0.15,0.5816326530612245,98,0.15224898389643252,0.09337501265693335,0.1278633004926108,0.03585299455535387,0.31467911877394633,0.7471428571428571,0.026272865457266432,0.7676773566569485,0.029946020672898612,45.734693877551024,29.683673469387756,16.03061224489796,0.4866722199083715,0.5133277800916285
german,hist_gradient_boosting,sex,equalized_odds_violation,0.16,0.6224489795918368,98,0.15224898389643252,0.09337501265693335,0.1278633004926108,0.03585299455535387,0.31467911877394633,0.7471428571428571,0.026272865457266432,0.7676773566569485,0.029946020672898612,45.734693877551024,29.683673469387756,16.03061224489796,0.4700124947938359,0.5299875052061641
german,hist_gradient_boosting,sex,equalized_odds_violation,0.17,0.6632653061224489,98,0.15224898389643252,0.09337501265693335,0.1278633004926108,0.03585299455535387,0.31467911877394633,0.7471428571428571,0.026272865457266432,0.7676773566569485,0.029946020672898612,45.734693877551024,29.683673469387756,16.03061224489796,0.4466888796334861,0.553311120366514
german,hist_gradient_boosting,sex,equalized_odds_violation,0.18,0.673469387755102,98,0.15224898389643252,0.09337501265693335,0.1278633004926108,0.03585299455535387,0.31467911877394633,0.7471428571428571,0.026272865457266432,0.7676773566569485,0.029946020672898612,45.734693877551024,29.683673469387756,16.03061224489796,0.43981674302374013,0.5601832569762599
german,hist_gradient_boosting,sex,equalized_odds_violation,0.19,0.7142857142857143,98,0.15224898389643252,0.09337501265693335,0.1278633004926108,0.03585299455535387,0.31467911877394633,0.7471428571428571,0.026272865457266432,0.7676773566569485,0.029946020672898612,45.734693877551024,29.683673469387756,16.03061224489796,0.40816326530612246,0.5918367346938775
german,hist_gradient_boosting,sex,equalized_odds_violation,0.2,0.7551020408163265,98,0.15224898389643252,0.09337501265693335,0.1278633004926108,0.03585299455535387,0.31467911877394633,0.7471428571428571,0.026272865457266432,0.7676773566569485,0.029946020672898612,45.734693877551024,29.683673469387756,16.03061224489796,0.3698458975426906,0.6301541024573094
german,hist_gradient_boosting,sex,equalized_odds_violation,0.21,0.7653061224489796,98,0.15224898389643252,0.09337501265693335,0.1278633004926108,0.03585299455535387,0.31467911877394633,0.7471428571428571,0.026272865457266432,0.7676773566569485,0.029946020672898612,45.734693877551024,29.683673469387756,16.03061224489796,0.3592253227821741,0.6407746772178259
german,hist_gradient_boosting,sex,equalized_odds_violation,0.22,0.7755102040816326,98,0.15224898389643252,0.09337501265693335,0.1278633004926108,0.03585299455535387,0.31467911877394633,0.7471428571428571,0.026272865457266432,0.7676773566569485,0.029946020672898612,45.734693877551024,29.683673469387756,16.03061224489796,0.3481882548937943,0.6518117451062058
german,hist_gradient_boosting,sex,equalized_odds_violation,0.23,0.7755102040816326,98,0.15224898389643252,0.09337501265693335,0.1278633004926108,0.03585299455535387,0.31467911877394633,0.7471428571428571,0.026272865457266432,0.7676773566569485,0.029946020672898612,45.734693877551024,29.683673469387756,16.03061224489796,0.3481882548937943,0.6518117451062058
german,hist_gradient_boosting,sex,equalized_odds_violation,0.24,0.7959183673469388,98,0.15224898389643252,0.09337501265693335,0.1278633004926108,0.03585299455535387,0.31467911877394633,0.7471428571428571,0.026272865457266432,0.7676773566569485,0.029946020672898612,45.734693877551024,29.683673469387756,16.03061224489796,0.3248646397334444,0.6751353602665555
german,hist_gradient_boosting,sex,equalized_odds_violation,0.25,0.8163265306122449,98,0.15224898389643252,0.09337501265693335,0.1278633004926108,0.03585299455535387,0.31467911877394633,0.7471428571428571,0.026272865457266432,0.7676773566569485,0.029946020672898612,45.734693877551024,29.683673469387756,16.03061224489796,0.29987505206164095,0.7001249479383591
german,hist_gradient_boosting,sex,equalized_odds_violation,0.26,0.8469387755102041,98,0.15224898389643252,0.09337501265693335,0.1278633004926108,0.03585299455535387,0.31467911877394633,0.7471428571428571,0.026272865457266432,0.7676773566569485,0.029946020672898612,45.734693877551024,29.683673469387756,16.03061224489796,0.25926697209496036,0.7407330279050397
german,hist_gradient_boosting,sex,equalized_odds_violation,0.27,0.8673469387755102,98,0.15224898389643252,0.09337501265693335,0.1278633004926108,0.03585299455535387,0.31467911877394633,0.7471428571428571,0.026272865457266432,0.7676773566569485,0.029946020672898612,45.734693877551024,29.683673469387756,16.03061224489796,0.23011245314452317,0.7698875468554769
german,hist_gradient_boosting,sex,equalized_odds_violation,0.28,0.8775510204081632,98,0.15224898389643252,0.09337501265693335,0.1278633004926108,0.03585299455535387,0.31467911877394633,0.7471428571428571,0.026272865457266432,0.7676773566569485,0.029946020672898612,45.734693877551024,29.683673469387756,16.03061224489796,0.2149104539775094,0.7850895460224906
german,hist_gradient_boosting,sex,equalized_odds_violation,0.29,0.8877551020408163,98,0.15224898389643252,0.09337501265693335,0.1278633004926108,0.03585299455535387,0.31467911877394633,0.7471428571428571,0.026272865457266432,0.7676773566569485,0.029946020672898612,45.734693877551024,29.683673469387756,16.03061224489796,0.19929196168263225,0.8007080383173677
german,hist_gradient_boosting,sex,equalized_odds_violation,0.3,0.9183673469387755,98,0.15224898389643252,0.09337501265693335,0.1278633004926108,0.03585299455535387,0.31467911877394633,0.7471428571428571,0.026272865457266432,0.7676773566569485,0.029946020672898612,45.734693877551024,29.683673469387756,16.03061224489796,0.14993752603082044,0.8500624739691796
german,logistic_regression,age_lt_25,dpd_violation,0.0,0.0,73,0.15791880306363273,0.09900932948884773,0.1406423034330011,0.021215004258037,0.3426993145743146,0.7442009132420091,0.030010427186148915,0.777079075161267,0.03191923522832736,23.91780821917808,14.246575342465754,9.67123287671233,0.0,1.0
german,logistic_regression,age_lt_25,dpd_violation,0.01,0.0136986301369863,73,0.15791880306363273,0.09900932948884773,0.1406423034330011,0.021215004258037,0.3426993145743146,0.7442009132420091,0.030010427186148915,0.777079075161267,0.03191923522832736,23.91780821917808,14.246575342465754,9.67123287671233,0.0270219553387127,0.9729780446612873
german,logistic_regression,age_lt_25,dpd_violation,0.02,0.0410958904109589,73,0.15791880306363273,0.09900932948884773,0.1406423034330011,0.021215004258037,0.3426993145743146,0.7442009132420091,0.030010427186148915,0.777079075161267,0.03191923522832736,23.91780821917808,14.246575342465754,9.67123287671233,0.07881403640457872,0.9211859635954213
german,logistic_regression,age_lt_25,dpd_violation,0.03,0.1095890410958904,73,0.15791880306363273,0.09900932948884773,0.1406423034330011,0.021215004258037,0.3426993145743146,0.7442009132420091,0.030010427186148915,0.777079075161267,0.03191923522832736,23.91780821917808,14.246575342465754,9.67123287671233,0.1951585663351473,0.8048414336648527
german,logistic_regression,age_lt_25,dpd_violation,0.04,0.1232876712328767,73,0.15791880306363273,0.09900932948884773,0.1406423034330011,0.021215004258037,0.3426993145743146,0.7442009132420091,0.030010427186148915,0.777079075161267,0.03191923522832736,23.91780821917808,14.246575342465754,9.67123287671233,0.2161756427097016,0.7838243572902984
german,logistic_regression,age_lt_25,dpd_violation,0.05,0.1506849315068493,73,0.15791880306363273,0.09900932948884773,0.1406423034330011,0.021215004258037,0.3426993145743146,0.7442009132420091,0.030010427186148915,0.777079075161267,0.03191923522832736,23.91780821917808,14.246575342465754,9.67123287671233,0.2559579658472509,0.7440420341527492
german,logistic_regression,age_lt_25,dpd_violation,0.06,0.1917808219178082,73,0.15791880306363273,0.09900932948884773,0.1406423034330011,0.021215004258037,0.3426993145743146,0.7442009132420091,0.030010427186148915,0.777079075161267,0.03191923522832736,23.91780821917808,14.246575342465754,9.67123287671233,0.3100018765246763,0.6899981234753236
german,logistic_regression,age_lt_25,dpd_violation,0.07,0.2465753424657534,73,0.15791880306363273,0.09900932948884773,0.1406423034330011,0.021215004258037,0.3426993145743146,0.7442009132420091,0.030010427186148915,0.777079075161267,0.03191923522832736,23.91780821917808,14.246575342465754,9.67123287671233,0.37155188590729965,0.6284481140927003
german,logistic_regression,age_lt_25,dpd_violation,0.08,0.2465753424657534,73,0.15791880306363273,0.09900932948884773,0.1406423034330011,0.021215004258037,0.3426993145743146,0.7442009132420091,0.030010427186148915,0.777079075161267,0.03191923522832736,23.91780821917808,14.246575342465754,9.67123287671233,0.37155188590729965,0.6284481140927003
german,logistic_regression,age_lt_25,dpd_violation,0.09,0.273972602739726,73,0.15791880306363273,0.09900932948884773,0.1406423034330011,0.021215004258037,0.3426993145743146,0.7442009132420091,0.030010427186148915,0.777079075161267,0.03191923522832736,23.91780821917808,14.246575342465754,9.67123287671233,0.3978232313754926,0.6021767686245074
german,logistic_regression,age_lt_25,dpd_violation,0.1,0.3424657534246575,73,0.15791880306363273,0.09900932948884773,0.1406423034330011,0.021215004258037,0.3426993145743146,0.7442009132420091,0.030010427186148915,0.777079075161267,0.03191923522832736,23.91780821917808,14.246575342465754,9.67123287671233,0.45036592231187833,0.5496340776881217
german,logistic_regression,age_lt_25,dpd_violation,0.11,0.3698630136986301,73,0.15791880306363273,0.09900932948884773,0.1406423034330011,0.021215004258037,0.3426993145743146,0.7442009132420091,0.030010427186148915,0.777079075161267,0.03191923522832736,23.91780821917808,14.246575342465754,9.67123287671233,0.46612872959279417,0.5338712704072058
german,logistic_regression,age_lt_25,dpd_violation,0.12,0.3835616438356164,73,0.15791880306363273,0.09900932948884773,0.1406423034330011,0.021215004258037,0.3426993145743146,0.7442009132420091,0.030010427186148915,0.777079075161267,0.03191923522832736,23.91780821917808,14.246575342465754,9.67123287671233,0.4728842184274723,0.5271157815725277
german,logistic_regression,age_lt_25,dpd_violation,0.13,0.4246575342465753,73,0.15791880306363273,0.09900932948884773,0.1406423034330011,0.021215004258037,0.3426993145743146,0.7442009132420091,0.030010427186148915,0.777079075161267,0.03191923522832736,23.91780821917808,14.246575342465754,9.67123287671233,0.4886470257083881,0.5113529742916119
german,logistic_regression,age_lt_25,dpd_violation,0.14,0.4931506849315068,73,0.15791880306363273,0.09900932948884773,0.1406423034330011,0.021215004258037,0.3426993145743146,0.7442009132420091,0.030010427186148915,0.777079075161267,0.03191923522832736,23.91780821917808,14.246575342465754,9.67123287671233,0.499906173766185,0.500093826233815
german,logistic_regression,age_lt_25,dpd_violation,0.15,0.5068493150684932,73,0.15791880306363273,0.09900932948884773,0.1406423034330011,0.021215004258037,0.3426993145743146,0.7442009132420091,0.030010427186148915,0.777079075161267,0.03191923522832736,23.91780821917808,14.246575342465754,9.67123287671233,0.499906173766185,0.500093826233815
german,logistic_regression,age_lt_25,dpd_violation,0.16,0.5342465753424658,73,0.15791880306363273,0.09900932948884773,0.1406423034330011,0.021215004258037,0.3426993145743146,0.7442009132420091,0.030010427186148915,0.777079075161267,0.03191923522832736,23.91780821917808,14.246575342465754,9.67123287671233,0.4976543441546256,0.5023456558453744
german,logistic_regression,age_lt_25,dpd_violation,0.17,0.5753424657534246,73,0.15791880306363273,0.09900932948884773,0.1406423034330011,0.021215004258037,0.3426993145743146,0.7442009132420091,0.030010427186148915,0.777079075161267,0.03191923522832736,23.91780821917808,14.246575342465754,9.67123287671233,0.4886470257083881,0.5113529742916119
german,logistic_regression,age_lt_25,dpd_violation,0.18,0.589041095890411,73,0.15791880306363273,0.09900932948884773,0.1406423034330011,0.021215004258037,0.3426993145743146,0.7442009132420091,0.030010427186148915,0.777079075161267,0.03191923522832736,23.91780821917808,14.246575342465754,9.67123287671233,0.4841433664852693,0.5158566335147308
german,logistic_regression,age_lt_25,dpd_violation,0.19,0.6438356164383562,73,0.15791880306363273,0.09900932948884773,0.1406423034330011,0.021215004258037,0.3426993145743146,0.7442009132420091,0.030010427186148915,0.777079075161267,0.03191923522832736,23.91780821917808,14.246575342465754,9.67123287671233,0.45862263088759614,0.5413773691124039
german,logistic_regression,age_lt_25,dpd_violation,0.2,0.684931506849315,73,0.15791880306363273,0.09900932948884773,0.1406423034330011,0.021215004258037,0.3426993145743146,0.7442009132420091,0.030010427186148915,0.777079075161267,0.03191923522832736,23.91780821917808,14.246575342465754,9.67123287671233,0.4316006755488835,0.5683993244511165
german,logistic_regression,age_lt_25,dpd_violation,0.21,0.6986301369863014,73,0.15791880306363273,0.09900932948884773,0.1406423034330011,0.021215004258037,0.3426993145743146,0.7442009132420091,0.030010427186148915,0.777079075161267,0.03191923522832736,23.91780821917808,14.246575342465754,9.67123287671233,0.4210921373616063,0.5789078626383937
german,logistic_regression,age_lt_25,dpd_violation,0.22,0.7534246575342466,73,0.15791880306363273,0.09900932948884773,0.1406423034330011,0.021215004258037,0.3426993145743146,0.7442009132420091,0.030010427186148915,0.777079075161267,0.03191923522832736,23.91780821917808,14.246575342465754,9.67123287671233,0.37155188590729965,0.6284481140927003
german,logistic_regression,age_lt_25,dpd_violation,0.23,0.7808219178082192,73,0.15791880306363273,0.09900932948884773,0.1406423034330011,0.021215004258037,0.3426993145743146,0.7442009132420091,0.030010427186148915,0.777079075161267,0.03191923522832736,23.91780821917808,14.246575342465754,9.67123287671233,0.3422781009570276,0.6577218990429724
german,logistic_regression,age_lt_25,dpd_violation,0.24,0.7945205479452054,73,0.15791880306363273,0.09900932948884773,0.1406423034330011,0.021215004258037,0.3426993145743146,0.7442009132420091,0.030010427186148915,0.777079075161267,0.03191923522832736,23.91780821917808,14.246575342465754,9.67123287671233,0.3265152936761119,0.6734847063238881
german,logistic_regression,age_lt_25,dpd_violation,0.25,0.821917808219178,73,0.15791880306363273,0.09900932948884773,0.1406423034330011,0.021215004258037,0.3426993145743146,0.7442009132420091,0.030010427186148915,0.777079075161267,0.03191923522832736,23.91780821917808,14.246575342465754,9.67123287671233,0.292737849502721,0.7072621504972789
german,logistic_regression,age_lt_25,dpd_violation,0.26,0.8493150684931506,73,0.15791880306363273,0.09900932948884773,0.1406423034330011,0.021215004258037,0.3426993145743146,0.7442009132420091,0.030010427186148915,0.777079075161267,0.03191923522832736,23.91780821917808,14.246575342465754,9.67123287671233,0.25595796584725095,0.744042034152749
german,logistic_regression,age_lt_25,dpd_violation,0.27,0.8904109589041096,73,0.15791880306363273,0.09900932948884773,0.1406423034330011,0.021215004258037,0.3426993145743146,0.7442009132420091,0.030010427186148915,0.777079075161267,0.03191923522832736,23.91780821917808,14.246575342465754,9.67123287671233,0.1951585663351473,0.8048414336648527
german,logistic_regression,age_lt_25,dpd_violation,0.28,0.8904109589041096,73,0.15791880306363273,0.09900932948884773,0.1406423034330011,0.021215004258037,0.3426993145743146,0.7442009132420091,0.030010427186148915,0.777079075161267,0.03191923522832736,23.91780821917808,14.246575342465754,9.67123287671233,0.1951585663351473,0.8048414336648527
german,logistic_regression,age_lt_25,dpd_violation,0.29,0.8904109589041096,73,0.15791880306363273,0.09900932948884773,0.1406423034330011,0.021215004258037,0.3426993145743146,0.7442009132420091,0.030010427186148915,0.777079075161267,0.03191923522832736,23.91780821917808,14.246575342465754,9.67123287671233,0.1951585663351473,0.8048414336648527
german,logistic_regression,age_lt_25,dpd_violation,0.3,0.8904109589041096,73,0.15791880306363273,0.09900932948884773,0.1406423034330011,0.021215004258037,0.3426993145743146,0.7442009132420091,0.030010427186148915,0.777079075161267,0.03191923522832736,23.91780821917808,14.246575342465754,9.67123287671233,0.1951585663351473,0.8048414336648527
german,logistic_regression,age_lt_25,dpr_violation,0.0,0.0,73,0.19858035013370995,0.12230438301020514,0.185131195335277,0.03116883116883108,0.4260239708181344,0.7442009132420091,0.030010427186148915,0.777079075161267,0.03191923522832736,23.91780821917808,14.246575342465754,9.67123287671233,0.0,1.0
german,logistic_regression,age_lt_25,dpr_violation,0.010000000000000009,0.0,73,0.19858035013370995,0.12230438301020514,0.185131195335277,0.03116883116883108,0.4260239708181344,0.7442009132420091,0.030010427186148915,0.777079075161267,0.03191923522832736,23.91780821917808,14.246575342465754,9.67123287671233,0.0,1.0
german,logistic_regression,age_lt_25,dpr_violation,0.020000000000000018,0.0273972602739726,73,0.19858035013370995,0.12230438301020514,0.185131195335277,0.03116883116883108,0.4260239708181344,0.7442009132420091,0.030010427186148915,0.777079075161267,0.03191923522832736,23.91780821917808,14.246575342465754,9.67123287671233,0.05329330080690561,0.9467066991930944
german,logistic_regression,age_lt_25,dpr_violation,0.030000000000000027,0.0410958904109589,73,0.19858035013370995,0.12230438301020514,0.185131195335277,0.03116883116883108,0.4260239708181344,0.7442009132420091,0.030010427186148915,0.777079075161267,0.03191923522832736,23.91780821917808,14.246575342465754,9.67123287671233,0.07881403640457872,0.9211859635954213
german,logistic_regression,age_lt_25,dpr_violation,0.040000000000000036,0.1095890410958904,73,0.19858035013370995,0.12230438301020514,0.185131195335277,0.03116883116883108,0.4260239708181344,0.7442009132420091,0.030010427186148915,0.777079075161267,0.03191923522832736,23.91780821917808,14.246575342465754,9.67123287671233,0.1951585663351473,0.8048414336648527
german,logistic_regression,age_lt_25,dpr_violation,0.050000000000000044,0.1232876712328767,73,0.19858035013370995,0.12230438301020514,0.185131195335277,0.03116883116883108,0.4260239708181344,0.7442009132420091,0.030010427186148915,0.777079075161267,0.03191923522832736,23.91780821917808,14.246575342465754,9.67123287671233,0.2161756427097016,0.7838243572902984
german,logistic_regression,age_lt_25,dpr_violation,0.06000000000000005,0.136986301369863,73,0.19858035013370995,0.12230438301020514,0.185131195335277,0.03116883116883108,0.4260239708181344,0.7442009132420091,0.030010427186148915,0.777079075161267,0.03191923522832736,23.91780821917808,14.246575342465754,9.67123287671233,0.23644210921373615,0.7635578907862639
german,logistic_regression,age_lt_25,dpr_violation,0.06999999999999995,0.1643835616438356,73,0.19858035013370995,0.12230438301020514,0.185131195335277,0.03116883116883108,0.4260239708181344,0.7442009132420091,0.030010427186148915,0.777079075161267,0.03191923522832736,23.91780821917808,14.246575342465754,9.67123287671233,0.2747232126102458,0.7252767873897542
german,logistic_regression,age_lt_25,dpr_violation,0.07999999999999996,0.1917808219178082,73,0.19858035013370995,0.12230438301020514,0.185131195335277,0.03116883116883108,0.4260239708181344,0.7442009132420091,0.030010427186148915,0.777079075161267,0.03191923522832736,23.91780821917808,14.246575342465754,9.67123287671233,0.3100018765246763,0.6899981234753236
german,logistic_regression,age_lt_25,dpr_violation,0.08999999999999997,0.2191780821917808,73,0.19858035013370995,0.12230438301020514,0.185131195335277,0.03116883116883108,0.4260239708181344,0.7442009132420091,0.030010427186148915,0.777079075161267,0.03191923522832736,23.91780821917808,14.246575342465754,9.67123287671233,0.3422781009570276,0.6577218990429724
german,logistic_regression,age_lt_25,dpr_violation,0.09999999999999998,0.2465753424657534,73,0.19858035013370995,0.12230438301020514,0.185131195335277,0.03116883116883108,0.4260239708181344,0.7442009132420091,0.030010427186148915,0.777079075161267,0.03191923522832736,23.91780821917808,14.246575342465754,9.67123287671233,0.37155188590729965,0.6284481140927003
german,logistic_regression,age_lt_25,dpr_violation,0.10999999999999999,0.2602739726027397,73,0.19858035013370995,0.12230438301020514,0.185131195335277,0.03116883116883108,0.4260239708181344,0.7442009132420091,0.030010427186148915,0.777079075161267,0.03191923522832736,23.91780821917808,14.246575342465754,9.67123287671233,0.38506286357665603,0.614937136423344
german,logistic_regression,age_lt_25,dpr_violation,0.12,0.3013698630136986,73,0.19858035013370995,0.12230438301020514,0.185131195335277,0.03116883116883108,0.4260239708181344,0.7442009132420091,0.030010427186148915,0.777079075161267,0.03191923522832736,23.91780821917808,14.246575342465754,9.67123287671233,0.4210921373616063,0.5789078626383937
german,logistic_regression,age_lt_25,dpr_violation,0.13,0.3287671232876712,73,0.19858035013370995,0.12230438301020514,0.185131195335277,0.03116883116883108,0.4260239708181344,0.7442009132420091,0.030010427186148915,0.777079075161267,0.03191923522832736,23.91780821917808,14.246575342465754,9.67123287671233,0.4413586038656408,0.5586413961343593
german,logistic_regression,age_lt_25,dpr_violation,0.14,0.3561643835616438,73,0.19858035013370995,0.12230438301020514,0.185131195335277,0.03116883116883108,0.4260239708181344,0.7442009132420091,0.030010427186148915,0.777079075161267,0.03191923522832736,23.91780821917808,14.246575342465754,9.67123287671233,0.45862263088759614,0.5413773691124039
german,logistic_regression,age_lt_25,dpr_violation,0.15000000000000002,0.3835616438356164,73,0.19858035013370995,0.12230438301020514,0.185131195335277,0.03116883116883108,0.4260239708181344,0.7442009132420091,0.030010427186148915,0.777079075161267,0.03191923522832736,23.91780821917808,14.246575342465754,9.67123287671233,0.4728842184274723,0.5271157815725277
german,logistic_regression,age_lt_25,dpr_violation,0.16000000000000003,0.4246575342465753,73,0.19858035013370995,0.12230438301020514,0.185131195335277,0.03116883116883108,0.4260239708181344,0.7442009132420091,0.030010427186148915,0.777079075161267,0.03191923522832736,23.91780821917808,14.246575342465754,9.67123287671233,0.4886470257083881,0.5113529742916119
german,logistic_regression,age_lt_25,dpr_violation,0.17000000000000004,0.4657534246575342,73,0.19858035013370995,0.12230438301020514,0.185131195335277,0.03116883116883108,0.4260239708181344,0.7442009132420091,0.030010427186148915,0.777079075161267,0.03191923522832736,23.91780821917808,14.246575342465754,9.67123287671233,0.4976543441546256,0.5023456558453744
german,logistic_regression,age_lt_25,dpr_violation,0.18000000000000005,0.4931506849315068,73,0.19858035013370995,0.12230438301020514,0.185131195335277,0.03116883116883108,0.4260239708181344,0.7442009132420091,0.030010427186148915,0.777079075161267,0.03191923522832736,23.91780821917808,14.246575342465754,9.67123287671233,0.499906173766185,0.500093826233815
german,logistic_regression,age_lt_25,dpr_violation,0.18999999999999995,0.5068493150684932,73,0.19858035013370995,0.12230438301020514,0.185131195335277,0.03116883116883108,0.4260239708181344,0.7442009132420091,0.030010427186148915,0.777079075161267,0.03191923522832736,23.91780821917808,14.246575342465754,9.67123287671233,0.499906173766185,0.500093826233815
german,logistic_regression,age_lt_25,dpr_violation,0.19999999999999996,0.5205479452054794,73,0.19858035013370995,0.12230438301020514,0.185131195335277,0.03116883116883108,0.4260239708181344,0.7442009132420091,0.030010427186148915,0.777079075161267,0.03191923522832736,23.91780821917808,14.246575342465754,9.67123287671233,0.49915556389566523,0.5008444361043347
german,logistic_regression,age_lt_25,dpr_violation,0.20999999999999996,0.547945205479452,73,0.19858035013370995,0.12230438301020514,0.185131195335277,0.03116883116883108,0.4260239708181344,0.7442009132420091,0.030010427186148915,0.777079075161267,0.03191923522832736,23.91780821917808,14.246575342465754,9.67123287671233,0.4954025145430663,0.5045974854569337
german,logistic_regression,age_lt_25,dpr_violation,0.21999999999999997,0.5753424657534246,73,0.19858035013370995,0.12230438301020514,0.185131195335277,0.03116883116883108,0.4260239708181344,0.7442009132420091,0.030010427186148915,0.777079075161267,0.03191923522832736,23.91780821917808,14.246575342465754,9.67123287671233,0.4886470257083881,0.5113529742916119
german,logistic_regression,age_lt_25,dpr_violation,0.22999999999999998,0.589041095890411,73,0.19858035013370995,0.12230438301020514,0.185131195335277,0.03116883116883108,0.4260239708181344,0.7442009132420091,0.030010427186148915,0.777079075161267,0.03191923522832736,23.91780821917808,14.246575342465754,9.67123287671233,0.4841433664852693,0.5158566335147308
german,logistic_regression,age_lt_25,dpr_violation,0.24,0.6164383561643836,73,0.19858035013370995,0.12230438301020514,0.185131195335277,0.03116883116883108,0.4260239708181344,0.7442009132420091,0.030010427186148915,0.777079075161267,0.03191923522832736,23.91780821917808,14.246575342465754,9.67123287671233,0.4728842184274723,0.5271157815725277
german,logistic_regression,age_lt_25,dpr_violation,0.25,0.6575342465753424,73,0.19858035013370995,0.12230438301020514,0.185131195335277,0.03116883116883108,0.4260239708181344,0.7442009132420091,0.030010427186148915,0.777079075161267,0.03191923522832736,23.91780821917808,14.246575342465754,9.67123287671233,0.45036592231187844,0.5496340776881216
german,logistic_regression,age_lt_25,dpr_violation,0.26,0.6986301369863014,73,0.19858035013370995,0.12230438301020514,0.185131195335277,0.03116883116883108,0.4260239708181344,0.7442009132420091,0.030010427186148915,0.777079075161267,0.03191923522832736,23.91780821917808,14.246575342465754,9.67123287671233,0.4210921373616063,0.5789078626383937
german,logistic_regression,age_lt_25,dpr_violation,0.27,0.7397260273972602,73,0.19858035013370995,0.12230438301020514,0.185131195335277,0.03116883116883108,0.4260239708181344,0.7442009132420091,0.030010427186148915,0.777079075161267,0.03191923522832736,23.91780821917808,14.246575342465754,9.67123287671233,0.3850628635766561,0.6149371364233439
german,logistic_regression,age_lt_25,dpr_violation,0.28,0.7671232876712328,73,0.19858035013370995,0.12230438301020514,0.185131195335277,0.03116883116883108,0.4260239708181344,0.7442009132420091,0.030010427186148915,0.777079075161267,0.03191923522832736,23.91780821917808,14.246575342465754,9.67123287671233,0.3572902983674236,0.6427097016325765
german,logistic_regression,age_lt_25,dpr_violation,0.29000000000000004,0.7945205479452054,73,0.19858035013370995,0.12230438301020514,0.185131195335277,0.03116883116883108,0.4260239708181344,0.7442009132420091,0.030010427186148915,0.777079075161267,0.03191923522832736,23.91780821917808,14.246575342465754,9.67123287671233,0.3265152936761119,0.6734847063238881
german,logistic_regression,age_lt_25,dpr_violation,0.30000000000000004,0.7945205479452054,73,0.19858035013370995,0.12230438301020514,0.185131195335277,0.03116883116883108,0.4260239708181344,0.7442009132420091,0.030010427186148915,0.777079075161267,0.03191923522832736,23.91780821917808,14.246575342465754,9.67123287671233,0.3265152936761119,0.6734847063238881
german,logistic_regression,age_lt_25,dpr_violation,0.31000000000000005,0.8356164383561644,73,0.19858035013370995,0.12230438301020514,0.185131195335277,0.03116883116883108,0.4260239708181344,0.7442009132420091,0.030010427186148915,0.777079075161267,0.03191923522832736,23.91780821917808,14.246575342465754,9.67123287671233,0.2747232126102458,0.7252767873897542
german,logistic_regression,age_lt_25,dpr_violation,0.31999999999999995,0.863013698630137,73,0.19858035013370995,0.12230438301020514,0.185131195335277,0.03116883116883108,0.4260239708181344,0.7442009132420091,0.030010427186148915,0.777079075161267,0.03191923522832736,23.91780821917808,14.246575342465754,9.67123287671233,0.23644210921373615,0.7635578907862639
german,logistic_regression,age_lt_25,dpr_violation,0.32999999999999996,0.8904109589041096,73,0.19858035013370995,0.12230438301020514,0.185131195335277,0.03116883116883108,0.4260239708181344,0.7442009132420091,0.030010427186148915,0.777079075161267,0.03191923522832736,23.91780821917808,14.246575342465754,9.67123287671233,0.1951585663351473,0.8048414336648527
german,logistic_regression,age_lt_25,dpr_violation,0.33999999999999997,0.8904109589041096,73,0.19858035013370995,0.12230438301020514,0.185131195335277,0.03116883116883108,0.4260239708181344,0.7442009132420091,0.030010427186148915,0.777079075161267,0.03191923522832736,23.91780821917808,14.246575342465754,9.67123287671233,0.1951585663351473,0.8048414336648527
german,logistic_regression,age_lt_25,dpr_violation,0.35,0.9041095890410958,73,0.19858035013370995,0.12230438301020514,0.185131195335277,0.03116883116883108,0.4260239708181344,0.7442009132420091,0.030010427186148915,0.777079075161267,0.03191923522832736,23.91780821917808,14.246575342465754,9.67123287671233,0.17339088009007328,0.8266091199099267
german,logistic_regression,age_lt_25,dpr_violation,0.36,0.9041095890410958,73,0.19858035013370995,0.12230438301020514,0.185131195335277,0.03116883116883108,0.4260239708181344,0.7442009132420091,0.030010427186148915,0.777079075161267,0.03191923522832736,23.91780821917808,14.246575342465754,9.67123287671233,0.17339088009007328,0.8266091199099267
german,logistic_regression,age_lt_25,dpr_violation,0.37,0.9041095890410958,73,0.19858035013370995,0.12230438301020514,0.185131195335277,0.03116883116883108,0.4260239708181344,0.7442009132420091,0.030010427186148915,0.777079075161267,0.03191923522832736,23.91780821917808,14.246575342465754,9.67123287671233,0.17339088009007328,0.8266091199099267
german,logistic_regression,age_lt_25,dpr_violation,0.38,0.9041095890410958,73,0.19858035013370995,0.12230438301020514,0.185131195335277,0.03116883116883108,0.4260239708181344,0.7442009132420091,0.030010427186148915,0.777079075161267,0.03191923522832736,23.91780821917808,14.246575342465754,9.67123287671233,0.17339088009007328,0.8266091199099267
german,logistic_regression,age_lt_25,dpr_violation,0.39,0.9041095890410958,73,0.19858035013370995,0.12230438301020514,0.185131195335277,0.03116883116883108,0.4260239708181344,0.7442009132420091,0.030010427186148915,0.777079075161267,0.03191923522832736,23.91780821917808,14.246575342465754,9.67123287671233,0.17339088009007328,0.8266091199099267
german,logistic_regression,age_lt_25,dpr_violation,0.4,0.9041095890410958,73,0.19858035013370995,0.12230438301020514,0.185131195335277,0.03116883116883108,0.4260239708181344,0.7442009132420091,0.030010427186148915,0.777079075161267,0.03191923522832736,23.91780821917808,14.246575342465754,9.67123287671233,0.17339088009007328,0.8266091199099267
german,logistic_regression,age_lt_25,eod_violation,0.0,0.0,70,0.17076492973670523,0.12599246643613274,0.14543312794490748,0.010469966629588375,0.369716258496062,0.7445714285714286,0.02965269403663165,0.776734693877551,0.03153307035444981,24.057142857142857,14.485714285714286,9.571428571428571,0.0,1.0
german,logistic_regression,age_lt_25,eod_violation,0.01,0.05714285714285714,70,0.17076492973670523,0.12599246643613274,0.14543312794490748,0.010469966629588375,0.369716258496062,0.7445714285714286,0.02965269403663165,0.776734693877551,0.03153307035444981,24.057142857142857,14.485714285714286,9.571428571428571,0.10775510204081633,0.8922448979591837
german,logistic_regression,age_lt_25,eod_violation,0.02,0.1,70,0.17076492973670523,0.12599246643613274,0.14543312794490748,0.010469966629588375,0.369716258496062,0.7445714285714286,0.02965269403663165,0.776734693877551,0.03153307035444981,24.057142857142857,14.485714285714286,9.571428571428571,0.18000000000000002,0.82
german,logistic_regression,age_lt_25,eod_violation,0.03,0.14285714285714285,70,0.17076492973670523,0.12599246643613274,0.14543312794490748,0.010469966629588375,0.369716258496062,0.7445714285714286,0.02965269403663165,0.776734693877551,0.03153307035444981,24.057142857142857,14.485714285714286,9.571428571428571,0.24489795918367346,0.7551020408163265
german,logistic_regression,age_lt_25,eod_violation,0.04,0.14285714285714285,70,0.17076492973670523,0.12599246643613274,0.14543312794490748,0.010469966629588375,0.369716258496062,0.7445714285714286,0.02965269403663165,0.776734693877551,0.03153307035444981,24.057142857142857,14.485714285714286,9.571428571428571,0.24489795918367346,0.7551020408163265
german,logistic_regression,age_lt_25,eod_violation,0.05,0.18571428571428572,70,0.17076492973670523,0.12599246643613274,0.14543312794490748,0.010469966629588375,0.369716258496062,0.7445714285714286,0.02965269403663165,0.776734693877551,0.03153307035444981,24.057142857142857,14.485714285714286,9.571428571428571,0.30244897959183675,0.6975510204081632
german,logistic_regression,age_lt_25,eod_violation,0.06,0.2571428571428571,70,0.17076492973670523,0.12599246643613274,0.14543312794490748,0.010469966629588375,0.369716258496062,0.7445714285714286,0.02965269403663165,0.776734693877551,0.03153307035444981,24.057142857142857,14.485714285714286,9.571428571428571,0.3820408163265306,0.6179591836734695
german,logistic_regression,age_lt_25,eod_violation,0.07,0.3142857142857143,70,0.17076492973670523,0.12599246643613274,0.14543312794490748,0.010469966629588375,0.369716258496062,0.7445714285714286,0.02965269403663165,0.776734693877551,0.03153307035444981,24.057142857142857,14.485714285714286,9.571428571428571,0.4310204081632653,0.5689795918367346
german,logistic_regression,age_lt_25,eod_violation,0.08,0.32857142857142857,70,0.17076492973670523,0.12599246643613274,0.14543312794490748,0.010469966629588375,0.369716258496062,0.7445714285714286,0.02965269403663165,0.776734693877551,0.03153307035444981,24.057142857142857,14.485714285714286,9.571428571428571,0.4412244897959184,0.5587755102040817
german,logistic_regression,age_lt_25,eod_violation,0.09,0.34285714285714286,70,0.17076492973670523,0.12599246643613274,0.14543312794490748,0.010469966629588375,0.369716258496062,0.7445714285714286,0.02965269403663165,0.776734693877551,0.03153307035444981,24.057142857142857,14.485714285714286,9.571428571428571,0.4506122448979592,0.5493877551020407
german,logistic_regression,age_lt_25,eod_violation,0.1,0.37142857142857144,70,0.17076492973670523,0.12599246643613274,0.14543312794490748,0.010469966629588375,0.369716258496062,0.7445714285714286,0.02965269403663165,0.776734693877551,0.03153307035444981,24.057142857142857,14.485714285714286,9.571428571428571,0.4669387755102041,0.5330612244897959
german,logistic_regression,age_lt_25,eod_violation,0.11,0.4142857142857143,70,0.17076492973670523,0.12599246643613274,0.14543312794490748,0.010469966629588375,0.369716258496062,0.7445714285714286,0.02965269403663165,0.776734693877551,0.03153307035444981,24.057142857142857,14.485714285714286,9.571428571428571,0.4853061224489796,0.5146938775510204
german,logistic_regression,age_lt_25,eod_violation,0.12,0.44285714285714284,70,0.17076492973670523,0.12599246643613274,0.14543312794490748,0.010469966629588375,0.369716258496062,0.7445714285714286,0.02965269403663165,0.776734693877551,0.03153307035444981,24.057142857142857,14.485714285714286,9.571428571428571,0.493469387755102,0.506530612244898
german,logistic_regression,age_lt_25,eod_violation,0.13,0.45714285714285713,70,0.17076492973670523,0.12599246643613274,0.14543312794490748,0.010469966629588375,0.369716258496062,0.7445714285714286,0.02965269403663165,0.776734693877551,0.03153307035444981,24.057142857142857,14.485714285714286,9.571428571428571,0.49632653061224496,0.503673469387755
german,logistic_regression,age_lt_25,eod_violation,0.14,0.5,70,0.17076492973670523,0.12599246643613274,0.14543312794490748,0.010469966629588375,0.369716258496062,0.7445714285714286,0.02965269403663165,0.776734693877551,0.03153307035444981,24.057142857142857,14.485714285714286,9.571428571428571,0.5,0.5
german,logistic_regression,age_lt_25,eod_violation,0.15,0.5,70,0.17076492973670523,0.12599246643613274,0.14543312794490748,0.010469966629588375,0.369716258496062,0.7445714285714286,0.02965269403663165,0.776734693877551,0.03153307035444981,24.057142857142857,14.485714285714286,9.571428571428571,0.5,0.5
german,logistic_regression,age_lt_25,eod_violation,0.16,0.5142857142857142,70,0.17076492973670523,0.12599246643613274,0.14543312794490748,0.010469966629588375,0.369716258496062,0.7445714285714286,0.02965269403663165,0.776734693877551,0.03153307035444981,24.057142857142857,14.485714285714286,9.571428571428571,0.4995918367346939,0.5004081632653061
german,logistic_regression,age_lt_25,eod_violation,0.17,0.5857142857142857,70,0.17076492973670523,0.12599246643613274,0.14543312794490748,0.010469966629588375,0.369716258496062,0.7445714285714286,0.02965269403663165,0.776734693877551,0.03153307035444981,24.057142857142857,14.485714285714286,9.571428571428571,0.4853061224489796,0.5146938775510204
german,logistic_regression,age_lt_25,eod_violation,0.18,0.6142857142857143,70,0.17076492973670523,0.12599246643613274,0.14543312794490748,0.010469966629588375,0.369716258496062,0.7445714285714286,0.02965269403663165,0.776734693877551,0.03153307035444981,24.057142857142857,14.485714285714286,9.571428571428571,0.4738775510204081,0.5261224489795919
german,logistic_regression,age_lt_25,eod_violation,0.19,0.6285714285714286,70,0.17076492973670523,0.12599246643613274,0.14543312794490748,0.010469966629588375,0.369716258496062,0.7445714285714286,0.02965269403663165,0.776734693877551,0.03153307035444981,24.057142857142857,14.485714285714286,9.571428571428571,0.4669387755102041,0.5330612244897959
german,logistic_regression,age_lt_25,eod_violation,0.2,0.6285714285714286,70,0.17076492973670523,0.12599246643613274,0.14543312794490748,0.010469966629588375,0.369716258496062,0.7445714285714286,0.02965269403663165,0.776734693877551,0.03153307035444981,24.057142857142857,14.485714285714286,9.571428571428571,0.4669387755102041,0.5330612244897959
german,logistic_regression,age_lt_25,eod_violation,0.21,0.6285714285714286,70,0.17076492973670523,0.12599246643613274,0.14543312794490748,0.010469966629588375,0.369716258496062,0.7445714285714286,0.02965269403663165,0.776734693877551,0.03153307035444981,24.057142857142857,14.485714285714286,9.571428571428571,0.4669387755102041,0.5330612244897959
german,logistic_regression,age_lt_25,eod_violation,0.22,0.6428571428571429,70,0.17076492973670523,0.12599246643613274,0.14543312794490748,0.010469966629588375,0.369716258496062,0.7445714285714286,0.02965269403663165,0.776734693877551,0.03153307035444981,24.057142857142857,14.485714285714286,9.571428571428571,0.4591836734693877,0.5408163265306123
german,logistic_regression,age_lt_25,eod_violation,0.23,0.6428571428571429,70,0.17076492973670523,0.12599246643613274,0.14543312794490748,0.010469966629588375,0.369716258496062,0.7445714285714286,0.02965269403663165,0.776734693877551,0.03153307035444981,24.057142857142857,14.485714285714286,9.571428571428571,0.4591836734693877,0.5408163265306123
german,logistic_regression,age_lt_25,eod_violation,0.24,0.6714285714285714,70,0.17076492973670523,0.12599246643613274,0.14543312794490748,0.010469966629588375,0.369716258496062,0.7445714285714286,0.02965269403663165,0.776734693877551,0.03153307035444981,24.057142857142857,14.485714285714286,9.571428571428571,0.4412244897959184,0.5587755102040817
german,logistic_regression,age_lt_25,eod_violation,0.25,0.6714285714285714,70,0.17076492973670523,0.12599246643613274,0.14543312794490748,0.010469966629588375,0.369716258496062,0.7445714285714286,0.02965269403663165,0.776734693877551,0.03153307035444981,24.057142857142857,14.485714285714286,9.571428571428571,0.4412244897959184,0.5587755102040817
german,logistic_regression,age_lt_25,eod_violation,0.26,0.6714285714285714,70,0.17076492973670523,0.12599246643613274,0.14543312794490748,0.010469966629588375,0.369716258496062,0.7445714285714286,0.02965269403663165,0.776734693877551,0.03153307035444981,24.057142857142857,14.485714285714286,9.571428571428571,0.4412244897959184,0.5587755102040817
german,logistic_regression,age_lt_25,eod_violation,0.27,0.7142857142857143,70,0.17076492973670523,0.12599246643613274,0.14543312794490748,0.010469966629588375,0.369716258496062,0.7445714285714286,0.02965269403663165,0.776734693877551,0.03153307035444981,24.057142857142857,14.485714285714286,9.571428571428571,0.40816326530612246,0.5918367346938775
german,logistic_regression,age_lt_25,eod_violation,0.28,0.7428571428571429,70,0.17076492973670523,0.12599246643613274,0.14543312794490748,0.010469966629588375,0.369716258496062,0.7445714285714286,0.02965269403663165,0.776734693877551,0.03153307035444981,24.057142857142857,14.485714285714286,9.571428571428571,0.3820408163265306,0.6179591836734695
german,logistic_regression,age_lt_25,eod_violation,0.29,0.7857142857142857,70,0.17076492973670523,0.12599246643613274,0.14543312794490748,0.010469966629588375,0.369716258496062,0.7445714285714286,0.02965269403663165,0.776734693877551,0.03153307035444981,24.057142857142857,14.485714285714286,9.571428571428571,0.33673469387755106,0.6632653061224489
german,logistic_regression,age_lt_25,eod_violation,0.3,0.8142857142857143,70,0.17076492973670523,0.12599246643613274,0.14543312794490748,0.010469966629588375,0.369716258496062,0.7445714285714286,0.02965269403663165,0.776734693877551,0.03153307035444981,24.057142857142857,14.485714285714286,9.571428571428571,0.30244897959183675,0.6975510204081632
german,logistic_regression,age_lt_25,equalized_odds_violation,0.0,0.0,38,0.23150323724724922,0.11164343593026652,0.23809523809523808,0.059441421446113085,0.3926740812379109,0.7457894736842106,0.027560299280163892,0.7757282094124199,0.0304827084114455,25.105263157894736,14.0,11.105263157894736,0.0,1.0
german,logistic_regression,age_lt_25,equalized_odds_violation,0.01,0.0,38,0.23150323724724922,0.11164343593026652,0.23809523809523808,0.059441421446113085,0.3926740812379109,0.7457894736842106,0.027560299280163892,0.7757282094124199,0.0304827084114455,25.105263157894736,14.0,11.105263157894736,0.0,1.0
german,logistic_regression,age_lt_25,equalized_odds_violation,0.02,0.0,38,0.23150323724724922,0.11164343593026652,0.23809523809523808,0.059441421446113085,0.3926740812379109,0.7457894736842106,0.027560299280163892,0.7757282094124199,0.0304827084114455,25.105263157894736,14.0,11.105263157894736,0.0,1.0
german,logistic_regression,age_lt_25,equalized_odds_violation,0.03,0.0,38,0.23150323724724922,0.11164343593026652,0.23809523809523808,0.059441421446113085,0.3926740812379109,0.7457894736842106,0.027560299280163892,0.7757282094124199,0.0304827084114455,25.105263157894736,14.0,11.105263157894736,0.0,1.0
german,logistic_regression,age_lt_25,equalized_odds_violation,0.04,0.0,38,0.23150323724724922,0.11164343593026652,0.23809523809523808,0.059441421446113085,0.3926740812379109,0.7457894736842106,0.027560299280163892,0.7757282094124199,0.0304827084114455,25.105263157894736,14.0,11.105263157894736,0.0,1.0
german,logistic_regression,age_lt_25,equalized_odds_violation,0.05,0.02631578947368421,38,0.23150323724724922,0.11164343593026652,0.23809523809523808,0.059441421446113085,0.3926740812379109,0.7457894736842106,0.027560299280163892,0.7757282094124199,0.0304827084114455,25.105263157894736,14.0,11.105263157894736,0.05124653739612188,0.9487534626038782
german,logistic_regression,age_lt_25,equalized_odds_violation,0.06,0.07894736842105263,38,0.23150323724724922,0.11164343593026652,0.23809523809523808,0.059441421446113085,0.3926740812379109,0.7457894736842106,0.027560299280163892,0.7757282094124199,0.0304827084114455,25.105263157894736,14.0,11.105263157894736,0.14542936288088643,0.8545706371191135
german,logistic_regression,age_lt_25,equalized_odds_violation,0.07,0.07894736842105263,38,0.23150323724724922,0.11164343593026652,0.23809523809523808,0.059441421446113085,0.3926740812379109,0.7457894736842106,0.027560299280163892,0.7757282094124199,0.0304827084114455,25.105263157894736,14.0,11.105263157894736,0.14542936288088643,0.8545706371191135
german,logistic_regression,age_lt_25,equalized_odds_violation,0.08,0.10526315789473684,38,0.23150323724724922,0.11164343593026652,0.23809523809523808,0.059441421446113085,0.3926740812379109,0.7457894736842106,0.027560299280163892,0.7757282094124199,0.0304827084114455,25.105263157894736,14.0,11.105263157894736,0.18836565096952906,0.8116343490304709
german,logistic_regression,age_lt_25,equalized_odds_violation,0.09,0.10526315789473684,38,0.23150323724724922,0.11164343593026652,0.23809523809523808,0.059441421446113085,0.3926740812379109,0.7457894736842106,0.027560299280163892,0.7757282094124199,0.0304827084114455,25.105263157894736,14.0,11.105263157894736,0.18836565096952906,0.8116343490304709
german,logistic_regression,age_lt_25,equalized_odds_violation,0.1,0.13157894736842105,38,0.23150323724724922,0.11164343593026652,0.23809523809523808,0.059441421446113085,0.3926740812379109,0.7457894736842106,0.027560299280163892,0.7757282094124199,0.0304827084114455,25.105263157894736,14.0,11.105263157894736,0.22853185595567865,0.7714681440443214
german,logistic_regression,age_lt_25,equalized_odds_violation,0.11,0.13157894736842105,38,0.23150323724724922,0.11164343593026652,0.23809523809523808,0.059441421446113085,0.3926740812379109,0.7457894736842106,0.027560299280163892,0.7757282094124199,0.0304827084114455,25.105263157894736,14.0,11.105263157894736,0.22853185595567865,0.7714681440443214
german,logistic_regression,age_lt_25,equalized_odds_violation,0.12,0.15789473684210525,38,0.23150323724724922,0.11164343593026652,0.23809523809523808,0.059441421446113085,0.3926740812379109,0.7457894736842106,0.027560299280163892,0.7757282094124199,0.0304827084114455,25.105263157894736,14.0,11.105263157894736,0.26592797783933514,0.7340720221606649
german,logistic_regression,age_lt_25,equalized_odds_violation,0.13,0.18421052631578946,38,0.23150323724724922,0.11164343593026652,0.23809523809523808,0.059441421446113085,0.3926740812379109,0.7457894736842106,0.027560299280163892,0.7757282094124199,0.0304827084114455,25.105263157894736,14.0,11.105263157894736,0.3005540166204986,0.6994459833795015
german,logistic_regression,age_lt_25,equalized_odds_violation,0.14,0.2631578947368421,38,0.23150323724724922,0.11164343593026652,0.23809523809523808,0.059441421446113085,0.3926740812379109,0.7457894736842106,0.027560299280163892,0.7757282094124199,0.0304827084114455,25.105263157894736,14.0,11.105263157894736,0.3878116343490305,0.6121883656509695
german,logistic_regression,age_lt_25,equalized_odds_violation,0.15,0.2631578947368421,38,0.23150323724724922,0.11164343593026652,0.23809523809523808,0.059441421446113085,0.3926740812379109,0.7457894736842106,0.027560299280163892,0.7757282094124199,0.0304827084114455,25.105263157894736,14.0,11.105263157894736,0.3878116343490305,0.6121883656509695
german,logistic_regression,age_lt_25,equalized_odds_violation,0.16,0.2894736842105263,38,0.23150323724724922,0.11164343593026652,0.23809523809523808,0.059441421446113085,0.3926740812379109,0.7457894736842106,0.027560299280163892,0.7757282094124199,0.0304827084114455,25.105263157894736,14.0,11.105263157894736,0.4113573407202216,0.5886426592797784
german,logistic_regression,age_lt_25,equalized_odds_violation,0.17,0.3684210526315789,38,0.23150323724724922,0.11164343593026652,0.23809523809523808,0.059441421446113085,0.3926740812379109,0.7457894736842106,0.027560299280163892,0.7757282094124199,0.0304827084114455,25.105263157894736,14.0,11.105263157894736,0.4653739612188365,0.5346260387811634
german,logistic_regression,age_lt_25,equalized_odds_violation,0.18,0.39473684210526316,38,0.23150323724724922,0.11164343593026652,0.23809523809523808,0.059441421446113085,0.3926740812379109,0.7457894736842106,0.027560299280163892,0.7757282094124199,0.0304827084114455,25.105263157894736,14.0,11.105263157894736,0.4778393351800554,0.5221606648199446
german,logistic_regression,age_lt_25,equalized_odds_violation,0.19,0.42105263157894735,38,0.23150323724724922,0.11164343593026652,0.23809523809523808,0.059441421446113085,0.3926740812379109,0.7457894736842106,0.027560299280163892,0.7757282094124199,0.0304827084114455,25.105263157894736,14.0,11.105263157894736,0.48753462603878117,0.5124653739612188
german,logistic_regression,age_lt_25,equalized_odds_violation,0.2,0.42105263157894735,38,0.23150323724724922,0.11164343593026652,0.23809523809523808,0.059441421446113085,0.3926740812379109,0.7457894736842106,0.027560299280163892,0.7757282094124199,0.0304827084114455,25.105263157894736,14.0,11.105263157894736,0.48753462603878117,0.5124653739612188
german,logistic_regression,age_lt_25,equalized_odds_violation,0.21,0.42105263157894735,38,0.23150323724724922,0.11164343593026652,0.23809523809523808,0.059441421446113085,0.3926740812379109,0.7457894736842106,0.027560299280163892,0.7757282094124199,0.0304827084114455,25.105263157894736,14.0,11.105263157894736,0.48753462603878117,0.5124653739612188
german,logistic_regression,age_lt_25,equalized_odds_violation,0.22,0.4473684210526316,38,0.23150323724724922,0.11164343593026652,0.23809523809523808,0.059441421446113085,0.3926740812379109,0.7457894736842106,0.027560299280163892,0.7757282094124199,0.0304827084114455,25.105263157894736,14.0,11.105263157894736,0.4944598337950138,0.5055401662049862
german,logistic_regression,age_lt_25,equalized_odds_violation,0.23,0.47368421052631576,38,0.23150323724724922,0.11164343593026652,0.23809523809523808,0.059441421446113085,0.3926740812379109,0.7457894736842106,0.027560299280163892,0.7757282094124199,0.0304827084114455,25.105263157894736,14.0,11.105263157894736,0.49861495844875353,0.5013850415512464
german,logistic_regression,age_lt_25,equalized_odds_violation,0.24,0.5,38,0.23150323724724922,0.11164343593026652,0.23809523809523808,0.059441421446113085,0.3926740812379109,0.7457894736842106,0.027560299280163892,0.7757282094124199,0.0304827084114455,25.105263157894736,14.0,11.105263157894736,0.5,0.5
german,logistic_regression,age_lt_25,equalized_odds_violation,0.25,0.5526315789473685,38,0.23150323724724922,0.11164343593026652,0.23809523809523808,0.059441421446113085,0.3926740812379109,0.7457894736842106,0.027560299280163892,0.7757282094124199,0.0304827084114455,25.105263157894736,14.0,11.105263157894736,0.49445983379501385,0.5055401662049861
german,logistic_regression,age_lt_25,equalized_odds_violation,0.26,0.5789473684210527,38,0.23150323724724922,0.11164343593026652,0.23809523809523808,0.059441421446113085,0.3926740812379109,0.7457894736842106,0.027560299280163892,0.7757282094124199,0.0304827084114455,25.105263157894736,14.0,11.105263157894736,0.48753462603878117,0.5124653739612188
german,logistic_regression,age_lt_25,equalized_odds_violation,0.27,0.6052631578947368,38,0.23150323724724922,0.11164343593026652,0.23809523809523808,0.059441421446113085,0.3926740812379109,0.7457894736842106,0.027560299280163892,0.7757282094124199,0.0304827084114455,25.105263157894736,14.0,11.105263157894736,0.4778393351800554,0.5221606648199446
german,logistic_regression,age_lt_25,equalized_odds_violation,0.28,0.631578947368421,38,0.23150323724724922,0.11164343593026652,0.23809523809523808,0.059441421446113085,0.3926740812379109,0.7457894736842106,0.027560299280163892,0.7757282094124199,0.0304827084114455,25.105263157894736,14.0,11.105263157894736,0.46537396121883656,0.5346260387811634
german,logistic_regression,age_lt_25,equalized_odds_violation,0.29,0.6842105263157895,38,0.23150323724724922,0.11164343593026652,0.23809523809523808,0.059441421446113085,0.3926740812379109,0.7457894736842106,0.027560299280163892,0.7757282094124199,0.0304827084114455,25.105263157894736,14.0,11.105263157894736,0.43213296398891965,0.5678670360110804
german,logistic_regression,age_lt_25,equalized_odds_violation,0.3,0.7368421052631579,38,0.23150323724724922,0.11164343593026652,0.23809523809523808,0.059441421446113085,0.3926740812379109,0.7457894736842106,0.027560299280163892,0.7757282094124199,0.0304827084114455,25.105263157894736,14.0,11.105263157894736,0.3878116343490305,0.6121883656509695
german,logistic_regression,sex,dpd_violation,0.0,0.0,100,0.11803188370885147,0.0700073006160924,0.1129164576386224,0.01745185712446652,0.25877202721643355,0.7413333333333334,0.030336681651881223,0.7730095238095238,0.03487920160815151,45.71,29.81,15.88,0.0,1.0
german,logistic_regression,sex,dpd_violation,0.01,0.03,100,0.11803188370885147,0.0700073006160924,0.1129164576386224,0.01745185712446652,0.25877202721643355,0.7413333333333334,0.030336681651881223,0.7730095238095238,0.03487920160815151,45.71,29.81,15.88,0.058199999999999995,0.9418
german,logistic_regression,sex,dpd_violation,0.02,0.07,100,0.11803188370885147,0.0700073006160924,0.1129164576386224,0.01745185712446652,0.25877202721643355,0.7413333333333334,0.030336681651881223,0.7730095238095238,0.03487920160815151,45.71,29.81,15.88,0.1302,0.8698
german,logistic_regression,sex,dpd_violation,0.03,0.1,100,0.11803188370885147,0.0700073006160924,0.1129164576386224,0.01745185712446652,0.25877202721643355,0.7413333333333334,0.030336681651881223,0.7730095238095238,0.03487920160815151,45.71,29.81,15.88,0.18000000000000002,0.82
german,logistic_regression,sex,dpd_violation,0.04,0.14,100,0.11803188370885147,0.0700073006160924,0.1129164576386224,0.01745185712446652,0.25877202721643355,0.7413333333333334,0.030336681651881223,0.7730095238095238,0.03487920160815151,45.71,29.81,15.88,0.24080000000000001,0.7592
german,logistic_regression,sex,dpd_violation,0.05,0.19,100,0.11803188370885147,0.0700073006160924,0.1129164576386224,0.01745185712446652,0.25877202721643355,0.7413333333333334,0.030336681651881223,0.7730095238095238,0.03487920160815151,45.71,29.81,15.88,0.3078,0.6921999999999999
german,logistic_regression,sex,dpd_violation,0.06,0.2,100,0.11803188370885147,0.0700073006160924,0.1129164576386224,0.01745185712446652,0.25877202721643355,0.7413333333333334,0.030336681651881223,0.7730095238095238,0.03487920160815151,45.71,29.81,15.88,0.32000000000000006,0.6799999999999999
german,logistic_regression,sex,dpd_violation,0.07,0.25,100,0.11803188370885147,0.0700073006160924,0.1129164576386224,0.01745185712446652,0.25877202721643355,0.7413333333333334,0.030336681651881223,0.7730095238095238,0.03487920160815151,45.71,29.81,15.88,0.375,0.625
german,logistic_regression,sex,dpd_violation,0.08,0.36,100,0.11803188370885147,0.0700073006160924,0.1129164576386224,0.01745185712446652,0.25877202721643355,0.7413333333333334,0.030336681651881223,0.7730095238095238,0.03487920160815151,45.71,29.81,15.88,0.4608,0.5392
german,logistic_regression,sex,dpd_violation,0.09,0.38,100,0.11803188370885147,0.0700073006160924,0.1129164576386224,0.01745185712446652,0.25877202721643355,0.7413333333333334,0.030336681651881223,0.7730095238095238,0.03487920160815151,45.71,29.81,15.88,0.4712,0.5287999999999999
german,logistic_regression,sex,dpd_violation,0.1,0.42,100,0.11803188370885147,0.0700073006160924,0.1129164576386224,0.01745185712446652,0.25877202721643355,0.7413333333333334,0.030336681651881223,0.7730095238095238,0.03487920160815151,45.71,29.81,15.88,0.4872,0.5127999999999999
german,logistic_regression,sex,dpd_violation,0.11,0.47,100,0.11803188370885147,0.0700073006160924,0.1129164576386224,0.01745185712446652,0.25877202721643355,0.7413333333333334,0.030336681651881223,0.7730095238095238,0.03487920160815151,45.71,29.81,15.88,0.4982,0.5018
german,logistic_regression,sex,dpd_violation,0.12,0.57,100,0.11803188370885147,0.0700073006160924,0.1129164576386224,0.01745185712446652,0.25877202721643355,0.7413333333333334,0.030336681651881223,0.7730095238095238,0.03487920160815151,45.71,29.81,15.88,0.4902,0.5098
german,logistic_regression,sex,dpd_violation,0.13,0.6,100,0.11803188370885147,0.0700073006160924,0.1129164576386224,0.01745185712446652,0.25877202721643355,0.7413333333333334,0.030336681651881223,0.7730095238095238,0.03487920160815151,45.71,29.81,15.88,0.48,0.52
german,logistic_regression,sex,dpd_violation,0.14,0.64,100,0.11803188370885147,0.0700073006160924,0.1129164576386224,0.01745185712446652,0.25877202721643355,0.7413333333333334,0.030336681651881223,0.7730095238095238,0.03487920160815151,45.71,29.81,15.88,0.4608,0.5392
german,logistic_regression,sex,dpd_violation,0.15,0.71,100,0.11803188370885147,0.0700073006160924,0.1129164576386224,0.01745185712446652,0.25877202721643355,0.7413333333333334,0.030336681651881223,0.7730095238095238,0.03487920160815151,45.71,29.81,15.88,0.41180000000000005,0.5882
german,logistic_regression,sex,dpd_violation,0.16,0.75,100,0.11803188370885147,0.0700073006160924,0.1129164576386224,0.01745185712446652,0.25877202721643355,0.7413333333333334,0.030336681651881223,0.7730095238095238,0.03487920160815151,45.71,29.81,15.88,0.375,0.625
german,logistic_regression,sex,dpd_violation,0.17,0.79,100,0.11803188370885147,0.0700073006160924,0.1129164576386224,0.01745185712446652,0.25877202721643355,0.7413333333333334,0.030336681651881223,0.7730095238095238,0.03487920160815151,45.71,29.81,15.88,0.3318,0.6682
german,logistic_regression,sex,dpd_violation,0.18,0.82,100,0.11803188370885147,0.0700073006160924,0.1129164576386224,0.01745185712446652,0.25877202721643355,0.7413333333333334,0.030336681651881223,0.7730095238095238,0.03487920160815151,45.71,29.81,15.88,0.2952000000000001,0.7047999999999999
german,logistic_regression,sex,dpd_violation,0.19,0.85,100,0.11803188370885147,0.0700073006160924,0.1129164576386224,0.01745185712446652,0.25877202721643355,0.7413333333333334,0.030336681651881223,0.7730095238095238,0.03487920160815151,45.71,29.81,15.88,0.255,0.745
german,logistic_regression,sex,dpd_violation,0.2,0.87,100,0.11803188370885147,0.0700073006160924,0.1129164576386224,0.01745185712446652,0.25877202721643355,0.7413333333333334,0.030336681651881223,0.7730095238095238,0.03487920160815151,45.71,29.81,15.88,0.2262,0.7738
german,logistic_regression,sex,dpd_violation,0.21,0.89,100,0.11803188370885147,0.0700073006160924,0.1129164576386224,0.01745185712446652,0.25877202721643355,0.7413333333333334,0.030336681651881223,0.7730095238095238,0.03487920160815151,45.71,29.81,15.88,0.19579999999999997,0.8042
german,logistic_regression,sex,dpd_violation,0.22,0.93,100,0.11803188370885147,0.0700073006160924,0.1129164576386224,0.01745185712446652,0.25877202721643355,0.7413333333333334,0.030336681651881223,0.7730095238095238,0.03487920160815151,45.71,29.81,15.88,0.13019999999999993,0.8698000000000001
german,logistic_regression,sex,dpd_violation,0.23,0.93,100,0.11803188370885147,0.0700073006160924,0.1129164576386224,0.01745185712446652,0.25877202721643355,0.7413333333333334,0.030336681651881223,0.7730095238095238,0.03487920160815151,45.71,29.81,15.88,0.13019999999999993,0.8698000000000001
german,logistic_regression,sex,dpd_violation,0.24,0.93,100,0.11803188370885147,0.0700073006160924,0.1129164576386224,0.01745185712446652,0.25877202721643355,0.7413333333333334,0.030336681651881223,0.7730095238095238,0.03487920160815151,45.71,29.81,15.88,0.13019999999999993,0.8698000000000001
german,logistic_regression,sex,dpd_violation,0.25,0.94,100,0.11803188370885147,0.0700073006160924,0.1129164576386224,0.01745185712446652,0.25877202721643355,0.7413333333333334,0.030336681651881223,0.7730095238095238,0.03487920160815151,45.71,29.81,15.88,0.1128000000000001,0.8871999999999999
german,logistic_regression,sex,dpd_violation,0.26,0.95,100,0.11803188370885147,0.0700073006160924,0.1129164576386224,0.01745185712446652,0.25877202721643355,0.7413333333333334,0.030336681651881223,0.7730095238095238,0.03487920160815151,45.71,29.81,15.88,0.09500000000000008,0.9049999999999999
german,logistic_regression,sex,dpd_violation,0.27,0.97,100,0.11803188370885147,0.0700073006160924,0.1129164576386224,0.01745185712446652,0.25877202721643355,0.7413333333333334,0.030336681651881223,0.7730095238095238,0.03487920160815151,45.71,29.81,15.88,0.05820000000000005,0.9418
german,logistic_regression,sex,dpd_violation,0.28,0.98,100,0.11803188370885147,0.0700073006160924,0.1129164576386224,0.01745185712446652,0.25877202721643355,0.7413333333333334,0.030336681651881223,0.7730095238095238,0.03487920160815151,45.71,29.81,15.88,0.03920000000000003,0.9608
german,logistic_regression,sex,dpd_violation,0.29,0.99,100,0.11803188370885147,0.0700073006160924,0.1129164576386224,0.01745185712446652,0.25877202721643355,0.7413333333333334,0.030336681651881223,0.7730095238095238,0.03487920160815151,45.71,29.81,15.88,0.01980000000000002,0.9802
german,logistic_regression,sex,dpd_violation,0.3,0.99,100,0.11803188370885147,0.0700073006160924,0.1129164576386224,0.01745185712446652,0.25877202721643355,0.7413333333333334,0.030336681651881223,0.7730095238095238,0.03487920160815151,45.71,29.81,15.88,0.01980000000000002,0.9802
german,logistic_regression,sex,dpr_violation,0.0,0.0,100,0.1459660325125191,0.08348268653089369,0.14558168548437395,0.022247656861950564,0.3032688359734412,0.7413333333333334,0.030336681651881223,0.7730095238095238,0.03487920160815151,45.71,29.81,15.88,0.0,1.0
german,logistic_regression,sex,dpr_violation,0.010000000000000009,0.02,100,0.1459660325125191,0.08348268653089369,0.14558168548437395,0.022247656861950564,0.3032688359734412,0.7413333333333334,0.030336681651881223,0.7730095238095238,0.03487920160815151,45.71,29.81,15.88,0.0392,0.9608
german,logistic_regression,sex,dpr_violation,0.020000000000000018,0.05,100,0.1459660325125191,0.08348268653089369,0.14558168548437395,0.022247656861950564,0.3032688359734412,0.7413333333333334,0.030336681651881223,0.7730095238095238,0.03487920160815151,45.71,29.81,15.88,0.095,0.905
german,logistic_regression,sex,dpr_violation,0.030000000000000027,0.07,100,0.1459660325125191,0.08348268653089369,0.14558168548437395,0.022247656861950564,0.3032688359734412,0.7413333333333334,0.030336681651881223,0.7730095238095238,0.03487920160815151,45.71,29.81,15.88,0.1302,0.8698
german,logistic_regression,sex,dpr_violation,0.040000000000000036,0.1,100,0.1459660325125191,0.08348268653089369,0.14558168548437395,0.022247656861950564,0.3032688359734412,0.7413333333333334,0.030336681651881223,0.7730095238095238,0.03487920160815151,45.71,29.81,15.88,0.18000000000000002,0.82
german,logistic_regression,sex,dpr_violation,0.050000000000000044,0.14,100,0.1459660325125191,0.08348268653089369,0.14558168548437395,0.022247656861950564,0.3032688359734412,0.7413333333333334,0.030336681651881223,0.7730095238095238,0.03487920160815151,45.71,29.81,15.88,0.24080000000000001,0.7592
german,logistic_regression,sex,dpr_violation,0.06000000000000005,0.18,100,0.1459660325125191,0.08348268653089369,0.14558168548437395,0.022247656861950564,0.3032688359734412,0.7413333333333334,0.030336681651881223,0.7730095238095238,0.03487920160815151,45.71,29.81,15.88,0.2952,0.7048
german,logistic_regression,sex,dpr_violation,0.06999999999999995,0.19,100,0.1459660325125191,0.08348268653089369,0.14558168548437395,0.022247656861950564,0.3032688359734412,0.7413333333333334,0.030336681651881223,0.7730095238095238,0.03487920160815151,45.71,29.81,15.88,0.3078,0.6921999999999999
german,logistic_regression,sex,dpr_violation,0.07999999999999996,0.21,100,0.1459660325125191,0.08348268653089369,0.14558168548437395,0.022247656861950564,0.3032688359734412,0.7413333333333334,0.030336681651881223,0.7730095238095238,0.03487920160815151,45.71,29.81,15.88,0.3318,0.6682
german,logistic_regression,sex,dpr_violation,0.08999999999999997,0.26,100,0.1459660325125191,0.08348268653089369,0.14558168548437395,0.022247656861950564,0.3032688359734412,0.7413333333333334,0.030336681651881223,0.7730095238095238,0.03487920160815151,45.71,29.81,15.88,0.38480000000000003,0.6152
german,logistic_regression,sex,dpr_violation,0.09999999999999998,0.32,100,0.1459660325125191,0.08348268653089369,0.14558168548437395,0.022247656861950564,0.3032688359734412,0.7413333333333334,0.030336681651881223,0.7730095238095238,0.03487920160815151,45.71,29.81,15.88,0.4352,0.5648
german,logistic_regression,sex,dpr_violation,0.10999999999999999,0.37,100,0.1459660325125191,0.08348268653089369,0.14558168548437395,0.022247656861950564,0.3032688359734412,0.7413333333333334,0.030336681651881223,0.7730095238095238,0.03487920160815151,45.71,29.81,15.88,0.4662,0.5338
german,logistic_regression,sex,dpr_violation,0.12,0.4,100,0.1459660325125191,0.08348268653089369,0.14558168548437395,0.022247656861950564,0.3032688359734412,0.7413333333333334,0.030336681651881223,0.7730095238095238,0.03487920160815151,45.71,29.81,15.88,0.48,0.52
german,logistic_regression,sex,dpr_violation,0.13,0.45,100,0.1459660325125191,0.08348268653089369,0.14558168548437395,0.022247656861950564,0.3032688359734412,0.7413333333333334,0.030336681651881223,0.7730095238095238,0.03487920160815151,45.71,29.81,15.88,0.49500000000000005,0.5049999999999999
german,logistic_regression,sex,dpr_violation,0.14,0.49,100,0.1459660325125191,0.08348268653089369,0.14558168548437395,0.022247656861950564,0.3032688359734412,0.7413333333333334,0.030336681651881223,0.7730095238095238,0.03487920160815151,45.71,29.81,15.88,0.4998,0.5002
german,logistic_regression,sex,dpr_violation,0.15000000000000002,0.57,100,0.1459660325125191,0.08348268653089369,0.14558168548437395,0.022247656861950564,0.3032688359734412,0.7413333333333334,0.030336681651881223,0.7730095238095238,0.03487920160815151,45.71,29.81,15.88,0.4902,0.5098
german,logistic_regression,sex,dpr_violation,0.16000000000000003,0.59,100,0.1459660325125191,0.08348268653089369,0.14558168548437395,0.022247656861950564,0.3032688359734412,0.7413333333333334,0.030336681651881223,0.7730095238095238,0.03487920160815151,45.71,29.81,15.88,0.4838,0.5162
german,logistic_regression,sex,dpr_violation,0.17000000000000004,0.63,100,0.1459660325125191,0.08348268653089369,0.14558168548437395,0.022247656861950564,0.3032688359734412,0.7413333333333334,0.030336681651881223,0.7730095238095238,0.03487920160815151,45.71,29.81,15.88,0.4662,0.5338
german,logistic_regression,sex,dpr_violation,0.18000000000000005,0.67,100,0.1459660325125191,0.08348268653089369,0.14558168548437395,0.022247656861950564,0.3032688359734412,0.7413333333333334,0.030336681651881223,0.7730095238095238,0.03487920160815151,45.71,29.81,15.88,0.4422,0.5578000000000001
german,logistic_regression,sex,dpr_violation,0.18999999999999995,0.74,100,0.1459660325125191,0.08348268653089369,0.14558168548437395,0.022247656861950564,0.3032688359734412,0.7413333333333334,0.030336681651881223,0.7730095238095238,0.03487920160815151,45.71,29.81,15.88,0.38480000000000003,0.6152
german,logistic_regression,sex,dpr_violation,0.19999999999999996,0.76,100,0.1459660325125191,0.08348268653089369,0.14558168548437395,0.022247656861950564,0.3032688359734412,0.7413333333333334,0.030336681651881223,0.7730095238095238,0.03487920160815151,45.71,29.81,15.88,0.3648,0.6352
german,logistic_regression,sex,dpr_violation,0.20999999999999996,0.78,100,0.1459660325125191,0.08348268653089369,0.14558168548437395,0.022247656861950564,0.3032688359734412,0.7413333333333334,0.030336681651881223,0.7730095238095238,0.03487920160815151,45.71,29.81,15.88,0.34319999999999995,0.6568
german,logistic_regression,sex,dpr_violation,0.21999999999999997,0.81,100,0.1459660325125191,0.08348268653089369,0.14558168548437395,0.022247656861950564,0.3032688359734412,0.7413333333333334,0.030336681651881223,0.7730095238095238,0.03487920160815151,45.71,29.81,15.88,0.3077999999999999,0.6922000000000001
german,logistic_regression,sex,dpr_violation,0.22999999999999998,0.83,100,0.1459660325125191,0.08348268653089369,0.14558168548437395,0.022247656861950564,0.3032688359734412,0.7413333333333334,0.030336681651881223,0.7730095238095238,0.03487920160815151,45.71,29.81,15.88,0.28220000000000006,0.7178
german,logistic_regression,sex,dpr_violation,0.24,0.85,100,0.1459660325125191,0.08348268653089369,0.14558168548437395,0.022247656861950564,0.3032688359734412,0.7413333333333334,0.030336681651881223,0.7730095238095238,0.03487920160815151,45.71,29.81,15.88,0.255,0.745
german,logistic_regression,sex,dpr_violation,0.25,0.88,100,0.1459660325125191,0.08348268653089369,0.14558168548437395,0.022247656861950564,0.3032688359734412,0.7413333333333334,0.030336681651881223,0.7730095238095238,0.03487920160815151,45.71,29.81,15.88,0.2112,0.7888
german,logistic_regression,sex,dpr_violation,0.26,0.91,100,0.1459660325125191,0.08348268653089369,0.14558168548437395,0.022247656861950564,0.3032688359734412,0.7413333333333334,0.030336681651881223,0.7730095238095238,0.03487920160815151,45.71,29.81,15.88,0.16379999999999995,0.8362
german,logistic_regression,sex,dpr_violation,0.27,0.93,100,0.1459660325125191,0.08348268653089369,0.14558168548437395,0.022247656861950564,0.3032688359734412,0.7413333333333334,0.030336681651881223,0.7730095238095238,0.03487920160815151,45.71,29.81,15.88,0.13019999999999993,0.8698000000000001
german,logistic_regression,sex,dpr_violation,0.28,0.93,100,0.1459660325125191,0.08348268653089369,0.14558168548437395,0.022247656861950564,0.3032688359734412,0.7413333333333334,0.030336681651881223,0.7730095238095238,0.03487920160815151,45.71,29.81,15.88,0.13019999999999993,0.8698000000000001
german,logistic_regression,sex,dpr_violation,0.29000000000000004,0.93,100,0.1459660325125191,0.08348268653089369,0.14558168548437395,0.022247656861950564,0.3032688359734412,0.7413333333333334,0.030336681651881223,0.7730095238095238,0.03487920160815151,45.71,29.81,15.88,0.13019999999999993,0.8698000000000001
german,logistic_regression,sex,dpr_violation,0.30000000000000004,0.94,100,0.1459660325125191,0.08348268653089369,0.14558168548437395,0.022247656861950564,0.3032688359734412,0.7413333333333334,0.030336681651881223,0.7730095238095238,0.03487920160815151,45.71,29.81,15.88,0.1128000000000001,0.8871999999999999
german,logistic_regression,sex,dpr_violation,0.31000000000000005,0.95,100,0.1459660325125191,0.08348268653089369,0.14558168548437395,0.022247656861950564,0.3032688359734412,0.7413333333333334,0.030336681651881223,0.7730095238095238,0.03487920160815151,45.71,29.81,15.88,0.09500000000000008,0.9049999999999999
german,logistic_regression,sex,dpr_violation,0.31999999999999995,0.96,100,0.1459660325125191,0.08348268653089369,0.14558168548437395,0.022247656861950564,0.3032688359734412,0.7413333333333334,0.030336681651881223,0.7730095238095238,0.03487920160815151,45.71,29.81,15.88,0.07680000000000006,0.9231999999999999
german,logistic_regression,sex,dpr_violation,0.32999999999999996,0.98,100,0.1459660325125191,0.08348268653089369,0.14558168548437395,0.022247656861950564,0.3032688359734412,0.7413333333333334,0.030336681651881223,0.7730095238095238,0.03487920160815151,45.71,29.81,15.88,0.03920000000000003,0.9608
german,logistic_regression,sex,dpr_violation,0.33999999999999997,0.99,100,0.1459660325125191,0.08348268653089369,0.14558168548437395,0.022247656861950564,0.3032688359734412,0.7413333333333334,0.030336681651881223,0.7730095238095238,0.03487920160815151,45.71,29.81,15.88,0.01980000000000002,0.9802
german,logistic_regression,sex,dpr_violation,0.35,0.99,100,0.1459660325125191,0.08348268653089369,0.14558168548437395,0.022247656861950564,0.3032688359734412,0.7413333333333334,0.030336681651881223,0.7730095238095238,0.03487920160815151,45.71,29.81,15.88,0.01980000000000002,0.9802
german,logistic_regression,sex,dpr_violation,0.36,0.99,100,0.1459660325125191,0.08348268653089369,0.14558168548437395,0.022247656861950564,0.3032688359734412,0.7413333333333334,0.030336681651881223,0.7730095238095238,0.03487920160815151,45.71,29.81,15.88,0.01980000000000002,0.9802
german,logistic_regression,sex,dpr_violation,0.37,1.0,100,0.1459660325125191,0.08348268653089369,0.14558168548437395,0.022247656861950564,0.3032688359734412,0.7413333333333334,0.030336681651881223,0.7730095238095238,0.03487920160815151,45.71,29.81,15.88,0.0,1.0
german,logistic_regression,sex,dpr_violation,0.38,1.0,100,0.1459660325125191,0.08348268653089369,0.14558168548437395,0.022247656861950564,0.3032688359734412,0.7413333333333334,0.030336681651881223,0.7730095238095238,0.03487920160815151,45.71,29.81,15.88,0.0,1.0
german,logistic_regression,sex,dpr_violation,0.39,1.0,100,0.1459660325125191,0.08348268653089369,0.14558168548437395,0.022247656861950564,0.3032688359734412,0.7413333333333334,0.030336681651881223,0.7730095238095238,0.03487920160815151,45.71,29.81,15.88,0.0,1.0
german,logistic_regression,sex,dpr_violation,0.4,1.0,100,0.1459660325125191,0.08348268653089369,0.14558168548437395,0.022247656861950564,0.3032688359734412,0.7413333333333334,0.030336681651881223,0.7730095238095238,0.03487920160815151,45.71,29.81,15.88,0.0,1.0
german,logistic_regression,sex,eod_violation,0.0,0.01,100,0.07248237269846239,0.05319977491337129,0.06692318159738095,0.006116740665207885,0.1866666666666667,0.7413333333333334,0.030336681651881223,0.7730095238095238,0.03487920160815151,45.71,29.81,15.88,0.0198,0.9802
german,logistic_regression,sex,eod_violation,0.01,0.08,100,0.07248237269846239,0.05319977491337129,0.06692318159738095,0.006116740665207885,0.1866666666666667,0.7413333333333334,0.030336681651881223,0.7730095238095238,0.03487920160815151,45.71,29.81,15.88,0.1472,0.8528
german,logistic_regression,sex,eod_violation,0.02,0.19,100,0.07248237269846239,0.05319977491337129,0.06692318159738095,0.006116740665207885,0.1866666666666667,0.7413333333333334,0.030336681651881223,0.7730095238095238,0.03487920160815151,45.71,29.81,15.88,0.3078,0.6921999999999999
german,logistic_regression,sex,eod_violation,0.03,0.24,100,0.07248237269846239,0.05319977491337129,0.06692318159738095,0.006116740665207885,0.1866666666666667,0.7413333333333334,0.030336681651881223,0.7730095238095238,0.03487920160815151,45.71,29.81,15.88,0.3648,0.6352
german,logistic_regression,sex,eod_violation,0.04,0.28,100,0.07248237269846239,0.05319977491337129,0.06692318159738095,0.006116740665207885,0.1866666666666667,0.7413333333333334,0.030336681651881223,0.7730095238095238,0.03487920160815151,45.71,29.81,15.88,0.4032,0.5968
german,logistic_regression,sex,eod_violation,0.05,0.38,100,0.07248237269846239,0.05319977491337129,0.06692318159738095,0.006116740665207885,0.1866666666666667,0.7413333333333334,0.030336681651881223,0.7730095238095238,0.03487920160815151,45.71,29.81,15.88,0.4712,0.5287999999999999
german,logistic_regression,sex,eod_violation,0.06,0.44,100,0.07248237269846239,0.05319977491337129,0.06692318159738095,0.006116740665207885,0.1866666666666667,0.7413333333333334,0.030336681651881223,0.7730095238095238,0.03487920160815151,45.71,29.81,15.88,0.49280000000000007,0.5071999999999999
german,logistic_regression,sex,eod_violation,0.07,0.55,100,0.07248237269846239,0.05319977491337129,0.06692318159738095,0.006116740665207885,0.1866666666666667,0.7413333333333334,0.030336681651881223,0.7730095238095238,0.03487920160815151,45.71,29.81,15.88,0.495,0.505
german,logistic_regression,sex,eod_violation,0.08,0.65,100,0.07248237269846239,0.05319977491337129,0.06692318159738095,0.006116740665207885,0.1866666666666667,0.7413333333333334,0.030336681651881223,0.7730095238095238,0.03487920160815151,45.71,29.81,15.88,0.45499999999999996,0.545
german,logistic_regression,sex,eod_violation,0.09,0.71,100,0.07248237269846239,0.05319977491337129,0.06692318159738095,0.006116740665207885,0.1866666666666667,0.7413333333333334,0.030336681651881223,0.7730095238095238,0.03487920160815151,45.71,29.81,15.88,0.41180000000000005,0.5882
german,logistic_regression,sex,eod_violation,0.1,0.8,100,0.07248237269846239,0.05319977491337129,0.06692318159738095,0.006116740665207885,0.1866666666666667,0.7413333333333334,0.030336681651881223,0.7730095238095238,0.03487920160815151,45.71,29.81,15.88,0.31999999999999995,0.68
german,logistic_regression,sex,eod_violation,0.11,0.81,100,0.07248237269846239,0.05319977491337129,0.06692318159738095,0.006116740665207885,0.1866666666666667,0.7413333333333334,0.030336681651881223,0.7730095238095238,0.03487920160815151,45.71,29.81,15.88,0.3077999999999999,0.6922000000000001
german,logistic_regression,sex,eod_violation,0.12,0.84,100,0.07248237269846239,0.05319977491337129,0.06692318159738095,0.006116740665207885,0.1866666666666667,0.7413333333333334,0.030336681651881223,0.7730095238095238,0.03487920160815151,45.71,29.81,15.88,0.26880000000000004,0.7312
german,logistic_regression,sex,eod_violation,0.13,0.87,100,0.07248237269846239,0.05319977491337129,0.06692318159738095,0.006116740665207885,0.1866666666666667,0.7413333333333334,0.030336681651881223,0.7730095238095238,0.03487920160815151,45.71,29.81,15.88,0.2262,0.7738
german,logistic_regression,sex,eod_violation,0.14,0.89,100,0.07248237269846239,0.05319977491337129,0.06692318159738095,0.006116740665207885,0.1866666666666667,0.7413333333333334,0.030336681651881223,0.7730095238095238,0.03487920160815151,45.71,29.81,15.88,0.19579999999999997,0.8042
german,logistic_regression,sex,eod_violation,0.15,0.9,100,0.07248237269846239,0.05319977491337129,0.06692318159738095,0.006116740665207885,0.1866666666666667,0.7413333333333334,0.030336681651881223,0.7730095238095238,0.03487920160815151,45.71,29.81,15.88,0.17999999999999997,0.8200000000000001
german,logistic_regression,sex,eod_violation,0.16,0.9,100,0.07248237269846239,0.05319977491337129,0.06692318159738095,0.006116740665207885,0.1866666666666667,0.7413333333333334,0.030336681651881223,0.7730095238095238,0.03487920160815151,45.71,29.81,15.88,0.17999999999999997,0.8200000000000001
german,logistic_regression,sex,eod_violation,0.17,0.92,100,0.07248237269846239,0.05319977491337129,0.06692318159738095,0.006116740665207885,0.1866666666666667,0.7413333333333334,0.030336681651881223,0.7730095238095238,0.03487920160815151,45.71,29.81,15.88,0.14719999999999994,0.8528
german,logistic_regression,sex,eod_violation,0.18,0.93,100,0.07248237269846239,0.05319977491337129,0.06692318159738095,0.006116740665207885,0.1866666666666667,0.7413333333333334,0.030336681651881223,0.7730095238095238,0.03487920160815151,45.71,29.81,15.88,0.13019999999999993,0.8698000000000001
german,logistic_regression,sex,eod_violation,0.19,0.97,100,0.07248237269846239,0.05319977491337129,0.06692318159738095,0.006116740665207885,0.1866666666666667,0.7413333333333334,0.030336681651881223,0.7730095238095238,0.03487920160815151,45.71,29.81,15.88,0.05820000000000005,0.9418
german,logistic_regression,sex,eod_violation,0.2,0.98,100,0.07248237269846239,0.05319977491337129,0.06692318159738095,0.006116740665207885,0.1866666666666667,0.7413333333333334,0.030336681651881223,0.7730095238095238,0.03487920160815151,45.71,29.81,15.88,0.03920000000000003,0.9608
german,logistic_regression,sex,eod_violation,0.21,0.98,100,0.07248237269846239,0.05319977491337129,0.06692318159738095,0.006116740665207885,0.1866666666666667,0.7413333333333334,0.030336681651881223,0.7730095238095238,0.03487920160815151,45.71,29.81,15.88,0.03920000000000003,0.9608
german,logistic_regression,sex,eod_violation,0.22,0.98,100,0.07248237269846239,0.05319977491337129,0.06692318159738095,0.006116740665207885,0.1866666666666667,0.7413333333333334,0.030336681651881223,0.7730095238095238,0.03487920160815151,45.71,29.81,15.88,0.03920000000000003,0.9608
german,logistic_regression,sex,eod_violation,0.23,0.98,100,0.07248237269846239,0.05319977491337129,0.06692318159738095,0.006116740665207885,0.1866666666666667,0.7413333333333334,0.030336681651881223,0.7730095238095238,0.03487920160815151,45.71,29.81,15.88,0.03920000000000003,0.9608
german,logistic_regression,sex,eod_violation,0.24,0.99,100,0.07248237269846239,0.05319977491337129,0.06692318159738095,0.006116740665207885,0.1866666666666667,0.7413333333333334,0.030336681651881223,0.7730095238095238,0.03487920160815151,45.71,29.81,15.88,0.01980000000000002,0.9802
german,logistic_regression,sex,eod_violation,0.25,1.0,100,0.07248237269846239,0.05319977491337129,0.06692318159738095,0.006116740665207885,0.1866666666666667,0.7413333333333334,0.030336681651881223,0.7730095238095238,0.03487920160815151,45.71,29.81,15.88,0.0,1.0
german,logistic_regression,sex,eod_violation,0.26,1.0,100,0.07248237269846239,0.05319977491337129,0.06692318159738095,0.006116740665207885,0.1866666666666667,0.7413333333333334,0.030336681651881223,0.7730095238095238,0.03487920160815151,45.71,29.81,15.88,0.0,1.0
german,logistic_regression,sex,eod_violation,0.27,1.0,100,0.07248237269846239,0.05319977491337129,0.06692318159738095,0.006116740665207885,0.1866666666666667,0.7413333333333334,0.030336681651881223,0.7730095238095238,0.03487920160815151,45.71,29.81,15.88,0.0,1.0
german,logistic_regression,sex,eod_violation,0.28,1.0,100,0.07248237269846239,0.05319977491337129,0.06692318159738095,0.006116740665207885,0.1866666666666667,0.7413333333333334,0.030336681651881223,0.7730095238095238,0.03487920160815151,45.71,29.81,15.88,0.0,1.0
german,logistic_regression,sex,eod_violation,0.29,1.0,100,0.07248237269846239,0.05319977491337129,0.06692318159738095,0.006116740665207885,0.1866666666666667,0.7413333333333334,0.030336681651881223,0.7730095238095238,0.03487920160815151,45.71,29.81,15.88,0.0,1.0
german,logistic_regression,sex,eod_violation,0.3,1.0,100,0.07248237269846239,0.05319977491337129,0.06692318159738095,0.006116740665207885,0.1866666666666667,0.7413333333333334,0.030336681651881223,0.7730095238095238,0.03487920160815151,45.71,29.81,15.88,0.0,1.0
german,logistic_regression,sex,equalized_odds_violation,0.0,0.0,98,0.20597805325762172,0.11329170888452217,0.1866666666666667,0.06275494071146236,0.4049784482758617,0.7414285714285714,0.03018461712712472,0.7739337004643128,0.033591669540496985,45.734693877551024,29.683673469387756,16.03061224489796,0.0,1.0
german,logistic_regression,sex,equalized_odds_violation,0.01,0.0,98,0.20597805325762172,0.11329170888452217,0.1866666666666667,0.06275494071146236,0.4049784482758617,0.7414285714285714,0.03018461712712472,0.7739337004643128,0.033591669540496985,45.734693877551024,29.683673469387756,16.03061224489796,0.0,1.0
german,logistic_regression,sex,equalized_odds_violation,0.02,0.0,98,0.20597805325762172,0.11329170888452217,0.1866666666666667,0.06275494071146236,0.4049784482758617,0.7414285714285714,0.03018461712712472,0.7739337004643128,0.033591669540496985,45.734693877551024,29.683673469387756,16.03061224489796,0.0,1.0
german,logistic_regression,sex,equalized_odds_violation,0.03,0.01020408163265306,98,0.20597805325762172,0.11329170888452217,0.1866666666666667,0.06275494071146236,0.4049784482758617,0.7414285714285714,0.03018461712712472,0.7739337004643128,0.033591669540496985,45.734693877551024,29.683673469387756,16.03061224489796,0.020199916701374426,0.9798000832986256
german,logistic_regression,sex,equalized_odds_violation,0.04,0.01020408163265306,98,0.20597805325762172,0.11329170888452217,0.1866666666666667,0.06275494071146236,0.4049784482758617,0.7414285714285714,0.03018461712712472,0.7739337004643128,0.033591669540496985,45.734693877551024,29.683673469387756,16.03061224489796,0.020199916701374426,0.9798000832986256
german,logistic_regression,sex,equalized_odds_violation,0.05,0.01020408163265306,98,0.20597805325762172,0.11329170888452217,0.1866666666666667,0.06275494071146236,0.4049784482758617,0.7414285714285714,0.03018461712712472,0.7739337004643128,0.033591669540496985,45.734693877551024,29.683673469387756,16.03061224489796,0.020199916701374426,0.9798000832986256
german,logistic_regression,sex,equalized_odds_violation,0.06,0.05102040816326531,98,0.20597805325762172,0.11329170888452217,0.1866666666666667,0.06275494071146236,0.4049784482758617,0.7414285714285714,0.03018461712712472,0.7739337004643128,0.033591669540496985,45.734693877551024,29.683673469387756,16.03061224489796,0.09683465222823824,0.9031653477717617
german,logistic_regression,sex,equalized_odds_violation,0.07,0.11224489795918367,98,0.20597805325762172,0.11329170888452217,0.1866666666666667,0.06275494071146236,0.4049784482758617,0.7414285714285714,0.03018461712712472,0.7739337004643128,0.033591669540496985,45.734693877551024,29.683673469387756,16.03061224489796,0.19929196168263225,0.8007080383173677
german,logistic_regression,sex,equalized_odds_violation,0.08,0.16326530612244897,98,0.20597805325762172,0.11329170888452217,0.1866666666666667,0.06275494071146236,0.4049784482758617,0.7414285714285714,0.03018461712712472,0.7739337004643128,0.033591669540496985,45.734693877551024,29.683673469387756,16.03061224489796,0.273219491878384,0.726780508121616
german,logistic_regression,sex,equalized_odds_violation,0.09,0.19387755102040816,98,0.20597805325762172,0.11329170888452217,0.1866666666666667,0.06275494071146236,0.4049784482758617,0.7414285714285714,0.03018461712712472,0.7739337004643128,0.033591669540496985,45.734693877551024,29.683673469387756,16.03061224489796,0.3125780924614744,0.6874219075385256
german,logistic_regression,sex,equalized_odds_violation,0.1,0.23469387755102042,98,0.20597805325762172,0.11329170888452217,0.1866666666666667,0.06275494071146236,0.4049784482758617,0.7414285714285714,0.03018461712712472,0.7739337004643128,0.033591669540496985,45.734693877551024,29.683673469387756,16.03061224489796,0.3592253227821741,0.6407746772178259
german,logistic_regression,sex,equalized_odds_violation,0.11,0.24489795918367346,98,0.20597805325762172,0.11329170888452217,0.1866666666666667,0.06275494071146236,0.4049784482758617,0.7414285714285714,0.03018461712712472,0.7739337004643128,0.033591669540496985,45.734693877551024,29.683673469387756,16.03061224489796,0.36984589754269054,0.6301541024573094
german,logistic_regression,sex,equalized_odds_violation,0.12,0.2857142857142857,98,0.20597805325762172,0.11329170888452217,0.1866666666666667,0.06275494071146236,0.4049784482758617,0.7414285714285714,0.03018461712712472,0.7739337004643128,0.033591669540496985,45.734693877551024,29.683673469387756,16.03061224489796,0.40816326530612246,0.5918367346938775
german,logistic_regression,sex,equalized_odds_violation,0.13,0.29591836734693877,98,0.20597805325762172,0.11329170888452217,0.1866666666666667,0.06275494071146236,0.4049784482758617,0.7414285714285714,0.03018461712712472,0.7739337004643128,0.033591669540496985,45.734693877551024,29.683673469387756,16.03061224489796,0.41670137442732197,0.583298625572678
german,logistic_regression,sex,equalized_odds_violation,0.14,0.32653061224489793,98,0.20597805325762172,0.11329170888452217,0.1866666666666667,0.06275494071146236,0.4049784482758617,0.7414285714285714,0.03018461712712472,0.7739337004643128,0.033591669540496985,45.734693877551024,29.683673469387756,16.03061224489796,0.43981674302374013,0.5601832569762599
german,logistic_regression,sex,equalized_odds_violation,0.15,0.3469387755102041,98,0.20597805325762172,0.11329170888452217,0.1866666666666667,0.06275494071146236,0.4049784482758617,0.7414285714285714,0.03018461712712472,0.7739337004643128,0.033591669540496985,45.734693877551024,29.683673469387756,16.03061224489796,0.4531445231153686,0.5468554768846314
german,logistic_regression,sex,equalized_odds_violation,0.16,0.3979591836734694,98,0.20597805325762172,0.11329170888452217,0.1866666666666667,0.06275494071146236,0.4049784482758617,0.7414285714285714,0.03018461712712472,0.7739337004643128,0.033591669540496985,45.734693877551024,29.683673469387756,16.03061224489796,0.4791753436068305,0.5208246563931695
german,logistic_regression,sex,equalized_odds_violation,0.17,0.4489795918367347,98,0.20597805325762172,0.11329170888452217,0.1866666666666667,0.06275494071146236,0.4049784482758617,0.7414285714285714,0.03018461712712472,0.7739337004643128,0.033591669540496985,45.734693877551024,29.683673469387756,16.03061224489796,0.49479383590170756,0.5052061640982924
german,logistic_regression,sex,equalized_odds_violation,0.18,0.46938775510204084,98,0.20597805325762172,0.11329170888452217,0.1866666666666667,0.06275494071146236,0.4049784482758617,0.7414285714285714,0.03018461712712472,0.7739337004643128,0.033591669540496985,45.734693877551024,29.683673469387756,16.03061224489796,0.4981257809246147,0.5018742190753853
german,logistic_regression,sex,equalized_odds_violation,0.19,0.5204081632653061,98,0.20597805325762172,0.11329170888452217,0.1866666666666667,0.06275494071146236,0.4049784482758617,0.7414285714285714,0.03018461712712472,0.7739337004643128,0.033591669540496985,45.734693877551024,29.683673469387756,16.03061224489796,0.4991670137442732,0.5008329862557268
german,logistic_regression,sex,equalized_odds_violation,0.2,0.5510204081632653,98,0.20597805325762172,0.11329170888452217,0.1866666666666667,0.06275494071146236,0.4049784482758617,0.7414285714285714,0.03018461712712472,0.7739337004643128,0.033591669540496985,45.734693877551024,29.683673469387756,16.03061224489796,0.4947938359017076,0.5052061640982923
german,logistic_regression,sex,equalized_odds_violation,0.21,0.5816326530612245,98,0.20597805325762172,0.11329170888452217,0.1866666666666667,0.06275494071146236,0.4049784482758617,0.7414285714285714,0.03018461712712472,0.7739337004643128,0.033591669540496985,45.734693877551024,29.683673469387756,16.03061224489796,0.4866722199083715,0.5133277800916285
german,logistic_regression,sex,equalized_odds_violation,0.22,0.6020408163265306,98,0.20597805325762172,0.11329170888452217,0.1866666666666667,0.06275494071146236,0.4049784482758617,0.7414285714285714,0.03018461712712472,0.7739337004643128,0.033591669540496985,45.734693877551024,29.683673469387756,16.03061224489796,0.4791753436068305,0.5208246563931695
german,logistic_regression,sex,equalized_odds_violation,0.23,0.6224489795918368,98,0.20597805325762172,0.11329170888452217,0.1866666666666667,0.06275494071146236,0.4049784482758617,0.7414285714285714,0.03018461712712472,0.7739337004643128,0.033591669540496985,45.734693877551024,29.683673469387756,16.03061224489796,0.4700124947938359,0.5299875052061641
german,logistic_regression,sex,equalized_odds_violation,0.24,0.6428571428571429,98,0.20597805325762172,0.11329170888452217,0.1866666666666667,0.06275494071146236,0.4049784482758617,0.7414285714285714,0.03018461712712472,0.7739337004643128,0.033591669540496985,45.734693877551024,29.683673469387756,16.03061224489796,0.4591836734693877,0.5408163265306123
german,logistic_regression,sex,equalized_odds_violation,0.25,0.6836734693877551,98,0.20597805325762172,0.11329170888452217,0.1866666666666667,0.06275494071146236,0.4049784482758617,0.7414285714285714,0.03018461712712472,0.7739337004643128,0.033591669540496985,45.734693877551024,29.683673469387756,16.03061224489796,0.4325281132861308,0.5674718867138693
german,logistic_regression,sex,equalized_odds_violation,0.26,0.6938775510204082,98,0.20597805325762172,0.11329170888452217,0.1866666666666667,0.06275494071146236,0.4049784482758617,0.7414285714285714,0.03018461712712472,0.7739337004643128,0.033591669540496985,45.734693877551024,29.683673469387756,16.03061224489796,0.4248229904206581,0.5751770095793419
german,logistic_regression,sex,equalized_odds_violation,0.27,0.7142857142857143,98,0.20597805325762172,0.11329170888452217,0.1866666666666667,0.06275494071146236,0.4049784482758617,0.7414285714285714,0.03018461712712472,0.7739337004643128,0.033591669540496985,45.734693877551024,29.683673469387756,16.03061224489796,0.40816326530612246,0.5918367346938775
german,logistic_regression,sex,equalized_odds_violation,0.28,0.7244897959183674,98,0.20597805325762172,0.11329170888452217,0.1866666666666667,0.06275494071146236,0.4049784482758617,0.7414285714285714,0.03018461712712472,0.7739337004643128,0.033591669540496985,45.734693877551024,29.683673469387756,16.03061224489796,0.39920866305705954,0.6007913369429405
german,logistic_regression,sex,equalized_odds_violation,0.29,0.7448979591836735,98,0.20597805325762172,0.11329170888452217,0.1866666666666667,0.06275494071146236,0.4049784482758617,0.7414285714285714,0.03018461712712472,0.7739337004643128,0.033591669540496985,45.734693877551024,29.683673469387756,16.03061224489796,0.38004997917534356,0.6199500208246564
german,logistic_regression,sex,equalized_odds_violation,0.3,0.7755102040816326,98,0.20597805325762172,0.11329170888452217,0.1866666666666667,0.06275494071146236,0.4049784482758617,0.7414285714285714,0.03018461712712472,0.7739337004643128,0.033591669540496985,45.734693877551024,29.683673469387756,16.03061224489796,0.3481882548937943,0.6518117451062058
german,random_forest,age_lt_25,dpd_violation,0.0,0.0,73,0.13252998453467776,0.08760405014126905,0.125,0.00938554472843596,0.2711625874125873,0.7545205479452055,0.023761740847224322,0.7930999492643329,0.02739452846076853,23.91780821917808,14.246575342465754,9.67123287671233,0.0,1.0
german,random_forest,age_lt_25,dpd_violation,0.01,0.0684931506849315,73,0.13252998453467776,0.08760405014126905,0.125,0.00938554472843596,0.2711625874125873,0.7545205479452055,0.023761740847224322,0.7930999492643329,0.02739452846076853,23.91780821917808,14.246575342465754,9.67123287671233,0.12760367798836553,0.8723963220116344
german,random_forest,age_lt_25,dpd_violation,0.02,0.1095890410958904,73,0.13252998453467776,0.08760405014126905,0.125,0.00938554472843596,0.2711625874125873,0.7545205479452055,0.023761740847224322,0.7930999492643329,0.02739452846076853,23.91780821917808,14.246575342465754,9.67123287671233,0.1951585663351473,0.8048414336648527
german,random_forest,age_lt_25,dpd_violation,0.03,0.1232876712328767,73,0.13252998453467776,0.08760405014126905,0.125,0.00938554472843596,0.2711625874125873,0.7545205479452055,0.023761740847224322,0.7930999492643329,0.02739452846076853,23.91780821917808,14.246575342465754,9.67123287671233,0.2161756427097016,0.7838243572902984
german,random_forest,age_lt_25,dpd_violation,0.04,0.1506849315068493,73,0.13252998453467776,0.08760405014126905,0.125,0.00938554472843596,0.2711625874125873,0.7545205479452055,0.023761740847224322,0.7930999492643329,0.02739452846076853,23.91780821917808,14.246575342465754,9.67123287671233,0.2559579658472509,0.7440420341527492
german,random_forest,age_lt_25,dpd_violation,0.05,0.1917808219178082,73,0.13252998453467776,0.08760405014126905,0.125,0.00938554472843596,0.2711625874125873,0.7545205479452055,0.023761740847224322,0.7930999492643329,0.02739452846076853,23.91780821917808,14.246575342465754,9.67123287671233,0.3100018765246763,0.6899981234753236
german,random_forest,age_lt_25,dpd_violation,0.06,0.2191780821917808,73,0.13252998453467776,0.08760405014126905,0.125,0.00938554472843596,0.2711625874125873,0.7545205479452055,0.023761740847224322,0.7930999492643329,0.02739452846076853,23.91780821917808,14.246575342465754,9.67123287671233,0.3422781009570276,0.6577218990429724
german,random_forest,age_lt_25,dpd_violation,0.07,0.2602739726027397,73,0.13252998453467776,0.08760405014126905,0.125,0.00938554472843596,0.2711625874125873,0.7545205479452055,0.023761740847224322,0.7930999492643329,0.02739452846076853,23.91780821917808,14.246575342465754,9.67123287671233,0.38506286357665603,0.614937136423344
german,random_forest,age_lt_25,dpd_violation,0.08,0.3150684931506849,73,0.13252998453467776,0.08760405014126905,0.125,0.00938554472843596,0.2711625874125873,0.7545205479452055,0.023761740847224322,0.7930999492643329,0.02739452846076853,23.91780821917808,14.246575342465754,9.67123287671233,0.4316006755488835,0.5683993244511165
german,random_forest,age_lt_25,dpd_violation,0.09,0.3150684931506849,73,0.13252998453467776,0.08760405014126905,0.125,0.00938554472843596,0.2711625874125873,0.7545205479452055,0.023761740847224322,0.7930999492643329,0.02739452846076853,23.91780821917808,14.246575342465754,9.67123287671233,0.4316006755488835,0.5683993244511165
german,random_forest,age_lt_25,dpd_violation,0.1,0.3698630136986301,73,0.13252998453467776,0.08760405014126905,0.125,0.00938554472843596,0.2711625874125873,0.7545205479452055,0.023761740847224322,0.7930999492643329,0.02739452846076853,23.91780821917808,14.246575342465754,9.67123287671233,0.46612872959279417,0.5338712704072058
german,random_forest,age_lt_25,dpd_violation,0.11,0.410958904109589,73,0.13252998453467776,0.08760405014126905,0.125,0.00938554472843596,0.2711625874125873,0.7545205479452055,0.023761740847224322,0.7930999492643329,0.02739452846076853,23.91780821917808,14.246575342465754,9.67123287671233,0.4841433664852693,0.5158566335147308
german,random_forest,age_lt_25,dpd_violation,0.12,0.4520547945205479,73,0.13252998453467776,0.08760405014126905,0.125,0.00938554472843596,0.2711625874125873,0.7545205479452055,0.023761740847224322,0.7930999492643329,0.02739452846076853,23.91780821917808,14.246575342465754,9.67123287671233,0.49540251454306616,0.5045974854569338
german,random_forest,age_lt_25,dpd_violation,0.13,0.547945205479452,73,0.13252998453467776,0.08760405014126905,0.125,0.00938554472843596,0.2711625874125873,0.7545205479452055,0.023761740847224322,0.7930999492643329,0.02739452846076853,23.91780821917808,14.246575342465754,9.67123287671233,0.4954025145430663,0.5045974854569337
german,random_forest,age_lt_25,dpd_violation,0.14,0.589041095890411,73,0.13252998453467776,0.08760405014126905,0.125,0.00938554472843596,0.2711625874125873,0.7545205479452055,0.023761740847224322,0.7930999492643329,0.02739452846076853,23.91780821917808,14.246575342465754,9.67123287671233,0.4841433664852693,0.5158566335147308
german,random_forest,age_lt_25,dpd_violation,0.15,0.6301369863013698,73,0.13252998453467776,0.08760405014126905,0.125,0.00938554472843596,0.2711625874125873,0.7545205479452055,0.023761740847224322,0.7930999492643329,0.02739452846076853,23.91780821917808,14.246575342465754,9.67123287671233,0.46612872959279417,0.5338712704072058
german,random_forest,age_lt_25,dpd_violation,0.16,0.6986301369863014,73,0.13252998453467776,0.08760405014126905,0.125,0.00938554472843596,0.2711625874125873,0.7545205479452055,0.023761740847224322,0.7930999492643329,0.02739452846076853,23.91780821917808,14.246575342465754,9.67123287671233,0.4210921373616063,0.5789078626383937
german,random_forest,age_lt_25,dpd_violation,0.17,0.7397260273972602,73,0.13252998453467776,0.08760405014126905,0.125,0.00938554472843596,0.2711625874125873,0.7545205479452055,0.023761740847224322,0.7930999492643329,0.02739452846076853,23.91780821917808,14.246575342465754,9.67123287671233,0.3850628635766561,0.6149371364233439
german,random_forest,age_lt_25,dpd_violation,0.18,0.7534246575342466,73,0.13252998453467776,0.08760405014126905,0.125,0.00938554472843596,0.2711625874125873,0.7545205479452055,0.023761740847224322,0.7930999492643329,0.02739452846076853,23.91780821917808,14.246575342465754,9.67123287671233,0.37155188590729965,0.6284481140927003
german,random_forest,age_lt_25,dpd_violation,0.19,0.7534246575342466,73,0.13252998453467776,0.08760405014126905,0.125,0.00938554472843596,0.2711625874125873,0.7545205479452055,0.023761740847224322,0.7930999492643329,0.02739452846076853,23.91780821917808,14.246575342465754,9.67123287671233,0.37155188590729965,0.6284481140927003
german,random_forest,age_lt_25,dpd_violation,0.2,0.7945205479452054,73,0.13252998453467776,0.08760405014126905,0.125,0.00938554472843596,0.2711625874125873,0.7545205479452055,0.023761740847224322,0.7930999492643329,0.02739452846076853,23.91780821917808,14.246575342465754,9.67123287671233,0.3265152936761119,0.6734847063238881
german,random_forest,age_lt_25,dpd_violation,0.21,0.8082191780821918,73,0.13252998453467776,0.08760405014126905,0.125,0.00938554472843596,0.2711625874125873,0.7545205479452055,0.023761740847224322,0.7930999492643329,0.02739452846076853,23.91780821917808,14.246575342465754,9.67123287671233,0.3100018765246763,0.6899981234753236
german,random_forest,age_lt_25,dpd_violation,0.22,0.8356164383561644,73,0.13252998453467776,0.08760405014126905,0.125,0.00938554472843596,0.2711625874125873,0.7545205479452055,0.023761740847224322,0.7930999492643329,0.02739452846076853,23.91780821917808,14.246575342465754,9.67123287671233,0.2747232126102458,0.7252767873897542
german,random_forest,age_lt_25,dpd_violation,0.23,0.8493150684931506,73,0.13252998453467776,0.08760405014126905,0.125,0.00938554472843596,0.2711625874125873,0.7545205479452055,0.023761740847224322,0.7930999492643329,0.02739452846076853,23.91780821917808,14.246575342465754,9.67123287671233,0.25595796584725095,0.744042034152749
german,random_forest,age_lt_25,dpd_violation,0.24,0.8767123287671232,73,0.13252998453467776,0.08760405014126905,0.125,0.00938554472843596,0.2711625874125873,0.7545205479452055,0.023761740847224322,0.7930999492643329,0.02739452846076853,23.91780821917808,14.246575342465754,9.67123287671233,0.21617564270970172,0.7838243572902983
german,random_forest,age_lt_25,dpd_violation,0.25,0.8904109589041096,73,0.13252998453467776,0.08760405014126905,0.125,0.00938554472843596,0.2711625874125873,0.7545205479452055,0.023761740847224322,0.7930999492643329,0.02739452846076853,23.91780821917808,14.246575342465754,9.67123287671233,0.1951585663351473,0.8048414336648527
german,random_forest,age_lt_25,dpd_violation,0.26,0.9178082191780822,73,0.13252998453467776,0.08760405014126905,0.125,0.00938554472843596,0.2711625874125873,0.7545205479452055,0.023761740847224322,0.7930999492643329,0.02739452846076853,23.91780821917808,14.246575342465754,9.67123287671233,0.15087258397447925,0.8491274160255208
german,random_forest,age_lt_25,dpd_violation,0.27,0.9452054794520548,73,0.13252998453467776,0.08760405014126905,0.125,0.00938554472843596,0.2711625874125873,0.7545205479452055,0.023761740847224322,0.7930999492643329,0.02739452846076853,23.91780821917808,14.246575342465754,9.67123287671233,0.10358416213173202,0.896415837868268
german,random_forest,age_lt_25,dpd_violation,0.28,0.958904109589041,73,0.13252998453467776,0.08760405014126905,0.125,0.00938554472843596,0.2711625874125873,0.7545205479452055,0.023761740847224322,0.7930999492643329,0.02739452846076853,23.91780821917808,14.246575342465754,9.67123287671233,0.07881403640457882,0.9211859635954212
german,random_forest,age_lt_25,dpd_violation,0.29,0.958904109589041,73,0.13252998453467776,0.08760405014126905,0.125,0.00938554472843596,0.2711625874125873,0.7545205479452055,0.023761740847224322,0.7930999492643329,0.02739452846076853,23.91780821917808,14.246575342465754,9.67123287671233,0.07881403640457882,0.9211859635954212
german,random_forest,age_lt_25,dpd_violation,0.3,0.958904109589041,73,0.13252998453467776,0.08760405014126905,0.125,0.00938554472843596,0.2711625874125873,0.7545205479452055,0.023761740847224322,0.7930999492643329,0.02739452846076853,23.91780821917808,14.246575342465754,9.67123287671233,0.07881403640457882,0.9211859635954212
german,random_forest,age_lt_25,dpr_violation,0.0,0.0,73,0.15249868109602197,0.10024055055131288,0.1441326530612245,0.0110199617172545,0.3205607476635512,0.7545205479452055,0.023761740847224322,0.7930999492643329,0.02739452846076853,23.91780821917808,14.246575342465754,9.67123287671233,0.0,1.0
german,random_forest,age_lt_25,dpr_violation,0.010000000000000009,0.0410958904109589,73,0.15249868109602197,0.10024055055131288,0.1441326530612245,0.0110199617172545,0.3205607476635512,0.7545205479452055,0.023761740847224322,0.7930999492643329,0.02739452846076853,23.91780821917808,14.246575342465754,9.67123287671233,0.07881403640457872,0.9211859635954213
german,random_forest,age_lt_25,dpr_violation,0.020000000000000018,0.0821917808219178,73,0.15249868109602197,0.10024055055131288,0.1441326530612245,0.0110199617172545,0.3205607476635512,0.7545205479452055,0.023761740847224322,0.7930999492643329,0.02739452846076853,23.91780821917808,14.246575342465754,9.67123287671233,0.15087258397447925,0.8491274160255208
german,random_forest,age_lt_25,dpr_violation,0.030000000000000027,0.1095890410958904,73,0.15249868109602197,0.10024055055131288,0.1441326530612245,0.0110199617172545,0.3205607476635512,0.7545205479452055,0.023761740847224322,0.7930999492643329,0.02739452846076853,23.91780821917808,14.246575342465754,9.67123287671233,0.1951585663351473,0.8048414336648527
german,random_forest,age_lt_25,dpr_violation,0.040000000000000036,0.136986301369863,73,0.15249868109602197,0.10024055055131288,0.1441326530612245,0.0110199617172545,0.3205607476635512,0.7545205479452055,0.023761740847224322,0.7930999492643329,0.02739452846076853,23.91780821917808,14.246575342465754,9.67123287671233,0.23644210921373615,0.7635578907862639
german,random_forest,age_lt_25,dpr_violation,0.050000000000000044,0.1643835616438356,73,0.15249868109602197,0.10024055055131288,0.1441326530612245,0.0110199617172545,0.3205607476635512,0.7545205479452055,0.023761740847224322,0.7930999492643329,0.02739452846076853,23.91780821917808,14.246575342465754,9.67123287671233,0.2747232126102458,0.7252767873897542
german,random_forest,age_lt_25,dpr_violation,0.06000000000000005,0.1917808219178082,73,0.15249868109602197,0.10024055055131288,0.1441326530612245,0.0110199617172545,0.3205607476635512,0.7545205479452055,0.023761740847224322,0.7930999492643329,0.02739452846076853,23.91780821917808,14.246575342465754,9.67123287671233,0.3100018765246763,0.6899981234753236
german,random_forest,age_lt_25,dpr_violation,0.06999999999999995,0.2191780821917808,73,0.15249868109602197,0.10024055055131288,0.1441326530612245,0.0110199617172545,0.3205607476635512,0.7545205479452055,0.023761740847224322,0.7930999492643329,0.02739452846076853,23.91780821917808,14.246575342465754,9.67123287671233,0.3422781009570276,0.6577218990429724
german,random_forest,age_lt_25,dpr_violation,0.07999999999999996,0.2602739726027397,73,0.15249868109602197,0.10024055055131288,0.1441326530612245,0.0110199617172545,0.3205607476635512,0.7545205479452055,0.023761740847224322,0.7930999492643329,0.02739452846076853,23.91780821917808,14.246575342465754,9.67123287671233,0.38506286357665603,0.614937136423344
german,random_forest,age_lt_25,dpr_violation,0.08999999999999997,0.2876712328767123,73,0.15249868109602197,0.10024055055131288,0.1441326530612245,0.0110199617172545,0.3205607476635512,0.7545205479452055,0.023761740847224322,0.7930999492643329,0.02739452846076853,23.91780821917808,14.246575342465754,9.67123287671233,0.4098329893038093,0.5901670106961907
german,random_forest,age_lt_25,dpr_violation,0.09999999999999998,0.3150684931506849,73,0.15249868109602197,0.10024055055131288,0.1441326530612245,0.0110199617172545,0.3205607476635512,0.7545205479452055,0.023761740847224322,0.7930999492643329,0.02739452846076853,23.91780821917808,14.246575342465754,9.67123287671233,0.4316006755488835,0.5683993244511165
german,random_forest,age_lt_25,dpr_violation,0.10999999999999999,0.3561643835616438,73,0.15249868109602197,0.10024055055131288,0.1441326530612245,0.0110199617172545,0.3205607476635512,0.7545205479452055,0.023761740847224322,0.7930999492643329,0.02739452846076853,23.91780821917808,14.246575342465754,9.67123287671233,0.45862263088759614,0.5413773691124039
german,random_forest,age_lt_25,dpr_violation,0.12,0.3972602739726027,73,0.15249868109602197,0.10024055055131288,0.1441326530612245,0.0110199617172545,0.3205607476635512,0.7545205479452055,0.023761740847224322,0.7930999492643329,0.02739452846076853,23.91780821917808,14.246575342465754,9.67123287671233,0.47888909739163066,0.5211109026083693
german,random_forest,age_lt_25,dpr_violation,0.13,0.4383561643835616,73,0.15249868109602197,0.10024055055131288,0.1441326530612245,0.0110199617172545,0.3205607476635512,0.7545205479452055,0.023761740847224322,0.7930999492643329,0.02739452846076853,23.91780821917808,14.246575342465754,9.67123287671233,0.49240007506098704,0.507599924939013
german,random_forest,age_lt_25,dpr_violation,0.14,0.4657534246575342,73,0.15249868109602197,0.10024055055131288,0.1441326530612245,0.0110199617172545,0.3205607476635512,0.7545205479452055,0.023761740847224322,0.7930999492643329,0.02739452846076853,23.91780821917808,14.246575342465754,9.67123287671233,0.4976543441546256,0.5023456558453744
german,random_forest,age_lt_25,dpr_violation,0.15000000000000002,0.5342465753424658,73,0.15249868109602197,0.10024055055131288,0.1441326530612245,0.0110199617172545,0.3205607476635512,0.7545205479452055,0.023761740847224322,0.7930999492643329,0.02739452846076853,23.91780821917808,14.246575342465754,9.67123287671233,0.4976543441546256,0.5023456558453744
german,random_forest,age_lt_25,dpr_violation,0.16000000000000003,0.589041095890411,73,0.15249868109602197,0.10024055055131288,0.1441326530612245,0.0110199617172545,0.3205607476635512,0.7545205479452055,0.023761740847224322,0.7930999492643329,0.02739452846076853,23.91780821917808,14.246575342465754,9.67123287671233,0.4841433664852693,0.5158566335147308
german,random_forest,age_lt_25,dpr_violation,0.17000000000000004,0.6301369863013698,73,0.15249868109602197,0.10024055055131288,0.1441326530612245,0.0110199617172545,0.3205607476635512,0.7545205479452055,0.023761740847224322,0.7930999492643329,0.02739452846076853,23.91780821917808,14.246575342465754,9.67123287671233,0.46612872959279417,0.5338712704072058
german,random_forest,age_lt_25,dpr_violation,0.18000000000000005,0.6575342465753424,73,0.15249868109602197,0.10024055055131288,0.1441326530612245,0.0110199617172545,0.3205607476635512,0.7545205479452055,0.023761740847224322,0.7930999492643329,0.02739452846076853,23.91780821917808,14.246575342465754,9.67123287671233,0.45036592231187844,0.5496340776881216
german,random_forest,age_lt_25,dpr_violation,0.18999999999999995,0.726027397260274,73,0.15249868109602197,0.10024055055131288,0.1441326530612245,0.0110199617172545,0.3205607476635512,0.7545205479452055,0.023761740847224322,0.7930999492643329,0.02739452846076853,23.91780821917808,14.246575342465754,9.67123287671233,0.3978232313754926,0.6021767686245074
german,random_forest,age_lt_25,dpr_violation,0.19999999999999996,0.7397260273972602,73,0.15249868109602197,0.10024055055131288,0.1441326530612245,0.0110199617172545,0.3205607476635512,0.7545205479452055,0.023761740847224322,0.7930999492643329,0.02739452846076853,23.91780821917808,14.246575342465754,9.67123287671233,0.3850628635766561,0.6149371364233439
german,random_forest,age_lt_25,dpr_violation,0.20999999999999996,0.7534246575342466,73,0.15249868109602197,0.10024055055131288,0.1441326530612245,0.0110199617172545,0.3205607476635512,0.7545205479452055,0.023761740847224322,0.7930999492643329,0.02739452846076853,23.91780821917808,14.246575342465754,9.67123287671233,0.37155188590729965,0.6284481140927003
german,random_forest,age_lt_25,dpr_violation,0.21999999999999997,0.7671232876712328,73,0.15249868109602197,0.10024055055131288,0.1441326530612245,0.0110199617172545,0.3205607476635512,0.7545205479452055,0.023761740847224322,0.7930999492643329,0.02739452846076853,23.91780821917808,14.246575342465754,9.67123287671233,0.3572902983674236,0.6427097016325765
german,random_forest,age_lt_25,dpr_violation,0.22999999999999998,0.7808219178082192,73,0.15249868109602197,0.10024055055131288,0.1441326530612245,0.0110199617172545,0.3205607476635512,0.7545205479452055,0.023761740847224322,0.7930999492643329,0.02739452846076853,23.91780821917808,14.246575342465754,9.67123287671233,0.3422781009570276,0.6577218990429724
german,random_forest,age_lt_25,dpr_violation,0.24,0.7945205479452054,73,0.15249868109602197,0.10024055055131288,0.1441326530612245,0.0110199617172545,0.3205607476635512,0.7545205479452055,0.023761740847224322,0.7930999492643329,0.02739452846076853,23.91780821917808,14.246575342465754,9.67123287671233,0.3265152936761119,0.6734847063238881
german,random_forest,age_lt_25,dpr_violation,0.25,0.821917808219178,73,0.15249868109602197,0.10024055055131288,0.1441326530612245,0.0110199617172545,0.3205607476635512,0.7545205479452055,0.023761740847224322,0.7930999492643329,0.02739452846076853,23.91780821917808,14.246575342465754,9.67123287671233,0.292737849502721,0.7072621504972789
german,random_forest,age_lt_25,dpr_violation,0.26,0.8356164383561644,73,0.15249868109602197,0.10024055055131288,0.1441326530612245,0.0110199617172545,0.3205607476635512,0.7545205479452055,0.023761740847224322,0.7930999492643329,0.02739452846076853,23.91780821917808,14.246575342465754,9.67123287671233,0.2747232126102458,0.7252767873897542
german,random_forest,age_lt_25,dpr_violation,0.27,0.863013698630137,73,0.15249868109602197,0.10024055055131288,0.1441326530612245,0.0110199617172545,0.3205607476635512,0.7545205479452055,0.023761740847224322,0.7930999492643329,0.02739452846076853,23.91780821917808,14.246575342465754,9.67123287671233,0.23644210921373615,0.7635578907862639
german,random_forest,age_lt_25,dpr_violation,0.28,0.8904109589041096,73,0.15249868109602197,0.10024055055131288,0.1441326530612245,0.0110199617172545,0.3205607476635512,0.7545205479452055,0.023761740847224322,0.7930999492643329,0.02739452846076853,23.91780821917808,14.246575342465754,9.67123287671233,0.1951585663351473,0.8048414336648527
german,random_forest,age_lt_25,dpr_violation,0.29000000000000004,0.9041095890410958,73,0.15249868109602197,0.10024055055131288,0.1441326530612245,0.0110199617172545,0.3205607476635512,0.7545205479452055,0.023761740847224322,0.7930999492643329,0.02739452846076853,23.91780821917808,14.246575342465754,9.67123287671233,0.17339088009007328,0.8266091199099267
german,random_forest,age_lt_25,dpr_violation,0.30000000000000004,0.9315068493150684,73,0.15249868109602197,0.10024055055131288,0.1441326530612245,0.0110199617172545,0.3205607476635512,0.7545205479452055,0.023761740847224322,0.7930999492643329,0.02739452846076853,23.91780821917808,14.246575342465754,9.67123287671233,0.12760367798836564,0.8723963220116344
german,random_forest,age_lt_25,dpr_violation,0.31000000000000005,0.9315068493150684,73,0.15249868109602197,0.10024055055131288,0.1441326530612245,0.0110199617172545,0.3205607476635512,0.7545205479452055,0.023761740847224322,0.7930999492643329,0.02739452846076853,23.91780821917808,14.246575342465754,9.67123287671233,0.12760367798836564,0.8723963220116344
german,random_forest,age_lt_25,dpr_violation,0.31999999999999995,0.9452054794520548,73,0.15249868109602197,0.10024055055131288,0.1441326530612245,0.0110199617172545,0.3205607476635512,0.7545205479452055,0.023761740847224322,0.7930999492643329,0.02739452846076853,23.91780821917808,14.246575342465754,9.67123287671233,0.10358416213173202,0.896415837868268
german,random_forest,age_lt_25,dpr_violation,0.32999999999999996,0.9452054794520548,73,0.15249868109602197,0.10024055055131288,0.1441326530612245,0.0110199617172545,0.3205607476635512,0.7545205479452055,0.023761740847224322,0.7930999492643329,0.02739452846076853,23.91780821917808,14.246575342465754,9.67123287671233,0.10358416213173202,0.896415837868268
german,random_forest,age_lt_25,dpr_violation,0.33999999999999997,0.958904109589041,73,0.15249868109602197,0.10024055055131288,0.1441326530612245,0.0110199617172545,0.3205607476635512,0.7545205479452055,0.023761740847224322,0.7930999492643329,0.02739452846076853,23.91780821917808,14.246575342465754,9.67123287671233,0.07881403640457882,0.9211859635954212
german,random_forest,age_lt_25,dpr_violation,0.35,0.958904109589041,73,0.15249868109602197,0.10024055055131288,0.1441326530612245,0.0110199617172545,0.3205607476635512,0.7545205479452055,0.023761740847224322,0.7930999492643329,0.02739452846076853,23.91780821917808,14.246575342465754,9.67123287671233,0.07881403640457882,0.9211859635954212
german,random_forest,age_lt_25,dpr_violation,0.36,0.9726027397260274,73,0.15249868109602197,0.10024055055131288,0.1441326530612245,0.0110199617172545,0.3205607476635512,0.7545205479452055,0.023761740847224322,0.7930999492643329,0.02739452846076853,23.91780821917808,14.246575342465754,9.67123287671233,0.05329330080690561,0.9467066991930944
german,random_forest,age_lt_25,dpr_violation,0.37,0.9726027397260274,73,0.15249868109602197,0.10024055055131288,0.1441326530612245,0.0110199617172545,0.3205607476635512,0.7545205479452055,0.023761740847224322,0.7930999492643329,0.02739452846076853,23.91780821917808,14.246575342465754,9.67123287671233,0.05329330080690561,0.9467066991930944
german,random_forest,age_lt_25,dpr_violation,0.38,0.9726027397260274,73,0.15249868109602197,0.10024055055131288,0.1441326530612245,0.0110199617172545,0.3205607476635512,0.7545205479452055,0.023761740847224322,0.7930999492643329,0.02739452846076853,23.91780821917808,14.246575342465754,9.67123287671233,0.05329330080690561,0.9467066991930944
german,random_forest,age_lt_25,dpr_violation,0.39,0.9726027397260274,73,0.15249868109602197,0.10024055055131288,0.1441326530612245,0.0110199617172545,0.3205607476635512,0.7545205479452055,0.023761740847224322,0.7930999492643329,0.02739452846076853,23.91780821917808,14.246575342465754,9.67123287671233,0.05329330080690561,0.9467066991930944
german,random_forest,age_lt_25,dpr_violation,0.4,0.9863013698630136,73,0.15249868109602197,0.10024055055131288,0.1441326530612245,0.0110199617172545,0.3205607476635512,0.7545205479452055,0.023761740847224322,0.7930999492643329,0.02739452846076853,23.91780821917808,14.246575342465754,9.67123287671233,0.02702195533871281,0.9729780446612872
german,random_forest,age_lt_25,eod_violation,0.0,0.0,70,0.12266075430685784,0.08882697761819472,0.107715657847046,0.007501834189288296,0.26201076779026217,0.7550476190476191,0.024068761247744364,0.7933061224489796,0.026889840918706043,24.057142857142857,14.485714285714286,9.571428571428571,0.0,1.0
german,random_forest,age_lt_25,eod_violation,0.01,0.07142857142857142,70,0.12266075430685784,0.08882697761819472,0.107715657847046,0.007501834189288296,0.26201076779026217,0.7550476190476191,0.024068761247744364,0.7933061224489796,0.026889840918706043,24.057142857142857,14.485714285714286,9.571428571428571,0.1326530612244898,0.8673469387755102
german,random_forest,age_lt_25,eod_violation,0.02,0.14285714285714285,70,0.12266075430685784,0.08882697761819472,0.107715657847046,0.007501834189288296,0.26201076779026217,0.7550476190476191,0.024068761247744364,0.7933061224489796,0.026889840918706043,24.057142857142857,14.485714285714286,9.571428571428571,0.24489795918367346,0.7551020408163265
german,random_forest,age_lt_25,eod_violation,0.03,0.2,70,0.12266075430685784,0.08882697761819472,0.107715657847046,0.007501834189288296,0.26201076779026217,0.7550476190476191,0.024068761247744364,0.7933061224489796,0.026889840918706043,24.057142857142857,14.485714285714286,9.571428571428571,0.32000000000000006,0.6799999999999999
german,random_forest,age_lt_25,eod_violation,0.04,0.24285714285714285,70,0.12266075430685784,0.08882697761819472,0.107715657847046,0.007501834189288296,0.26201076779026217,0.7550476190476191,0.024068761247744364,0.7933061224489796,0.026889840918706043,24.057142857142857,14.485714285714286,9.571428571428571,0.3677551020408163,0.6322448979591837
german,random_forest,age_lt_25,eod_violation,0.05,0.3,70,0.12266075430685784,0.08882697761819472,0.107715657847046,0.007501834189288296,0.26201076779026217,0.7550476190476191,0.024068761247744364,0.7933061224489796,0.026889840918706043,24.057142857142857,14.485714285714286,9.571428571428571,0.42,0.5800000000000001
german,random_forest,age_lt_25,eod_violation,0.06,0.3,70,0.12266075430685784,0.08882697761819472,0.107715657847046,0.007501834189288296,0.26201076779026217,0.7550476190476191,0.024068761247744364,0.7933061224489796,0.026889840918706043,24.057142857142857,14.485714285714286,9.571428571428571,0.42,0.5800000000000001
german,random_forest,age_lt_25,eod_violation,0.07,0.35714285714285715,70,0.12266075430685784,0.08882697761819472,0.107715657847046,0.007501834189288296,0.26201076779026217,0.7550476190476191,0.024068761247744364,0.7933061224489796,0.026889840918706043,24.057142857142857,14.485714285714286,9.571428571428571,0.4591836734693877,0.5408163265306123
german,random_forest,age_lt_25,eod_violation,0.08,0.37142857142857144,70,0.12266075430685784,0.08882697761819472,0.107715657847046,0.007501834189288296,0.26201076779026217,0.7550476190476191,0.024068761247744364,0.7933061224489796,0.026889840918706043,24.057142857142857,14.485714285714286,9.571428571428571,0.4669387755102041,0.5330612244897959
german,random_forest,age_lt_25,eod_violation,0.09,0.4142857142857143,70,0.12266075430685784,0.08882697761819472,0.107715657847046,0.007501834189288296,0.26201076779026217,0.7550476190476191,0.024068761247744364,0.7933061224489796,0.026889840918706043,24.057142857142857,14.485714285714286,9.571428571428571,0.4853061224489796,0.5146938775510204
german,random_forest,age_lt_25,eod_violation,0.1,0.4857142857142857,70,0.12266075430685784,0.08882697761819472,0.107715657847046,0.007501834189288296,0.26201076779026217,0.7550476190476191,0.024068761247744364,0.7933061224489796,0.026889840918706043,24.057142857142857,14.485714285714286,9.571428571428571,0.4995918367346938,0.5004081632653061
german,random_forest,age_lt_25,eod_violation,0.11,0.5,70,0.12266075430685784,0.08882697761819472,0.107715657847046,0.007501834189288296,0.26201076779026217,0.7550476190476191,0.024068761247744364,0.7933061224489796,0.026889840918706043,24.057142857142857,14.485714285714286,9.571428571428571,0.5,0.5
german,random_forest,age_lt_25,eod_violation,0.12,0.5142857142857142,70,0.12266075430685784,0.08882697761819472,0.107715657847046,0.007501834189288296,0.26201076779026217,0.7550476190476191,0.024068761247744364,0.7933061224489796,0.026889840918706043,24.057142857142857,14.485714285714286,9.571428571428571,0.4995918367346939,0.5004081632653061
german,random_forest,age_lt_25,eod_violation,0.13,0.5571428571428572,70,0.12266075430685784,0.08882697761819472,0.107715657847046,0.007501834189288296,0.26201076779026217,0.7550476190476191,0.024068761247744364,0.7933061224489796,0.026889840918706043,24.057142857142857,14.485714285714286,9.571428571428571,0.493469387755102,0.506530612244898
german,random_forest,age_lt_25,eod_violation,0.14,0.5857142857142857,70,0.12266075430685784,0.08882697761819472,0.107715657847046,0.007501834189288296,0.26201076779026217,0.7550476190476191,0.024068761247744364,0.7933061224489796,0.026889840918706043,24.057142857142857,14.485714285714286,9.571428571428571,0.4853061224489796,0.5146938775510204
german,random_forest,age_lt_25,eod_violation,0.15,0.6571428571428571,70,0.12266075430685784,0.08882697761819472,0.107715657847046,0.007501834189288296,0.26201076779026217,0.7550476190476191,0.024068761247744364,0.7933061224489796,0.026889840918706043,24.057142857142857,14.485714285714286,9.571428571428571,0.4506122448979592,0.5493877551020407
german,random_forest,age_lt_25,eod_violation,0.16,0.6857142857142857,70,0.12266075430685784,0.08882697761819472,0.107715657847046,0.007501834189288296,0.26201076779026217,0.7550476190476191,0.024068761247744364,0.7933061224489796,0.026889840918706043,24.057142857142857,14.485714285714286,9.571428571428571,0.4310204081632653,0.5689795918367346
german,random_forest,age_lt_25,eod_violation,0.17,0.7,70,0.12266075430685784,0.08882697761819472,0.107715657847046,0.007501834189288296,0.26201076779026217,0.7550476190476191,0.024068761247744364,0.7933061224489796,0.026889840918706043,24.057142857142857,14.485714285714286,9.571428571428571,0.42000000000000004,0.58
german,random_forest,age_lt_25,eod_violation,0.18,0.7,70,0.12266075430685784,0.08882697761819472,0.107715657847046,0.007501834189288296,0.26201076779026217,0.7550476190476191,0.024068761247744364,0.7933061224489796,0.026889840918706043,24.057142857142857,14.485714285714286,9.571428571428571,0.42000000000000004,0.58
german,random_forest,age_lt_25,eod_violation,0.19,0.7285714285714285,70,0.12266075430685784,0.08882697761819472,0.107715657847046,0.007501834189288296,0.26201076779026217,0.7550476190476191,0.024068761247744364,0.7933061224489796,0.026889840918706043,24.057142857142857,14.485714285714286,9.571428571428571,0.3955102040816327,0.6044897959183673
german,random_forest,age_lt_25,eod_violation,0.2,0.7428571428571429,70,0.12266075430685784,0.08882697761819472,0.107715657847046,0.007501834189288296,0.26201076779026217,0.7550476190476191,0.024068761247744364,0.7933061224489796,0.026889840918706043,24.057142857142857,14.485714285714286,9.571428571428571,0.3820408163265306,0.6179591836734695
german,random_forest,age_lt_25,eod_violation,0.21,0.8,70,0.12266075430685784,0.08882697761819472,0.107715657847046,0.007501834189288296,0.26201076779026217,0.7550476190476191,0.024068761247744364,0.7933061224489796,0.026889840918706043,24.057142857142857,14.485714285714286,9.571428571428571,0.31999999999999995,0.68
german,random_forest,age_lt_25,eod_violation,0.22,0.8571428571428571,70,0.12266075430685784,0.08882697761819472,0.107715657847046,0.007501834189288296,0.26201076779026217,0.7550476190476191,0.024068761247744364,0.7933061224489796,0.026889840918706043,24.057142857142857,14.485714285714286,9.571428571428571,0.24489795918367355,0.7551020408163265
german,random_forest,age_lt_25,eod_violation,0.23,0.8571428571428571,70,0.12266075430685784,0.08882697761819472,0.107715657847046,0.007501834189288296,0.26201076779026217,0.7550476190476191,0.024068761247744364,0.7933061224489796,0.026889840918706043,24.057142857142857,14.485714285714286,9.571428571428571,0.24489795918367355,0.7551020408163265
german,random_forest,age_lt_25,eod_violation,0.24,0.9,70,0.12266075430685784,0.08882697761819472,0.107715657847046,0.007501834189288296,0.26201076779026217,0.7550476190476191,0.024068761247744364,0.7933061224489796,0.026889840918706043,24.057142857142857,14.485714285714286,9.571428571428571,0.17999999999999997,0.8200000000000001
german,random_forest,age_lt_25,eod_violation,0.25,0.9285714285714286,70,0.12266075430685784,0.08882697761819472,0.107715657847046,0.007501834189288296,0.26201076779026217,0.7550476190476191,0.024068761247744364,0.7933061224489796,0.026889840918706043,24.057142857142857,14.485714285714286,9.571428571428571,0.13265306122448975,0.8673469387755103
german,random_forest,age_lt_25,eod_violation,0.26,0.9428571428571428,70,0.12266075430685784,0.08882697761819472,0.107715657847046,0.007501834189288296,0.26201076779026217,0.7550476190476191,0.024068761247744364,0.7933061224489796,0.026889840918706043,24.057142857142857,14.485714285714286,9.571428571428571,0.10775510204081636,0.8922448979591836
german,random_forest,age_lt_25,eod_violation,0.27,0.9571428571428572,70,0.12266075430685784,0.08882697761819472,0.107715657847046,0.007501834189288296,0.26201076779026217,0.7550476190476191,0.024068761247744364,0.7933061224489796,0.026889840918706043,24.057142857142857,14.485714285714286,9.571428571428571,0.08204081632653054,0.9179591836734695
german,random_forest,age_lt_25,eod_violation,0.28,0.9571428571428572,70,0.12266075430685784,0.08882697761819472,0.107715657847046,0.007501834189288296,0.26201076779026217,0.7550476190476191,0.024068761247744364,0.7933061224489796,0.026889840918706043,24.057142857142857,14.485714285714286,9.571428571428571,0.08204081632653054,0.9179591836734695
german,random_forest,age_lt_25,eod_violation,0.29,0.9857142857142858,70,0.12266075430685784,0.08882697761819472,0.107715657847046,0.007501834189288296,0.26201076779026217,0.7550476190476191,0.024068761247744364,0.7933061224489796,0.026889840918706043,24.057142857142857,14.485714285714286,9.571428571428571,0.02816326530612235,0.9718367346938777
german,random_forest,age_lt_25,eod_violation,0.3,0.9857142857142858,70,0.12266075430685784,0.08882697761819472,0.107715657847046,0.007501834189288296,0.26201076779026217,0.7550476190476191,0.024068761247744364,0.7933061224489796,0.026889840918706043,24.057142857142857,14.485714285714286,9.571428571428571,0.02816326530612235,0.9718367346938777
german,random_forest,age_lt_25,equalized_odds_violation,0.0,0.0,38,0.18793674233545182,0.09795962568927197,0.18262439807383624,0.0571428571428571,0.37587412587412594,0.7571929824561403,0.024684511633578498,0.7932832080200501,0.02566702560120279,25.105263157894736,14.0,11.105263157894736,0.0,1.0
german,random_forest,age_lt_25,equalized_odds_violation,0.01,0.0,38,0.18793674233545182,0.09795962568927197,0.18262439807383624,0.0571428571428571,0.37587412587412594,0.7571929824561403,0.024684511633578498,0.7932832080200501,0.02566702560120279,25.105263157894736,14.0,11.105263157894736,0.0,1.0
german,random_forest,age_lt_25,equalized_odds_violation,0.02,0.0,38,0.18793674233545182,0.09795962568927197,0.18262439807383624,0.0571428571428571,0.37587412587412594,0.7571929824561403,0.024684511633578498,0.7932832080200501,0.02566702560120279,25.105263157894736,14.0,11.105263157894736,0.0,1.0
german,random_forest,age_lt_25,equalized_odds_violation,0.03,0.0,38,0.18793674233545182,0.09795962568927197,0.18262439807383624,0.0571428571428571,0.37587412587412594,0.7571929824561403,0.024684511633578498,0.7932832080200501,0.02566702560120279,25.105263157894736,14.0,11.105263157894736,0.0,1.0
german,random_forest,age_lt_25,equalized_odds_violation,0.04,0.0,38,0.18793674233545182,0.09795962568927197,0.18262439807383624,0.0571428571428571,0.37587412587412594,0.7571929824561403,0.024684511633578498,0.7932832080200501,0.02566702560120279,25.105263157894736,14.0,11.105263157894736,0.0,1.0
german,random_forest,age_lt_25,equalized_odds_violation,0.05,0.02631578947368421,38,0.18793674233545182,0.09795962568927197,0.18262439807383624,0.0571428571428571,0.37587412587412594,0.7571929824561403,0.024684511633578498,0.7932832080200501,0.02566702560120279,25.105263157894736,14.0,11.105263157894736,0.05124653739612188,0.9487534626038782
german,random_forest,age_lt_25,equalized_odds_violation,0.06,0.07894736842105263,38,0.18793674233545182,0.09795962568927197,0.18262439807383624,0.0571428571428571,0.37587412587412594,0.7571929824561403,0.024684511633578498,0.7932832080200501,0.02566702560120279,25.105263157894736,14.0,11.105263157894736,0.14542936288088643,0.8545706371191135
german,random_forest,age_lt_25,equalized_odds_violation,0.07,0.13157894736842105,38,0.18793674233545182,0.09795962568927197,0.18262439807383624,0.0571428571428571,0.37587412587412594,0.7571929824561403,0.024684511633578498,0.7932832080200501,0.02566702560120279,25.105263157894736,14.0,11.105263157894736,0.22853185595567865,0.7714681440443214
german,random_forest,age_lt_25,equalized_odds_violation,0.08,0.15789473684210525,38,0.18793674233545182,0.09795962568927197,0.18262439807383624,0.0571428571428571,0.37587412587412594,0.7571929824561403,0.024684511633578498,0.7932832080200501,0.02566702560120279,25.105263157894736,14.0,11.105263157894736,0.26592797783933514,0.7340720221606649
german,random_forest,age_lt_25,equalized_odds_violation,0.09,0.18421052631578946,38,0.18793674233545182,0.09795962568927197,0.18262439807383624,0.0571428571428571,0.37587412587412594,0.7571929824561403,0.024684511633578498,0.7932832080200501,0.02566702560120279,25.105263157894736,14.0,11.105263157894736,0.3005540166204986,0.6994459833795015
german,random_forest,age_lt_25,equalized_odds_violation,0.1,0.23684210526315788,38,0.18793674233545182,0.09795962568927197,0.18262439807383624,0.0571428571428571,0.37587412587412594,0.7571929824561403,0.024684511633578498,0.7932832080200501,0.02566702560120279,25.105263157894736,14.0,11.105263157894736,0.36149584487534625,0.6385041551246537
german,random_forest,age_lt_25,equalized_odds_violation,0.11,0.2894736842105263,38,0.18793674233545182,0.09795962568927197,0.18262439807383624,0.0571428571428571,0.37587412587412594,0.7571929824561403,0.024684511633578498,0.7932832080200501,0.02566702560120279,25.105263157894736,14.0,11.105263157894736,0.4113573407202216,0.5886426592797784
german,random_forest,age_lt_25,equalized_odds_violation,0.12,0.3157894736842105,38,0.18793674233545182,0.09795962568927197,0.18262439807383624,0.0571428571428571,0.37587412587412594,0.7571929824561403,0.024684511633578498,0.7932832080200501,0.02566702560120279,25.105263157894736,14.0,11.105263157894736,0.43213296398891965,0.5678670360110804
german,random_forest,age_lt_25,equalized_odds_violation,0.13,0.34210526315789475,38,0.18793674233545182,0.09795962568927197,0.18262439807383624,0.0571428571428571,0.37587412587412594,0.7571929824561403,0.024684511633578498,0.7932832080200501,0.02566702560120279,25.105263157894736,14.0,11.105263157894736,0.4501385041551247,0.5498614958448753
german,random_forest,age_lt_25,equalized_odds_violation,0.14,0.34210526315789475,38,0.18793674233545182,0.09795962568927197,0.18262439807383624,0.0571428571428571,0.37587412587412594,0.7571929824561403,0.024684511633578498,0.7932832080200501,0.02566702560120279,25.105263157894736,14.0,11.105263157894736,0.4501385041551247,0.5498614958448753
german,random_forest,age_lt_25,equalized_odds_violation,0.15,0.4473684210526316,38,0.18793674233545182,0.09795962568927197,0.18262439807383624,0.0571428571428571,0.37587412587412594,0.7571929824561403,0.024684511633578498,0.7932832080200501,0.02566702560120279,25.105263157894736,14.0,11.105263157894736,0.4944598337950138,0.5055401662049862
german,random_forest,age_lt_25,equalized_odds_violation,0.16,0.4473684210526316,38,0.18793674233545182,0.09795962568927197,0.18262439807383624,0.0571428571428571,0.37587412587412594,0.7571929824561403,0.024684511633578498,0.7932832080200501,0.02566702560120279,25.105263157894736,14.0,11.105263157894736,0.4944598337950138,0.5055401662049862
german,random_forest,age_lt_25,equalized_odds_violation,0.17,0.4473684210526316,38,0.18793674233545182,0.09795962568927197,0.18262439807383624,0.0571428571428571,0.37587412587412594,0.7571929824561403,0.024684511633578498,0.7932832080200501,0.02566702560120279,25.105263157894736,14.0,11.105263157894736,0.4944598337950138,0.5055401662049862
german,random_forest,age_lt_25,equalized_odds_violation,0.18,0.5,38,0.18793674233545182,0.09795962568927197,0.18262439807383624,0.0571428571428571,0.37587412587412594,0.7571929824561403,0.024684511633578498,0.7932832080200501,0.02566702560120279,25.105263157894736,14.0,11.105263157894736,0.5,0.5
german,random_forest,age_lt_25,equalized_odds_violation,0.19,0.5,38,0.18793674233545182,0.09795962568927197,0.18262439807383624,0.0571428571428571,0.37587412587412594,0.7571929824561403,0.024684511633578498,0.7932832080200501,0.02566702560120279,25.105263157894736,14.0,11.105263157894736,0.5,0.5
german,random_forest,age_lt_25,equalized_odds_violation,0.2,0.5526315789473685,38,0.18793674233545182,0.09795962568927197,0.18262439807383624,0.0571428571428571,0.37587412587412594,0.7571929824561403,0.024684511633578498,0.7932832080200501,0.02566702560120279,25.105263157894736,14.0,11.105263157894736,0.49445983379501385,0.5055401662049861
german,random_forest,age_lt_25,equalized_odds_violation,0.21,0.5789473684210527,38,0.18793674233545182,0.09795962568927197,0.18262439807383624,0.0571428571428571,0.37587412587412594,0.7571929824561403,0.024684511633578498,0.7932832080200501,0.02566702560120279,25.105263157894736,14.0,11.105263157894736,0.48753462603878117,0.5124653739612188
german,random_forest,age_lt_25,equalized_odds_violation,0.22,0.6052631578947368,38,0.18793674233545182,0.09795962568927197,0.18262439807383624,0.0571428571428571,0.37587412587412594,0.7571929824561403,0.024684511633578498,0.7932832080200501,0.02566702560120279,25.105263157894736,14.0,11.105263157894736,0.4778393351800554,0.5221606648199446
german,random_forest,age_lt_25,equalized_odds_violation,0.23,0.6578947368421053,38,0.18793674233545182,0.09795962568927197,0.18262439807383624,0.0571428571428571,0.37587412587412594,0.7571929824561403,0.024684511633578498,0.7932832080200501,0.02566702560120279,25.105263157894736,14.0,11.105263157894736,0.45013850415512463,0.5498614958448753
german,random_forest,age_lt_25,equalized_odds_violation,0.24,0.7368421052631579,38,0.18793674233545182,0.09795962568927197,0.18262439807383624,0.0571428571428571,0.37587412587412594,0.7571929824561403,0.024684511633578498,0.7932832080200501,0.02566702560120279,25.105263157894736,14.0,11.105263157894736,0.3878116343490305,0.6121883656509695
german,random_forest,age_lt_25,equalized_odds_violation,0.25,0.7894736842105263,38,0.18793674233545182,0.09795962568927197,0.18262439807383624,0.0571428571428571,0.37587412587412594,0.7571929824561403,0.024684511633578498,0.7932832080200501,0.02566702560120279,25.105263157894736,14.0,11.105263157894736,0.33240997229916897,0.6675900277008311
german,random_forest,age_lt_25,equalized_odds_violation,0.26,0.8157894736842105,38,0.18793674233545182,0.09795962568927197,0.18262439807383624,0.0571428571428571,0.37587412587412594,0.7571929824561403,0.024684511633578498,0.7932832080200501,0.02566702560120279,25.105263157894736,14.0,11.105263157894736,0.30055401662049863,0.6994459833795014
german,random_forest,age_lt_25,equalized_odds_violation,0.27,0.8421052631578947,38,0.18793674233545182,0.09795962568927197,0.18262439807383624,0.0571428571428571,0.37587412587412594,0.7571929824561403,0.024684511633578498,0.7932832080200501,0.02566702560120279,25.105263157894736,14.0,11.105263157894736,0.26592797783933525,0.7340720221606647
german,random_forest,age_lt_25,equalized_odds_violation,0.28,0.8421052631578947,38,0.18793674233545182,0.09795962568927197,0.18262439807383624,0.0571428571428571,0.37587412587412594,0.7571929824561403,0.024684511633578498,0.7932832080200501,0.02566702560120279,25.105263157894736,14.0,11.105263157894736,0.26592797783933525,0.7340720221606647
german,random_forest,age_lt_25,equalized_odds_violation,0.29,0.868421052631579,38,0.18793674233545182,0.09795962568927197,0.18262439807383624,0.0571428571428571,0.37587412587412594,0.7571929824561403,0.024684511633578498,0.7932832080200501,0.02566702560120279,25.105263157894736,14.0,11.105263157894736,0.22853185595567863,0.7714681440443214
german,random_forest,age_lt_25,equalized_odds_violation,0.3,0.868421052631579,38,0.18793674233545182,0.09795962568927197,0.18262439807383624,0.0571428571428571,0.37587412587412594,0.7571929824561403,0.024684511633578498,0.7932832080200501,0.02566702560120279,25.105263157894736,14.0,11.105263157894736,0.22853185595567863,0.7714681440443214
german,random_forest,sex,dpd_violation,0.0,0.0,100,0.0824658660268564,0.04913776272165252,0.0732026143790849,0.011274714735392384,0.1620097117794487,0.7548,0.024243063964623297,0.789310052910053,0.03156103788977713,45.71,29.81,15.88,0.0,1.0
german,random_forest,sex,dpd_violation,0.01,0.04,100,0.0824658660268564,0.04913776272165252,0.0732026143790849,0.011274714735392384,0.1620097117794487,0.7548,0.024243063964623297,0.789310052910053,0.03156103788977713,45.71,29.81,15.88,0.0768,0.9232
german,random_forest,sex,dpd_violation,0.02,0.09,100,0.0824658660268564,0.04913776272165252,0.0732026143790849,0.011274714735392384,0.1620097117794487,0.7548,0.024243063964623297,0.789310052910053,0.03156103788977713,45.71,29.81,15.88,0.1638,0.8362
german,random_forest,sex,dpd_violation,0.03,0.16,100,0.0824658660268564,0.04913776272165252,0.0732026143790849,0.011274714735392384,0.1620097117794487,0.7548,0.024243063964623297,0.789310052910053,0.03156103788977713,45.71,29.81,15.88,0.2688,0.7312000000000001
german,random_forest,sex,dpd_violation,0.04,0.21,100,0.0824658660268564,0.04913776272165252,0.0732026143790849,0.011274714735392384,0.1620097117794487,0.7548,0.024243063964623297,0.789310052910053,0.03156103788977713,45.71,29.81,15.88,0.3318,0.6682
german,random_forest,sex,dpd_violation,0.05,0.32,100,0.0824658660268564,0.04913776272165252,0.0732026143790849,0.011274714735392384,0.1620097117794487,0.7548,0.024243063964623297,0.789310052910053,0.03156103788977713,45.71,29.81,15.88,0.4352,0.5648
german,random_forest,sex,dpd_violation,0.06,0.35,100,0.0824658660268564,0.04913776272165252,0.0732026143790849,0.011274714735392384,0.1620097117794487,0.7548,0.024243063964623297,0.789310052910053,0.03156103788977713,45.71,29.81,15.88,0.45499999999999996,0.545
german,random_forest,sex,dpd_violation,0.07,0.47,100,0.0824658660268564,0.04913776272165252,0.0732026143790849,0.011274714735392384,0.1620097117794487,0.7548,0.024243063964623297,0.789310052910053,0.03156103788977713,45.71,29.81,15.88,0.4982,0.5018
german,random_forest,sex,dpd_violation,0.08,0.54,100,0.0824658660268564,0.04913776272165252,0.0732026143790849,0.011274714735392384,0.1620097117794487,0.7548,0.024243063964623297,0.789310052910053,0.03156103788977713,45.71,29.81,15.88,0.4968,0.5032
german,random_forest,sex,dpd_violation,0.09,0.61,100,0.0824658660268564,0.04913776272165252,0.0732026143790849,0.011274714735392384,0.1620097117794487,0.7548,0.024243063964623297,0.789310052910053,0.03156103788977713,45.71,29.81,15.88,0.4758,0.5242
german,random_forest,sex,dpd_violation,0.1,0.66,100,0.0824658660268564,0.04913776272165252,0.0732026143790849,0.011274714735392384,0.1620097117794487,0.7548,0.024243063964623297,0.789310052910053,0.03156103788977713,45.71,29.81,15.88,0.4488,0.5512
german,random_forest,sex,dpd_violation,0.11,0.72,100,0.0824658660268564,0.04913776272165252,0.0732026143790849,0.011274714735392384,0.1620097117794487,0.7548,0.024243063964623297,0.789310052910053,0.03156103788977713,45.71,29.81,15.88,0.4032,0.5968
german,random_forest,sex,dpd_violation,0.12,0.76,100,0.0824658660268564,0.04913776272165252,0.0732026143790849,0.011274714735392384,0.1620097117794487,0.7548,0.024243063964623297,0.789310052910053,0.03156103788977713,45.71,29.81,15.88,0.3648,0.6352
german,random_forest,sex,dpd_violation,0.13,0.8,100,0.0824658660268564,0.04913776272165252,0.0732026143790849,0.011274714735392384,0.1620097117794487,0.7548,0.024243063964623297,0.789310052910053,0.03156103788977713,45.71,29.81,15.88,0.31999999999999995,0.68
german,random_forest,sex,dpd_violation,0.14,0.84,100,0.0824658660268564,0.04913776272165252,0.0732026143790849,0.011274714735392384,0.1620097117794487,0.7548,0.024243063964623297,0.789310052910053,0.03156103788977713,45.71,29.81,15.88,0.26880000000000004,0.7312
german,random_forest,sex,dpd_violation,0.15,0.91,100,0.0824658660268564,0.04913776272165252,0.0732026143790849,0.011274714735392384,0.1620097117794487,0.7548,0.024243063964623297,0.789310052910053,0.03156103788977713,45.71,29.81,15.88,0.16379999999999995,0.8362
german,random_forest,sex,dpd_violation,0.16,0.94,100,0.0824658660268564,0.04913776272165252,0.0732026143790849,0.011274714735392384,0.1620097117794487,0.7548,0.024243063964623297,0.789310052910053,0.03156103788977713,45.71,29.81,15.88,0.1128000000000001,0.8871999999999999
german,random_forest,sex,dpd_violation,0.17,0.96,100,0.0824658660268564,0.04913776272165252,0.0732026143790849,0.011274714735392384,0.1620097117794487,0.7548,0.024243063964623297,0.789310052910053,0.03156103788977713,45.71,29.81,15.88,0.07680000000000006,0.9231999999999999
german,random_forest,sex,dpd_violation,0.18,0.98,100,0.0824658660268564,0.04913776272165252,0.0732026143790849,0.011274714735392384,0.1620097117794487,0.7548,0.024243063964623297,0.789310052910053,0.03156103788977713,45.71,29.81,15.88,0.03920000000000003,0.9608
german,random_forest,sex,dpd_violation,0.19,0.98,100,0.0824658660268564,0.04913776272165252,0.0732026143790849,0.011274714735392384,0.1620097117794487,0.7548,0.024243063964623297,0.789310052910053,0.03156103788977713,45.71,29.81,15.88,0.03920000000000003,0.9608
german,random_forest,sex,dpd_violation,0.2,0.99,100,0.0824658660268564,0.04913776272165252,0.0732026143790849,0.011274714735392384,0.1620097117794487,0.7548,0.024243063964623297,0.789310052910053,0.03156103788977713,45.71,29.81,15.88,0.01980000000000002,0.9802
german,random_forest,sex,dpd_violation,0.21,0.99,100,0.0824658660268564,0.04913776272165252,0.0732026143790849,0.011274714735392384,0.1620097117794487,0.7548,0.024243063964623297,0.789310052910053,0.03156103788977713,45.71,29.81,15.88,0.01980000000000002,0.9802
german,random_forest,sex,dpd_violation,0.22,0.99,100,0.0824658660268564,0.04913776272165252,0.0732026143790849,0.011274714735392384,0.1620097117794487,0.7548,0.024243063964623297,0.789310052910053,0.03156103788977713,45.71,29.81,15.88,0.01980000000000002,0.9802
german,random_forest,sex,dpd_violation,0.23,1.0,100,0.0824658660268564,0.04913776272165252,0.0732026143790849,0.011274714735392384,0.1620097117794487,0.7548,0.024243063964623297,0.789310052910053,0.03156103788977713,45.71,29.81,15.88,0.0,1.0
german,random_forest,sex,dpd_violation,0.24,1.0,100,0.0824658660268564,0.04913776272165252,0.0732026143790849,0.011274714735392384,0.1620097117794487,0.7548,0.024243063964623297,0.789310052910053,0.03156103788977713,45.71,29.81,15.88,0.0,1.0
german,random_forest,sex,dpd_violation,0.25,1.0,100,0.0824658660268564,0.04913776272165252,0.0732026143790849,0.011274714735392384,0.1620097117794487,0.7548,0.024243063964623297,0.789310052910053,0.03156103788977713,45.71,29.81,15.88,0.0,1.0
german,random_forest,sex,dpd_violation,0.26,1.0,100,0.0824658660268564,0.04913776272165252,0.0732026143790849,0.011274714735392384,0.1620097117794487,0.7548,0.024243063964623297,0.789310052910053,0.03156103788977713,45.71,29.81,15.88,0.0,1.0
german,random_forest,sex,dpd_violation,0.27,1.0,100,0.0824658660268564,0.04913776272165252,0.0732026143790849,0.011274714735392384,0.1620097117794487,0.7548,0.024243063964623297,0.789310052910053,0.03156103788977713,45.71,29.81,15.88,0.0,1.0
german,random_forest,sex,dpd_violation,0.28,1.0,100,0.0824658660268564,0.04913776272165252,0.0732026143790849,0.011274714735392384,0.1620097117794487,0.7548,0.024243063964623297,0.789310052910053,0.03156103788977713,45.71,29.81,15.88,0.0,1.0
german,random_forest,sex,dpd_violation,0.29,1.0,100,0.0824658660268564,0.04913776272165252,0.0732026143790849,0.011274714735392384,0.1620097117794487,0.7548,0.024243063964623297,0.789310052910053,0.03156103788977713,45.71,29.81,15.88,0.0,1.0
german,random_forest,sex,dpd_violation,0.3,1.0,100,0.0824658660268564,0.04913776272165252,0.0732026143790849,0.011274714735392384,0.1620097117794487,0.7548,0.024243063964623297,0.789310052910053,0.03156103788977713,45.71,29.81,15.88,0.0,1.0
german,random_forest,sex,dpr_violation,0.0,0.0,100,0.09381042368374654,0.05467395851946259,0.0866763565891472,0.013293553097382671,0.18143896976483764,0.7548,0.024243063964623297,0.789310052910053,0.03156103788977713,45.71,29.81,15.88,0.0,1.0
german,random_forest,sex,dpr_violation,0.010000000000000009,0.03,100,0.09381042368374654,0.05467395851946259,0.0866763565891472,0.013293553097382671,0.18143896976483764,0.7548,0.024243063964623297,0.789310052910053,0.03156103788977713,45.71,29.81,15.88,0.058199999999999995,0.9418
german,random_forest,sex,dpr_violation,0.020000000000000018,0.08,100,0.09381042368374654,0.05467395851946259,0.0866763565891472,0.013293553097382671,0.18143896976483764,0.7548,0.024243063964623297,0.789310052910053,0.03156103788977713,45.71,29.81,15.88,0.1472,0.8528
german,random_forest,sex,dpr_violation,0.030000000000000027,0.14,100,0.09381042368374654,0.05467395851946259,0.0866763565891472,0.013293553097382671,0.18143896976483764,0.7548,0.024243063964623297,0.789310052910053,0.03156103788977713,45.71,29.81,15.88,0.24080000000000001,0.7592
german,random_forest,sex,dpr_violation,0.040000000000000036,0.18,100,0.09381042368374654,0.05467395851946259,0.0866763565891472,0.013293553097382671,0.18143896976483764,0.7548,0.024243063964623297,0.789310052910053,0.03156103788977713,45.71,29.81,15.88,0.2952,0.7048
german,random_forest,sex,dpr_violation,0.050000000000000044,0.24,100,0.09381042368374654,0.05467395851946259,0.0866763565891472,0.013293553097382671,0.18143896976483764,0.7548,0.024243063964623297,0.789310052910053,0.03156103788977713,45.71,29.81,15.88,0.3648,0.6352
german,random_forest,sex,dpr_violation,0.06000000000000005,0.32,100,0.09381042368374654,0.05467395851946259,0.0866763565891472,0.013293553097382671,0.18143896976483764,0.7548,0.024243063964623297,0.789310052910053,0.03156103788977713,45.71,29.81,15.88,0.4352,0.5648
german,random_forest,sex,dpr_violation,0.06999999999999995,0.37,100,0.09381042368374654,0.05467395851946259,0.0866763565891472,0.013293553097382671,0.18143896976483764,0.7548,0.024243063964623297,0.789310052910053,0.03156103788977713,45.71,29.81,15.88,0.4662,0.5338
german,random_forest,sex,dpr_violation,0.07999999999999996,0.46,100,0.09381042368374654,0.05467395851946259,0.0866763565891472,0.013293553097382671,0.18143896976483764,0.7548,0.024243063964623297,0.789310052910053,0.03156103788977713,45.71,29.81,15.88,0.4968000000000001,0.5031999999999999
german,random_forest,sex,dpr_violation,0.08999999999999997,0.52,100,0.09381042368374654,0.05467395851946259,0.0866763565891472,0.013293553097382671,0.18143896976483764,0.7548,0.024243063964623297,0.789310052910053,0.03156103788977713,45.71,29.81,15.88,0.4992,0.5008
german,random_forest,sex,dpr_violation,0.09999999999999998,0.58,100,0.09381042368374654,0.05467395851946259,0.0866763565891472,0.013293553097382671,0.18143896976483764,0.7548,0.024243063964623297,0.789310052910053,0.03156103788977713,45.71,29.81,15.88,0.4872,0.5127999999999999
german,random_forest,sex,dpr_violation,0.10999999999999999,0.63,100,0.09381042368374654,0.05467395851946259,0.0866763565891472,0.013293553097382671,0.18143896976483764,0.7548,0.024243063964623297,0.789310052910053,0.03156103788977713,45.71,29.81,15.88,0.4662,0.5338
german,random_forest,sex,dpr_violation,0.12,0.67,100,0.09381042368374654,0.05467395851946259,0.0866763565891472,0.013293553097382671,0.18143896976483764,0.7548,0.024243063964623297,0.789310052910053,0.03156103788977713,45.71,29.81,15.88,0.4422,0.5578000000000001
german,random_forest,sex,dpr_violation,0.13,0.73,100,0.09381042368374654,0.05467395851946259,0.0866763565891472,0.013293553097382671,0.18143896976483764,0.7548,0.024243063964623297,0.789310052910053,0.03156103788977713,45.71,29.81,15.88,0.3942,0.6058
german,random_forest,sex,dpr_violation,0.14,0.76,100,0.09381042368374654,0.05467395851946259,0.0866763565891472,0.013293553097382671,0.18143896976483764,0.7548,0.024243063964623297,0.789310052910053,0.03156103788977713,45.71,29.81,15.88,0.3648,0.6352
german,random_forest,sex,dpr_violation,0.15000000000000002,0.82,100,0.09381042368374654,0.05467395851946259,0.0866763565891472,0.013293553097382671,0.18143896976483764,0.7548,0.024243063964623297,0.789310052910053,0.03156103788977713,45.71,29.81,15.88,0.2952000000000001,0.7047999999999999
german,random_forest,sex,dpr_violation,0.16000000000000003,0.86,100,0.09381042368374654,0.05467395851946259,0.0866763565891472,0.013293553097382671,0.18143896976483764,0.7548,0.024243063964623297,0.789310052910053,0.03156103788977713,45.71,29.81,15.88,0.24080000000000001,0.7592
german,random_forest,sex,dpr_violation,0.17000000000000004,0.89,100,0.09381042368374654,0.05467395851946259,0.0866763565891472,0.013293553097382671,0.18143896976483764,0.7548,0.024243063964623297,0.789310052910053,0.03156103788977713,45.71,29.81,15.88,0.19579999999999997,0.8042
german,random_forest,sex,dpr_violation,0.18000000000000005,0.94,100,0.09381042368374654,0.05467395851946259,0.0866763565891472,0.013293553097382671,0.18143896976483764,0.7548,0.024243063964623297,0.789310052910053,0.03156103788977713,45.71,29.81,15.88,0.1128000000000001,0.8871999999999999
german,random_forest,sex,dpr_violation,0.18999999999999995,0.95,100,0.09381042368374654,0.05467395851946259,0.0866763565891472,0.013293553097382671,0.18143896976483764,0.7548,0.024243063964623297,0.789310052910053,0.03156103788977713,45.71,29.81,15.88,0.09500000000000008,0.9049999999999999
german,random_forest,sex,dpr_violation,0.19999999999999996,0.97,100,0.09381042368374654,0.05467395851946259,0.0866763565891472,0.013293553097382671,0.18143896976483764,0.7548,0.024243063964623297,0.789310052910053,0.03156103788977713,45.71,29.81,15.88,0.05820000000000005,0.9418
german,random_forest,sex,dpr_violation,0.20999999999999996,0.98,100,0.09381042368374654,0.05467395851946259,0.0866763565891472,0.013293553097382671,0.18143896976483764,0.7548,0.024243063964623297,0.789310052910053,0.03156103788977713,45.71,29.81,15.88,0.03920000000000003,0.9608
german,random_forest,sex,dpr_violation,0.21999999999999997,0.98,100,0.09381042368374654,0.05467395851946259,0.0866763565891472,0.013293553097382671,0.18143896976483764,0.7548,0.024243063964623297,0.789310052910053,0.03156103788977713,45.71,29.81,15.88,0.03920000000000003,0.9608
german,random_forest,sex,dpr_violation,0.22999999999999998,0.99,100,0.09381042368374654,0.05467395851946259,0.0866763565891472,0.013293553097382671,0.18143896976483764,0.7548,0.024243063964623297,0.789310052910053,0.03156103788977713,45.71,29.81,15.88,0.01980000000000002,0.9802
german,random_forest,sex,dpr_violation,0.24,0.99,100,0.09381042368374654,0.05467395851946259,0.0866763565891472,0.013293553097382671,0.18143896976483764,0.7548,0.024243063964623297,0.789310052910053,0.03156103788977713,45.71,29.81,15.88,0.01980000000000002,0.9802
german,random_forest,sex,dpr_violation,0.25,1.0,100,0.09381042368374654,0.05467395851946259,0.0866763565891472,0.013293553097382671,0.18143896976483764,0.7548,0.024243063964623297,0.789310052910053,0.03156103788977713,45.71,29.81,15.88,0.0,1.0
german,random_forest,sex,dpr_violation,0.26,1.0,100,0.09381042368374654,0.05467395851946259,0.0866763565891472,0.013293553097382671,0.18143896976483764,0.7548,0.024243063964623297,0.789310052910053,0.03156103788977713,45.71,29.81,15.88,0.0,1.0
german,random_forest,sex,dpr_violation,0.27,1.0,100,0.09381042368374654,0.05467395851946259,0.0866763565891472,0.013293553097382671,0.18143896976483764,0.7548,0.024243063964623297,0.789310052910053,0.03156103788977713,45.71,29.81,15.88,0.0,1.0
german,random_forest,sex,dpr_violation,0.28,1.0,100,0.09381042368374654,0.05467395851946259,0.0866763565891472,0.013293553097382671,0.18143896976483764,0.7548,0.024243063964623297,0.789310052910053,0.03156103788977713,45.71,29.81,15.88,0.0,1.0
german,random_forest,sex,dpr_violation,0.29000000000000004,1.0,100,0.09381042368374654,0.05467395851946259,0.0866763565891472,0.013293553097382671,0.18143896976483764,0.7548,0.024243063964623297,0.789310052910053,0.03156103788977713,45.71,29.81,15.88,0.0,1.0
german,random_forest,sex,dpr_violation,0.30000000000000004,1.0,100,0.09381042368374654,0.05467395851946259,0.0866763565891472,0.013293553097382671,0.18143896976483764,0.7548,0.024243063964623297,0.789310052910053,0.03156103788977713,45.71,29.81,15.88,0.0,1.0
german,random_forest,sex,dpr_violation,0.31000000000000005,1.0,100,0.09381042368374654,0.05467395851946259,0.0866763565891472,0.013293553097382671,0.18143896976483764,0.7548,0.024243063964623297,0.789310052910053,0.03156103788977713,45.71,29.81,15.88,0.0,1.0
german,random_forest,sex,dpr_violation,0.31999999999999995,1.0,100,0.09381042368374654,0.05467395851946259,0.0866763565891472,0.013293553097382671,0.18143896976483764,0.7548,0.024243063964623297,0.789310052910053,0.03156103788977713,45.71,29.81,15.88,0.0,1.0
german,random_forest,sex,dpr_violation,0.32999999999999996,1.0,100,0.09381042368374654,0.05467395851946259,0.0866763565891472,0.013293553097382671,0.18143896976483764,0.7548,0.024243063964623297,0.789310052910053,0.03156103788977713,45.71,29.81,15.88,0.0,1.0
german,random_forest,sex,dpr_violation,0.33999999999999997,1.0,100,0.09381042368374654,0.05467395851946259,0.0866763565891472,0.013293553097382671,0.18143896976483764,0.7548,0.024243063964623297,0.789310052910053,0.03156103788977713,45.71,29.81,15.88,0.0,1.0
german,random_forest,sex,dpr_violation,0.35,1.0,100,0.09381042368374654,0.05467395851946259,0.0866763565891472,0.013293553097382671,0.18143896976483764,0.7548,0.024243063964623297,0.789310052910053,0.03156103788977713,45.71,29.81,15.88,0.0,1.0
german,random_forest,sex,dpr_violation,0.36,1.0,100,0.09381042368374654,0.05467395851946259,0.0866763565891472,0.013293553097382671,0.18143896976483764,0.7548,0.024243063964623297,0.789310052910053,0.03156103788977713,45.71,29.81,15.88,0.0,1.0
german,random_forest,sex,dpr_violation,0.37,1.0,100,0.09381042368374654,0.05467395851946259,0.0866763565891472,0.013293553097382671,0.18143896976483764,0.7548,0.024243063964623297,0.789310052910053,0.03156103788977713,45.71,29.81,15.88,0.0,1.0
german,random_forest,sex,dpr_violation,0.38,1.0,100,0.09381042368374654,0.05467395851946259,0.0866763565891472,0.013293553097382671,0.18143896976483764,0.7548,0.024243063964623297,0.789310052910053,0.03156103788977713,45.71,29.81,15.88,0.0,1.0
german,random_forest,sex,dpr_violation,0.39,1.0,100,0.09381042368374654,0.05467395851946259,0.0866763565891472,0.013293553097382671,0.18143896976483764,0.7548,0.024243063964623297,0.789310052910053,0.03156103788977713,45.71,29.81,15.88,0.0,1.0
german,random_forest,sex,dpr_violation,0.4,1.0,100,0.09381042368374654,0.05467395851946259,0.0866763565891472,0.013293553097382671,0.18143896976483764,0.7548,0.024243063964623297,0.789310052910053,0.03156103788977713,45.71,29.81,15.88,0.0,1.0
german,random_forest,sex,eod_violation,0.0,0.0,100,0.050527124241476595,0.03636938775582513,0.0461390346435913,0.003704176933257265,0.11334469309018606,0.7548,0.024243063964623297,0.789310052910053,0.03156103788977713,45.71,29.81,15.88,0.0,1.0
german,random_forest,sex,eod_violation,0.01,0.13,100,0.050527124241476595,0.03636938775582513,0.0461390346435913,0.003704176933257265,0.11334469309018606,0.7548,0.024243063964623297,0.789310052910053,0.03156103788977713,45.71,29.81,15.88,0.2262,0.7738
german,random_forest,sex,eod_violation,0.02,0.24,100,0.050527124241476595,0.03636938775582513,0.0461390346435913,0.003704176933257265,0.11334469309018606,0.7548,0.024243063964623297,0.789310052910053,0.03156103788977713,45.71,29.81,15.88,0.3648,0.6352
german,random_forest,sex,eod_violation,0.03,0.31,100,0.050527124241476595,0.03636938775582513,0.0461390346435913,0.003704176933257265,0.11334469309018606,0.7548,0.024243063964623297,0.789310052910053,0.03156103788977713,45.71,29.81,15.88,0.42779999999999996,0.5722
german,random_forest,sex,eod_violation,0.04,0.45,100,0.050527124241476595,0.03636938775582513,0.0461390346435913,0.003704176933257265,0.11334469309018606,0.7548,0.024243063964623297,0.789310052910053,0.03156103788977713,45.71,29.81,15.88,0.49500000000000005,0.5049999999999999
german,random_forest,sex,eod_violation,0.05,0.55,100,0.050527124241476595,0.03636938775582513,0.0461390346435913,0.003704176933257265,0.11334469309018606,0.7548,0.024243063964623297,0.789310052910053,0.03156103788977713,45.71,29.81,15.88,0.495,0.505
german,random_forest,sex,eod_violation,0.06,0.68,100,0.050527124241476595,0.03636938775582513,0.0461390346435913,0.003704176933257265,0.11334469309018606,0.7548,0.024243063964623297,0.789310052910053,0.03156103788977713,45.71,29.81,15.88,0.4352,0.5648
german,random_forest,sex,eod_violation,0.07,0.72,100,0.050527124241476595,0.03636938775582513,0.0461390346435913,0.003704176933257265,0.11334469309018606,0.7548,0.024243063964623297,0.789310052910053,0.03156103788977713,45.71,29.81,15.88,0.4032,0.5968
german,random_forest,sex,eod_violation,0.08,0.81,100,0.050527124241476595,0.03636938775582513,0.0461390346435913,0.003704176933257265,0.11334469309018606,0.7548,0.024243063964623297,0.789310052910053,0.03156103788977713,45.71,29.81,15.88,0.3077999999999999,0.6922000000000001
german,random_forest,sex,eod_violation,0.09,0.84,100,0.050527124241476595,0.03636938775582513,0.0461390346435913,0.003704176933257265,0.11334469309018606,0.7548,0.024243063964623297,0.789310052910053,0.03156103788977713,45.71,29.81,15.88,0.26880000000000004,0.7312
german,random_forest,sex,eod_violation,0.1,0.89,100,0.050527124241476595,0.03636938775582513,0.0461390346435913,0.003704176933257265,0.11334469309018606,0.7548,0.024243063964623297,0.789310052910053,0.03156103788977713,45.71,29.81,15.88,0.19579999999999997,0.8042
german,random_forest,sex,eod_violation,0.11,0.94,100,0.050527124241476595,0.03636938775582513,0.0461390346435913,0.003704176933257265,0.11334469309018606,0.7548,0.024243063964623297,0.789310052910053,0.03156103788977713,45.71,29.81,15.88,0.1128000000000001,0.8871999999999999
german,random_forest,sex,eod_violation,0.12,0.95,100,0.050527124241476595,0.03636938775582513,0.0461390346435913,0.003704176933257265,0.11334469309018606,0.7548,0.024243063964623297,0.789310052910053,0.03156103788977713,45.71,29.81,15.88,0.09500000000000008,0.9049999999999999
german,random_forest,sex,eod_violation,0.13,0.96,100,0.050527124241476595,0.03636938775582513,0.0461390346435913,0.003704176933257265,0.11334469309018606,0.7548,0.024243063964623297,0.789310052910053,0.03156103788977713,45.71,29.81,15.88,0.07680000000000006,0.9231999999999999
german,random_forest,sex,eod_violation,0.14,0.97,100,0.050527124241476595,0.03636938775582513,0.0461390346435913,0.003704176933257265,0.11334469309018606,0.7548,0.024243063964623297,0.789310052910053,0.03156103788977713,45.71,29.81,15.88,0.05820000000000005,0.9418
german,random_forest,sex,eod_violation,0.15,0.99,100,0.050527124241476595,0.03636938775582513,0.0461390346435913,0.003704176933257265,0.11334469309018606,0.7548,0.024243063964623297,0.789310052910053,0.03156103788977713,45.71,29.81,15.88,0.01980000000000002,0.9802
german,random_forest,sex,eod_violation,0.16,0.99,100,0.050527124241476595,0.03636938775582513,0.0461390346435913,0.003704176933257265,0.11334469309018606,0.7548,0.024243063964623297,0.789310052910053,0.03156103788977713,45.71,29.81,15.88,0.01980000000000002,0.9802
german,random_forest,sex,eod_violation,0.17,0.99,100,0.050527124241476595,0.03636938775582513,0.0461390346435913,0.003704176933257265,0.11334469309018606,0.7548,0.024243063964623297,0.789310052910053,0.03156103788977713,45.71,29.81,15.88,0.01980000000000002,0.9802
german,random_forest,sex,eod_violation,0.18,1.0,100,0.050527124241476595,0.03636938775582513,0.0461390346435913,0.003704176933257265,0.11334469309018606,0.7548,0.024243063964623297,0.789310052910053,0.03156103788977713,45.71,29.81,15.88,0.0,1.0
german,random_forest,sex,eod_violation,0.19,1.0,100,0.050527124241476595,0.03636938775582513,0.0461390346435913,0.003704176933257265,0.11334469309018606,0.7548,0.024243063964623297,0.789310052910053,0.03156103788977713,45.71,29.81,15.88,0.0,1.0
german,random_forest,sex,eod_violation,0.2,1.0,100,0.050527124241476595,0.03636938775582513,0.0461390346435913,0.003704176933257265,0.11334469309018606,0.7548,0.024243063964623297,0.789310052910053,0.03156103788977713,45.71,29.81,15.88,0.0,1.0
german,random_forest,sex,eod_violation,0.21,1.0,100,0.050527124241476595,0.03636938775582513,0.0461390346435913,0.003704176933257265,0.11334469309018606,0.7548,0.024243063964623297,0.789310052910053,0.03156103788977713,45.71,29.81,15.88,0.0,1.0
german,random_forest,sex,eod_violation,0.22,1.0,100,0.050527124241476595,0.03636938775582513,0.0461390346435913,0.003704176933257265,0.11334469309018606,0.7548,0.024243063964623297,0.789310052910053,0.03156103788977713,45.71,29.81,15.88,0.0,1.0
german,random_forest,sex,eod_violation,0.23,1.0,100,0.050527124241476595,0.03636938775582513,0.0461390346435913,0.003704176933257265,0.11334469309018606,0.7548,0.024243063964623297,0.789310052910053,0.03156103788977713,45.71,29.81,15.88,0.0,1.0
german,random_forest,sex,eod_violation,0.24,1.0,100,0.050527124241476595,0.03636938775582513,0.0461390346435913,0.003704176933257265,0.11334469309018606,0.7548,0.024243063964623297,0.789310052910053,0.03156103788977713,45.71,29.81,15.88,0.0,1.0
german,random_forest,sex,eod_violation,0.25,1.0,100,0.050527124241476595,0.03636938775582513,0.0461390346435913,0.003704176933257265,0.11334469309018606,0.7548,0.024243063964623297,0.789310052910053,0.03156103788977713,45.71,29.81,15.88,0.0,1.0
german,random_forest,sex,eod_violation,0.26,1.0,100,0.050527124241476595,0.03636938775582513,0.0461390346435913,0.003704176933257265,0.11334469309018606,0.7548,0.024243063964623297,0.789310052910053,0.03156103788977713,45.71,29.81,15.88,0.0,1.0
german,random_forest,sex,eod_violation,0.27,1.0,100,0.050527124241476595,0.03636938775582513,0.0461390346435913,0.003704176933257265,0.11334469309018606,0.7548,0.024243063964623297,0.789310052910053,0.03156103788977713,45.71,29.81,15.88,0.0,1.0
german,random_forest,sex,eod_violation,0.28,1.0,100,0.050527124241476595,0.03636938775582513,0.0461390346435913,0.003704176933257265,0.11334469309018606,0.7548,0.024243063964623297,0.789310052910053,0.03156103788977713,45.71,29.81,15.88,0.0,1.0
german,random_forest,sex,eod_violation,0.29,1.0,100,0.050527124241476595,0.03636938775582513,0.0461390346435913,0.003704176933257265,0.11334469309018606,0.7548,0.024243063964623297,0.789310052910053,0.03156103788977713,45.71,29.81,15.88,0.0,1.0
german,random_forest,sex,eod_violation,0.3,1.0,100,0.050527124241476595,0.03636938775582513,0.0461390346435913,0.003704176933257265,0.11334469309018606,0.7548,0.024243063964623297,0.789310052910053,0.03156103788977713,45.71,29.81,15.88,0.0,1.0
german,random_forest,sex,equalized_odds_violation,0.0,0.0,98,0.14614171701181938,0.09584687181531175,0.12114737114737115,0.03586155619918949,0.3344854070660521,0.7551700680272109,0.02430769938681694,0.7898023971493359,0.030942366144109047,45.734693877551024,29.683673469387756,16.03061224489796,0.0,1.0
german,random_forest,sex,equalized_odds_violation,0.01,0.01020408163265306,98,0.14614171701181938,0.09584687181531175,0.12114737114737115,0.03586155619918949,0.3344854070660521,0.7551700680272109,0.02430769938681694,0.7898023971493359,0.030942366144109047,45.734693877551024,29.683673469387756,16.03061224489796,0.020199916701374426,0.9798000832986256
german,random_forest,sex,equalized_odds_violation,0.02,0.01020408163265306,98,0.14614171701181938,0.09584687181531175,0.12114737114737115,0.03586155619918949,0.3344854070660521,0.7551700680272109,0.02430769938681694,0.7898023971493359,0.030942366144109047,45.734693877551024,29.683673469387756,16.03061224489796,0.020199916701374426,0.9798000832986256
german,random_forest,sex,equalized_odds_violation,0.03,0.02040816326530612,98,0.14614171701181938,0.09584687181531175,0.12114737114737115,0.03586155619918949,0.3344854070660521,0.7551700680272109,0.02430769938681694,0.7898023971493359,0.030942366144109047,45.734693877551024,29.683673469387756,16.03061224489796,0.03998334027488546,0.9600166597251145
german,random_forest,sex,equalized_odds_violation,0.04,0.09183673469387756,98,0.14614171701181938,0.09584687181531175,0.12114737114737115,0.03586155619918949,0.3344854070660521,0.7551700680272109,0.02430769938681694,0.7898023971493359,0.030942366144109047,45.734693877551024,29.683673469387756,16.03061224489796,0.16680549770928782,0.8331945022907121
german,random_forest,sex,equalized_odds_violation,0.05,0.14285714285714285,98,0.14614171701181938,0.09584687181531175,0.12114737114737115,0.03586155619918949,0.3344854070660521,0.7551700680272109,0.02430769938681694,0.7898023971493359,0.030942366144109047,45.734693877551024,29.683673469387756,16.03061224489796,0.24489795918367346,0.7551020408163265
german,random_forest,sex,equalized_odds_violation,0.06,0.1836734693877551,98,0.14614171701181938,0.09584687181531175,0.12114737114737115,0.03586155619918949,0.3344854070660521,0.7551700680272109,0.02430769938681694,0.7898023971493359,0.030942366144109047,45.734693877551024,29.683673469387756,16.03061224489796,0.299875052061641,0.700124947938359
german,random_forest,sex,equalized_odds_violation,0.07,0.22448979591836735,98,0.14614171701181938,0.09584687181531175,0.12114737114737115,0.03586155619918949,0.3344854070660521,0.7551700680272109,0.02430769938681694,0.7898023971493359,0.030942366144109047,45.734693877551024,29.683673469387756,16.03061224489796,0.34818825489379424,0.6518117451062058
german,random_forest,sex,equalized_odds_violation,0.08,0.2755102040816326,98,0.14614171701181938,0.09584687181531175,0.12114737114737115,0.03586155619918949,0.3344854070660521,0.7551700680272109,0.02430769938681694,0.7898023971493359,0.030942366144109047,45.734693877551024,29.683673469387756,16.03061224489796,0.39920866305705954,0.6007913369429405
german,random_forest,sex,equalized_odds_violation,0.09,0.30612244897959184,98,0.14614171701181938,0.09584687181531175,0.12114737114737115,0.03586155619918949,0.3344854070660521,0.7551700680272109,0.02430769938681694,0.7898023971493359,0.030942366144109047,45.734693877551024,29.683673469387756,16.03061224489796,0.4248229904206581,0.5751770095793419
german,random_forest,sex,equalized_odds_violation,0.1,0.37755102040816324,98,0.14614171701181938,0.09584687181531175,0.12114737114737115,0.03586155619918949,0.3344854070660521,0.7551700680272109,0.02430769938681694,0.7898023971493359,0.030942366144109047,45.734693877551024,29.683673469387756,16.03061224489796,0.4700124947938359,0.5299875052061641
german,random_forest,sex,equalized_odds_violation,0.11,0.46938775510204084,98,0.14614171701181938,0.09584687181531175,0.12114737114737115,0.03586155619918949,0.3344854070660521,0.7551700680272109,0.02430769938681694,0.7898023971493359,0.030942366144109047,45.734693877551024,29.683673469387756,16.03061224489796,0.4981257809246147,0.5018742190753853
german,random_forest,sex,equalized_odds_violation,0.12,0.47959183673469385,98,0.14614171701181938,0.09584687181531175,0.12114737114737115,0.03586155619918949,0.3344854070660521,0.7551700680272109,0.02430769938681694,0.7898023971493359,0.030942366144109047,45.734693877551024,29.683673469387756,16.03061224489796,0.4991670137442732,0.5008329862557268
german,random_forest,sex,equalized_odds_violation,0.13,0.5510204081632653,98,0.14614171701181938,0.09584687181531175,0.12114737114737115,0.03586155619918949,0.3344854070660521,0.7551700680272109,0.02430769938681694,0.7898023971493359,0.030942366144109047,45.734693877551024,29.683673469387756,16.03061224489796,0.4947938359017076,0.5052061640982923
german,random_forest,sex,equalized_odds_violation,0.14,0.6020408163265306,98,0.14614171701181938,0.09584687181531175,0.12114737114737115,0.03586155619918949,0.3344854070660521,0.7551700680272109,0.02430769938681694,0.7898023971493359,0.030942366144109047,45.734693877551024,29.683673469387756,16.03061224489796,0.4791753436068305,0.5208246563931695
german,random_forest,sex,equalized_odds_violation,0.15,0.6224489795918368,98,0.14614171701181938,0.09584687181531175,0.12114737114737115,0.03586155619918949,0.3344854070660521,0.7551700680272109,0.02430769938681694,0.7898023971493359,0.030942366144109047,45.734693877551024,29.683673469387756,16.03061224489796,0.4700124947938359,0.5299875052061641
german,random_forest,sex,equalized_odds_violation,0.16,0.6530612244897959,98,0.14614171701181938,0.09584687181531175,0.12114737114737115,0.03586155619918949,0.3344854070660521,0.7551700680272109,0.02430769938681694,0.7898023971493359,0.030942366144109047,45.734693877551024,29.683673469387756,16.03061224489796,0.4531445231153686,0.5468554768846314
german,random_forest,sex,equalized_odds_violation,0.17,0.6836734693877551,98,0.14614171701181938,0.09584687181531175,0.12114737114737115,0.03586155619918949,0.3344854070660521,0.7551700680272109,0.02430769938681694,0.7898023971493359,0.030942366144109047,45.734693877551024,29.683673469387756,16.03061224489796,0.4325281132861308,0.5674718867138693
german,random_forest,sex,equalized_odds_violation,0.18,0.7040816326530612,98,0.14614171701181938,0.09584687181531175,0.12114737114737115,0.03586155619918949,0.3344854070660521,0.7551700680272109,0.02430769938681694,0.7898023971493359,0.030942366144109047,45.734693877551024,29.683673469387756,16.03061224489796,0.41670137442732197,0.583298625572678
german,random_forest,sex,equalized_odds_violation,0.19,0.7244897959183674,98,0.14614171701181938,0.09584687181531175,0.12114737114737115,0.03586155619918949,0.3344854070660521,0.7551700680272109,0.02430769938681694,0.7898023971493359,0.030942366144109047,45.734693877551024,29.683673469387756,16.03061224489796,0.39920866305705954,0.6007913369429405
german,random_forest,sex,equalized_odds_violation,0.2,0.7244897959183674,98,0.14614171701181938,0.09584687181531175,0.12114737114737115,0.03586155619918949,0.3344854070660521,0.7551700680272109,0.02430769938681694,0.7898023971493359,0.030942366144109047,45.734693877551024,29.683673469387756,16.03061224489796,0.39920866305705954,0.6007913369429405
german,random_forest,sex,equalized_odds_violation,0.21,0.7551020408163265,98,0.14614171701181938,0.09584687181531175,0.12114737114737115,0.03586155619918949,0.3344854070660521,0.7551700680272109,0.02430769938681694,0.7898023971493359,0.030942366144109047,45.734693877551024,29.683673469387756,16.03061224489796,0.3698458975426906,0.6301541024573094
german,random_forest,sex,equalized_odds_violation,0.22,0.7755102040816326,98,0.14614171701181938,0.09584687181531175,0.12114737114737115,0.03586155619918949,0.3344854070660521,0.7551700680272109,0.02430769938681694,0.7898023971493359,0.030942366144109047,45.734693877551024,29.683673469387756,16.03061224489796,0.3481882548937943,0.6518117451062058
german,random_forest,sex,equalized_odds_violation,0.23,0.7857142857142857,98,0.14614171701181938,0.09584687181531175,0.12114737114737115,0.03586155619918949,0.3344854070660521,0.7551700680272109,0.02430769938681694,0.7898023971493359,0.030942366144109047,45.734693877551024,29.683673469387756,16.03061224489796,0.33673469387755106,0.6632653061224489
german,random_forest,sex,equalized_odds_violation,0.24,0.826530612244898,98,0.14614171701181938,0.09584687181531175,0.12114737114737115,0.03586155619918949,0.3344854070660521,0.7551700680272109,0.02430769938681694,0.7898023971493359,0.030942366144109047,45.734693877551024,29.683673469387756,16.03061224489796,0.28675551853394415,0.7132444814660559
german,random_forest,sex,equalized_odds_violation,0.25,0.8469387755102041,98,0.14614171701181938,0.09584687181531175,0.12114737114737115,0.03586155619918949,0.3344854070660521,0.7551700680272109,0.02430769938681694,0.7898023971493359,0.030942366144109047,45.734693877551024,29.683673469387756,16.03061224489796,0.25926697209496036,0.7407330279050397
german,random_forest,sex,equalized_odds_violation,0.26,0.8877551020408163,98,0.14614171701181938,0.09584687181531175,0.12114737114737115,0.03586155619918949,0.3344854070660521,0.7551700680272109,0.02430769938681694,0.7898023971493359,0.030942366144109047,45.734693877551024,29.683673469387756,16.03061224489796,0.19929196168263225,0.8007080383173677
german,random_forest,sex,equalized_odds_violation,0.27,0.9081632653061225,98,0.14614171701181938,0.09584687181531175,0.12114737114737115,0.03586155619918949,0.3344854070660521,0.7551700680272109,0.02430769938681694,0.7898023971493359,0.030942366144109047,45.734693877551024,29.683673469387756,16.03061224489796,0.1668054977092878,0.8331945022907122
german,random_forest,sex,equalized_odds_violation,0.28,0.9081632653061225,98,0.14614171701181938,0.09584687181531175,0.12114737114737115,0.03586155619918949,0.3344854070660521,0.7551700680272109,0.02430769938681694,0.7898023971493359,0.030942366144109047,45.734693877551024,29.683673469387756,16.03061224489796,0.1668054977092878,0.8331945022907122
german,random_forest,sex,equalized_odds_violation,0.29,0.9285714285714286,98,0.14614171701181938,0.09584687181531175,0.12114737114737115,0.03586155619918949,0.3344854070660521,0.7551700680272109,0.02430769938681694,0.7898023971493359,0.030942366144109047,45.734693877551024,29.683673469387756,16.03061224489796,0.13265306122448975,0.8673469387755103
german,random_forest,sex,equalized_odds_violation,0.3,0.9387755102040817,98,0.14614171701181938,0.09584687181531175,0.12114737114737115,0.03586155619918949,0.3344854070660521,0.7551700680272109,0.02430769938681694,0.7898023971493359,0.030942366144109047,45.734693877551024,29.683673469387756,16.03061224489796,0.11495210329029563,0.8850478967097044
